ACCOUNT_ID,FRAUD_PROBABILITY,PREDICTION,TRUE_LABEL
34963,0.9996182322502136,1,True
66498,0.9996050000190735,1,True
97546,0.9996046423912048,1,True
46999,0.9994998276233673,1,True
37889,0.9994239211082458,1,True
86481,0.9993736743927002,1,True
36749,0.9993683993816376,1,True
47515,0.9992569386959076,1,True
66623,0.9990108609199524,1,True
58342,0.9988996088504791,1,True
27752,0.998893678188324,1,True
26415,0.9972627139091492,1,True
47550,0.9972322261333466,1,True
97975,0.9972054934501648,1,True
76987,0.9971785819530488,1,True
36977,0.9971496438980103,1,True
27770,0.997138706445694,1,True
86766,0.9971306002140046,1,True
76828,0.9971282756328583,1,True
67514,0.9971252357959748,1,True
17916,0.997111258506775,1,True
55970,0.9971081590652466,1,True
46996,0.9970884597301484,1,True
76875,0.9970619356632233,1,True
6637,0.9970607435703278,1,True
46640,0.9970525181293488,1,True
96869,0.9970478391647339,1,True
57570,0.9970386004447938,1,True
44915,0.9970292127132416,1,True
6819,0.9970189905166627,1,True
46994,0.9970173215866089,1,True
6982,0.9970115399360657,1,True
57999,0.9970021522045136,1,True
25959,0.9969967877864838,1,True
27807,0.9969935095310212,1,True
47329,0.9969902908802033,1,True
94966,0.9969867444038392,1,True
7818,0.9969840025901795,1,True
46513,0.9969834661483765,1,True
56688,0.9969791746139527,1,True
56999,0.9969685947895051,1,True
26888,0.99695867061615,1,True
86516,0.9969430243968964,1,True
7332,0.9969002580642701,1,True
87839,0.9968947446346283,1,True
87671,0.996894029378891,1,True
26675,0.9968814826011658,1,True
15530,0.9968786811828614,1,True
67497,0.9968585348129273,1,True
26746,0.9968374347686768,1,True
44927,0.996835527420044,1,True
56995,0.9968264675140381,1,True
57655,0.9967936253547669,1,True
16642,0.9967663264274598,1,True
57580,0.9967626607418061,1,True
67468,0.9967505311965943,1,True
97725,0.9967454051971436,1,True
46762,0.9967204606533051,1,True
34139,0.996714917421341,1,True
47880,0.9967083907127381,1,True
35974,0.9966877675056458,1,True
97821,0.9966786181926728,1,True
95935,0.9966643726825715,1,True
35702,0.9966536736488343,1,True
96849,0.996577707529068,1,True
74935,0.9964767074584961,1,True
35942,0.9964182651042939,1,True
25938,0.9963850951194764,1,True
57512,0.9963225996494294,1,True
75729,0.9960986948013306,1,True
27509,0.994797374010086,1,True
87893,0.9947226297855377,1,True
86331,0.9947179806232452,1,True
27957,0.9947126460075378,1,True
57420,0.9947087121009827,1,True
70991,0.9946934533119202,1,True
90950,0.994683290719986,1,True
35920,0.994645471572876,1,True
6993,0.9946391832828522,1,True
14949,0.9946278584003448,1,True
54979,0.9946142387390137,1,True
44932,0.9946083974838257,1,True
26748,0.9946010363101959,1,True
86974,0.9945914995670319,1,True
67989,0.9945911419391632,1,True
66634,0.9945903074741363,1,True
16942,0.9945843172073364,1,True
17666,0.9945837211608887,1,True
5948,0.9945777010917664,1,True
17423,0.9945741844177246,1,True
66979,0.9945695948600769,1,True
37472,0.9945674192905426,1,True
64977,0.994567061662674,1,True
54964,0.9945613396167755,1,True
7976,0.9945606243610382,1,True
30999,0.9945581209659576,1,True
36888,0.9945519816875458,1,True
77996,0.9945506405830383,1,True
7639,0.9945488524436951,1,True
86895,0.9945480179786682,1,True
26993,0.994546229839325,1,True
17801,0.9945206892490387,1,True
26897,0.9945202124118805,1,True
57919,0.9945055794715881,1,True
7593,0.9944893074035644,1,True
67779,0.9944615614414215,1,True
94991,0.9944612634181976,1,True
5712,0.9944553923606873,1,True
37906,0.9944503259658813,1,True
96377,0.9944464218616486,1,True
96712,0.9944353353977203,1,True
34985,0.9944266033172607,1,True
24704,0.99442547082901,1,True
47554,0.9944217753410339,1,True
47846,0.9944111955165863,1,True
17569,0.9944088709354401,1,True
25969,0.9944022250175476,1,True
58999,0.994386340379715,1,True
74738,0.9943704259395599,1,True
37608,0.9943678033351898,1,True
77488,0.9943626773357391,1,True
47912,0.9943624985218048,1,True
14622,0.9943555545806885,1,True
55883,0.9943472397327423,1,True
46648,0.9943437230587006,1,True
7981,0.9943324875831604,1,True
56866,0.9943298053741455,1,True
56998,0.9943258416652679,1,True
37753,0.9943249475955963,1,True
57487,0.9943188083171844,1,True
25983,0.994277263879776,1,True
55962,0.9942748200893402,1,True
65985,0.9942739260196686,1,True
57727,0.994259740114212,1,True
46857,0.9942384612560272,1,True
36498,0.9942149174213409,1,True
76611,0.9942115497589111,1,True
56789,0.9941891384124756,1,True
14375,0.9941784393787384,1,True
35883,0.9941723895072937,1,True
45976,0.994166339635849,1,True
36828,0.9941586208343506,1,True
25855,0.9941424977779388,1,True
6644,0.9941051554679871,1,True
65560,0.9940989863872528,1,True
84348,0.9940423321723938,1,True
77531,0.9940285336971283,1,True
15928,0.9939786744117737,1,True
97552,0.9938880455493927,1,True
56760,0.9938384544849396,1,True
86373,0.9937023174762726,1,True
26669,0.9923787343502044,1,True
37777,0.9923104572296142,1,True
96390,0.9923098611831664,1,True
97968,0.9922430443763732,1,True
7497,0.9922245371341705,1,True
60688,0.9922210204601287,1,True
60971,0.9922178018093109,1,True
35843,0.9922125267982482,1,True
75935,0.9921866881847381,1,True
86953,0.9921731579303741,1,True
86935,0.9921607303619384,1,True
26973,0.9921601343154907,1,True
86417,0.9921386468410491,1,True
77909,0.9921367990970611,1,True
27932,0.992127262353897,1,True
56481,0.992109351158142,1,True
97976,0.9920947778224944,1,True
77986,0.99208798289299,1,True
66580,0.992085211277008,1,True
87954,0.9920844960212707,1,True
86621,0.9920810985565185,1,True
26435,0.9920707869529723,1,True
36800,0.9920655715465545,1,True
27984,0.9920652735233306,1,True
37977,0.9920646178722381,1,True
77526,0.9920594918727874,1,True
6647,0.992055617570877,1,True
94058,0.9920541870594024,1,True
4972,0.9920512962341308,1,True
76982,0.9920507597923278,1,True
36989,0.9920371103286743,1,True
61979,0.9920362162590026,1,True
36752,0.9920359778404235,1,True
97614,0.9920268285274505,1,True
87989,0.9920189905166625,1,True
37843,0.9920166659355163,1,True
96955,0.9920163083076476,1,True
95712,0.9920161294937133,1,True
57992,0.9920133876800536,1,True
66985,0.9920113015174865,1,True
97907,0.9920073676109313,1,True
27999,0.992005877494812,1,True
37864,0.9920019137859344,1,True
17984,0.9919923770427703,1,True
56959,0.991990350484848,1,True
66567,0.9919837641716003,1,True
15982,0.9919654953479766,1,True
87777,0.9919356930255889,1,True
66907,0.991932623386383,1,True
54110,0.9919209706783294,1,True
66736,0.9919116127490997,1,True
55904,0.9919107782840728,1,True
96639,0.9919057416915893,1,True
45998,0.9919022250175475,1,True
16566,0.9918485510349273,1,True
56987,0.9918446767330169,1,True
95810,0.9918400275707244,1,True
38997,0.9918329644203185,1,True
47845,0.991807632446289,1,True
87691,0.9918055462837219,1,True
76668,0.9917987811565399,1,True
45200,0.9917975890636443,1,True
77796,0.9917962777614593,1,True
87868,0.991793953180313,1,True
65983,0.9917832243442535,1,True
16843,0.9917659091949462,1,True
25989,0.9917604553699493,1,True
37790,0.9917496371269225,1,True
95645,0.9917442727088928,1,True
74495,0.9917389976978301,1,True
64997,0.9917361366748809,1,True
97755,0.991730146408081,1,True
95987,0.9917150366306304,1,True
35841,0.9917048740386962,1,True
47421,0.9917025196552276,1,True
64691,0.991687409877777,1,True
75998,0.9916872906684875,1,True
37705,0.9916714358329772,1,True
94965,0.9916438090801238,1,True
94971,0.9916426765918731,1,True
7767,0.9916400837898254,1,True
14995,0.9916262257099151,1,True
6740,0.9916251528263091,1,True
57685,0.9916187453269958,1,True
16777,0.9916099536418914,1,True
56856,0.9916075992584228,1,True
19382,0.9915969598293304,1,True
95965,0.9915850090980529,1,True
17681,0.9915645945072173,1,True
47691,0.991549574136734,1,True
54902,0.9915489184856414,1,True
47644,0.991546891927719,1,True
26672,0.9915410208702087,1,True
35131,0.9915071058273315,1,True
26533,0.9914992678165435,1,True
85776,0.9914905059337615,1,True
14948,0.9914590942859649,1,True
95958,0.9913954067230224,1,True
17570,0.9913857507705688,1,True
87593,0.9913666772842407,1,True
97707,0.9912082481384277,1,True
97346,0.9911502826213836,1,True
96521,0.9910603094100952,1,True
34538,0.989801367521286,1,True
57520,0.989739795923233,1,True
6997,0.9897194707393646,1,True
37989,0.9897069835662842,1,True
65140,0.9897064471244812,1,True
57926,0.9896895790100098,1,True
7555,0.9896868669986725,1,True
6989,0.9896857941150665,1,True
17556,0.989679297208786,1,True
37942,0.9896789395809173,1,True
7993,0.9896728003025055,1,True
47945,0.9896711313724518,1,True
76920,0.9896509552001953,1,True
76903,0.9896485710144043,1,True
26991,0.989647319316864,1,True
10962,0.9896378719806671,1,True
47791,0.9896256530284882,1,True
16939,0.9896220469474792,1,True
67144,0.9896173977851868,1,True
54986,0.989615728855133,1,True
6744,0.989614417552948,1,True
54113,0.9896021091938019,1,True
27844,0.9896011555194855,1,True
46849,0.9895920360088348,1,True
7897,0.9895878040790558,1,True
90793,0.9895792508125305,1,True
87915,0.9895531737804413,1,True
75989,0.9895486736297607,1,True
77987,0.9895330274105072,1,True
97879,0.9895280802249908,1,True
87678,0.9895276629924774,1,True
59998,0.9895269477367401,1,True
36992,0.9895221793651581,1,True
77408,0.9895186924934387,1,True
34232,0.9895026290416717,1,True
76994,0.9895015561580658,1,True
66952,0.9894924962520599,1,True
7835,0.9894920194149017,1,True
45873,0.9894887709617615,1,True
76984,0.989484121799469,1,True
54942,0.9894716942310333,1,True
66862,0.9894608163833618,1,True
6752,0.9894597434997559,1,True
54951,0.9894494318962097,1,True
64689,0.9894406998157501,1,True
57294,0.9894396269321442,1,True
57837,0.9894182884693146,1,True
17493,0.989416321516037,1,True
45989,0.9894112551212311,1,True
45723,0.9894081258773804,1,True
87903,0.9894069337844849,1,True
14497,0.9894038343429565,1,True
66919,0.9894028806686401,1,True
31999,0.9893999600410461,1,True
96937,0.9893941485881805,1,True
76860,0.9893682205677032,1,True
6435,0.989361127614975,1,True
97329,0.9893443191051483,1,True
26597,0.9893424117565155,1,True
74986,0.98932861328125,1,True
67728,0.9893281960487366,1,True
55988,0.9893267059326172,1,True
96406,0.9893257224559784,1,True
74446,0.989323695898056,1,True
46499,0.9893036687374115,1,True
4992,0.989292254447937,1,True
86256,0.989283105134964,1,True
97848,0.9892817938327789,1,True
74996,0.9892770850658417,1,True
55995,0.9892764294147491,1,True
64995,0.9892739260196686,1,True
77644,0.9892722272872925,1,True
94918,0.989266505241394,1,True
44989,0.9892660880088806,1,True
85150,0.9892571771144867,1,True
34097,0.9892542564868927,1,True
76421,0.9892534816265106,1,True
4674,0.9892470145225525,1,True
36429,0.9892400109767914,1,True
84979,0.9892348849773407,1,True
95867,0.9892222487926483,1,True
67824,0.9892141723632812,1,True
6806,0.9892058873176575,1,True
37846,0.9891927146911621,1,True
95537,0.9891734027862549,1,True
77923,0.9891663992404938,1,True
25903,0.9891559386253357,1,True
15996,0.9891523027420044,1,True
35932,0.9891506934165955,1,True
87818,0.9891430938243866,1,True
27854,0.9891316497325897,1,True
26862,0.9891306364536285,1,True
67371,0.9890932047367096,1,True
96273,0.9890812242031097,1,True
66767,0.989068021774292,1,True
7515,0.9890660846233368,1,True
46315,0.9890458190441132,1,True
29807,0.9890176260471344,1,True
67627,0.9889923238754272,1,True
47738,0.988958557844162,1,True
65948,0.9889301860332489,1,True
7558,0.9889284574985504,1,True
64835,0.9889216923713684,1,True
26255,0.988880922794342,1,True
74642,0.988874694108963,1,True
45979,0.9888458752632141,1,True
6272,0.9888355934619903,1,True
44574,0.9887743198871612,1,True
37601,0.9887060725688934,1,True
16659,0.9886502230167389,1,True
57638,0.9884039068222046,1,True
6521,0.9883912706375122,1,True
24136,0.987924268245697,1,True
37872,0.9872850358486176,1,True
57446,0.9872739493846894,1,True
36247,0.9872720420360566,1,True
16578,0.9872716844081879,1,True
56965,0.9872387230396271,1,True
37997,0.9872091293334961,1,True
76961,0.9871973276138306,1,True
16408,0.9871965527534485,1,True
57965,0.98718221783638,1,True
24444,0.9871652007102967,1,True
96986,0.9871569752693177,1,True
81868,0.9871522068977356,1,True
87343,0.987147855758667,1,True
56250,0.9871434152126313,1,True
6992,0.9871409714221955,1,True
36537,0.987139242887497,1,True
66978,0.9871376931667328,1,True
67866,0.9871309578418732,1,True
7970,0.9871232986450196,1,True
46452,0.9871161460876465,1,True
16480,0.9871128082275391,1,True
96645,0.987110185623169,1,True
56924,0.9871094703674317,1,True
94883,0.9871090531349183,1,True
5100,0.9871017515659333,1,True
87960,0.9870931088924408,1,True
71999,0.9870872676372529,1,True
27841,0.9870855689048768,1,True
76580,0.9870816946029664,1,True
77800,0.9870701909065247,1,True
87980,0.9870640218257904,1,True
16986,0.9870632469654084,1,True
55355,0.9870571076869965,1,True
7207,0.9870547831058503,1,True
7822,0.9870471835136414,1,True
56920,0.9870405673980713,1,True
6938,0.9870400905609131,1,True
86534,0.9870324313640595,1,True
36944,0.9870234906673432,1,True
56748,0.9870194077491761,1,True
67881,0.9870163083076477,1,True
37946,0.9870161890983582,1,True
76983,0.9870115399360657,1,True
7707,0.9870068311691285,1,True
56890,0.9870032250881196,1,True
47992,0.9870015561580658,1,True
84999,0.9869984567165375,1,True
66179,0.986991959810257,1,True
81986,0.9869842410087586,1,True
57910,0.9869722902774811,1,True
50932,0.9869680583477021,1,True
85229,0.9869675815105439,1,True
27983,0.9869635879993439,1,True
24995,0.9869612634181977,1,True
25999,0.9869537830352784,1,True
14726,0.9869521141052247,1,True
37836,0.9869491934776307,1,True
20991,0.9869473159313202,1,True
57255,0.986946839094162,1,True
17660,0.9869387924671174,1,True
36875,0.9869371235370636,1,True
46801,0.9869297623634339,1,True
5998,0.9869222521781922,1,True
66981,0.9869201958179474,1,True
86499,0.9869054436683655,1,True
17975,0.9869032979011536,1,True
47964,0.986899483203888,1,True
57346,0.9868846118450165,1,True
86998,0.9868845522403717,1,True
84713,0.9868799924850464,1,True
76390,0.9868695914745331,1,True
16935,0.9868681013584137,1,True
97947,0.9868591904640198,1,True
47935,0.9868547201156617,1,True
37960,0.9868500113487244,1,True
75467,0.9868480145931244,1,True
37337,0.986847597360611,1,True
16756,0.9868377029895783,1,True
49993,0.9868194043636322,1,True
54470,0.986813771724701,1,True
36904,0.9868134737014771,1,True
7888,0.9868051886558533,1,True
36569,0.9868025362491608,1,True
54462,0.9867873668670655,1,True
76250,0.9867865324020386,1,True
70665,0.9867840886116028,1,True
36925,0.986766266822815,1,True
65698,0.9867612302303315,1,True
76319,0.986752736568451,1,True
16824,0.9867440342903138,1,True
26861,0.9867385804653168,1,True
94466,0.986707615852356,1,True
66039,0.9867046654224396,1,True
6896,0.9866903901100159,1,True
45999,0.9866898536682129,1,True
27402,0.986684399843216,1,True
94999,0.9866824924945832,1,True
9994,0.986668872833252,1,True
15629,0.9866482794284821,1,True
68753,0.9866270005702973,1,True
96897,0.9866128742694855,1,True
84821,0.9865972578525544,1,True
34767,0.9865748763084412,1,True
37712,0.986499685049057,1,True
74890,0.9864671707153321,1,True
95739,0.9864564716815949,1,True
76720,0.9864235997200013,1,True
76707,0.9863980293273926,1,True
16664,0.9863251030445099,1,True
96593,0.9862697005271912,1,True
87899,0.9859866976737977,1,True
49869,0.9859346926212311,1,True
35724,0.9858946084976197,1,True
85823,0.9850018799304963,1,True
54317,0.9848640120029449,1,True
31891,0.9847842609882355,1,True
67201,0.9847617602348328,1,True
27428,0.9847551441192627,1,True
6161,0.9847076988220215,1,True
77989,0.9847069239616394,1,True
90681,0.984695360660553,1,True
66758,0.9846896386146545,1,True
20989,0.9846850788593292,1,True
46964,0.9846778666973114,1,True
37715,0.9846575713157654,1,True
7997,0.9846561408042908,1,True
37941,0.9846547698974609,1,True
17964,0.9846470212936401,1,True
90985,0.9846402561664581,1,True
16142,0.9846400773525238,1,True
85986,0.9846398389339447,1,True
27995,0.9846356666088104,1,True
27941,0.9846252357959747,1,True
47927,0.9846246993541717,1,True
4921,0.9846224045753479,1,True
36301,0.9846175169944763,1,True
16995,0.9846071457862854,1,True
6999,0.9845775818824768,1,True
56647,0.9845726346969604,1,True
67958,0.9845565116405487,1,True
66999,0.9845563924312591,1,True
17097,0.9845555579662323,1,True
95228,0.9845537102222442,1,True
16161,0.9844987547397613,1,True
56986,0.9844923770427704,1,True
44998,0.984484121799469,1,True
87905,0.984459981918335,1,True
94998,0.9844562268257141,1,True
36431,0.9844496703147888,1,True
79999,0.9844453489780426,1,True
57692,0.9844430840015411,1,True
14999,0.9844378387928009,1,True
96434,0.9844376599788666,1,True
35998,0.9844368255138397,1,True
66915,0.9844223713874817,1,True
7846,0.9844162023067474,1,True
16592,0.9844108378887176,1,True
94300,0.9844038343429565,1,True
97377,0.9843969798088074,1,True
1720,0.9843941485881805,1,True
6071,0.9843917644023895,1,True
19997,0.9843528723716736,1,True
87996,0.984344676733017,1,True
99995,0.9843445575237274,1,True
6904,0.9843436634540558,1,True
34998,0.9843348121643066,1,True
26503,0.984329924583435,1,True
47995,0.984306857585907,1,True
49998,0.9842940127849579,1,True
98935,0.9842803037166595,1,True
35997,0.984235063791275,1,True
46934,0.9842268681526184,1,True
65621,0.9842179572582245,1,True
74527,0.9842128610610962,1,True
95647,0.9842103576660156,1,True
65998,0.9841988837718963,1,True
55898,0.9841900324821472,1,True
76770,0.9841830885410309,1,True
25998,0.9841774260997772,1,True
65450,0.9841762042045593,1,True
56860,0.9841742372512817,1,True
16609,0.984162346124649,1,True
17896,0.9841556406021118,1,True
86773,0.9841291463375091,1,True
86964,0.9841235733032226,1,True
74201,0.9841192817687988,1,True
44865,0.9841092383861542,1,True
61625,0.984041199684143,1,True
36866,0.9840348517894745,1,True
94835,0.9840286529064178,1,True
75971,0.9840239143371582,1,True
14984,0.9840110397338867,1,True
24997,0.983999148607254,1,True
74434,0.9839869892597198,1,True
56716,0.9839767670631409,1,True
44892,0.9839597499370575,1,True
55998,0.9838649785518646,1,True
64665,0.9838513886928558,1,True
59869,0.9837556338310242,1,True
31935,0.9837156689167023,1,True
24803,0.9835921680927276,1,True
77532,0.9832894361019134,1,True
4927,0.9829259371757507,1,True
26388,0.9822726380825042,1,True
20389,0.9822546672821044,1,True
16961,0.9822231662273406,1,True
37814,0.982215358018875,1,True
87559,0.9821998310089111,1,True
26967,0.9821716082096099,1,True
44366,0.9821685683727264,1,True
91830,0.9821464848518371,1,True
36984,0.9821430575847625,1,True
44150,0.9821390044689178,1,True
86826,0.9821063113212585,1,True
36997,0.9821045529842376,1,True
66607,0.9820865523815154,1,True
11299,0.9820814561843871,1,True
67605,0.9820807409286498,1,True
57982,0.982079906463623,1,True
15961,0.9820703101158141,1,True
55403,0.9820253980159759,1,True
64012,0.9820193481445312,1,True
46986,0.9819997084140777,1,True
36975,0.9819984567165374,1,True
27099,0.9819741976261138,1,True
16280,0.981938852071762,1,True
77891,0.9819371235370635,1,True
86995,0.9819334578514098,1,True
85924,0.9819157254695892,1,True
44955,0.9819035959243774,1,True
44310,0.9818883669376373,1,True
26843,0.981883270740509,1,True
16920,0.9818795752525329,1,True
77895,0.9818665516376495,1,True
96185,0.9818633329868316,1,True
66986,0.9818421137332916,1,True
50509,0.9818186891078948,1,True
96876,0.9818180334568023,1,True
96892,0.9817970526218414,1,True
88999,0.9817940127849578,1,True
6962,0.9817909431457519,1,True
37148,0.981762660741806,1,True
56946,0.9817523789405822,1,True
45229,0.9817389380931854,1,True
25900,0.9817358982563018,1,True
27296,0.9817090463638305,1,True
35495,0.9816917610168456,1,True
36395,0.9816914629936218,1,True
4758,0.9816861879825591,1,True
38668,0.9816777837276458,1,True
46973,0.9816746544837951,1,True
24385,0.98166473031044,1,True
46737,0.9816558194160461,1,True
65880,0.9816092383861541,1,True
95980,0.9815999102592468,1,True
74906,0.9815948736667632,1,True
35913,0.9815873336791991,1,True
67194,0.9815190565586089,1,True
74633,0.9814841282367706,1,True
25669,0.9814599287509918,1,True
4998,0.9814438354969024,1,True
25432,0.9814266097545623,1,True
5967,0.9813496601581573,1,True
29992,0.9813231360912322,1,True
56673,0.98130713224411,1,True
67140,0.9812963140010833,1,True
16990,0.981287373304367,1,True
27952,0.9812673163414001,1,True
64497,0.9812595081329345,1,True
97276,0.9811976385116576,1,True
77451,0.981184287071228,1,True
5607,0.9810865378379822,1,True
38991,0.9810716640949249,1,True
17636,0.9810275864601135,1,True
77613,0.9810086917877197,1,True
39987,0.9809523952007293,1,True
96757,0.9803372156620025,1,True
90987,0.9796857941150665,1,True
37497,0.9796818602085113,1,True
56766,0.979640554189682,1,True
97995,0.9796219277381897,1,True
87994,0.9796219277381897,1,True
86598,0.9795987713336944,1,True
27951,0.979593049287796,1,True
30849,0.9795366334915161,1,True
84702,0.9795311224460601,1,True
17951,0.9795190501213074,1,True
66775,0.9795109438896179,1,True
984,0.9795083212852478,1,True
20785,0.9795003640651703,1,True
7960,0.9794822144508362,1,True
84597,0.9794675815105438,1,True
86999,0.9794586110115051,1,True
34614,0.9794411170482635,1,True
56194,0.9794408786296844,1,True
47851,0.9794384944438934,1,True
85771,0.9793967413902283,1,True
6300,0.9793874132633209,1,True
37998,0.9793774890899658,1,True
86824,0.9793773102760315,1,True
87999,0.9793308782577514,1,True
44634,0.9793268847465515,1,True
94037,0.9792715120315552,1,True
77136,0.9792577731609344,1,True
36843,0.9791941452026367,1,True
96581,0.9791899728775024,1,True
36647,0.979179869890213,1,True
54705,0.9791066455841064,1,True
58982,0.9790847706794739,1,True
46707,0.9790326464176178,1,True
45937,0.9790260004997253,1,True
95214,0.9789365935325622,1,True
56804,0.9789021718502045,1,True
67702,0.9788957643508911,1,True
15709,0.9788195896148681,1,True
97133,0.9788160729408264,1,True
18973,0.9787756907939911,1,True
26283,0.9787428784370422,1,True
28980,0.9787351894378662,1,True
47882,0.9786971616744995,1,True
67726,0.9786616671085357,1,True
8984,0.9785684156417847,1,True
56740,0.9785547959804535,1,True
76734,0.9785069036483764,1,True
45964,0.9781774091720581,1,True
26367,0.9779785978794098,1,True
30882,0.9771796548366547,1,True
14677,0.9771486902236939,1,True
87211,0.9771442794799805,1,True
70997,0.9771432363986969,1,True
47214,0.9770848536491394,1,True
11996,0.9770691180229187,1,True
55284,0.9770566308498383,1,True
71998,0.9770565116405487,1,True
51747,0.9770141625404358,1,True
56398,0.9769984567165375,1,True
66953,0.9769868040084839,1,True
47450,0.9769798302650452,1,True
48745,0.9769753348827361,1,True
15066,0.9769432628154755,1,True
67839,0.9769101226329804,1,True
26998,0.976882495880127,1,True
55864,0.976818152666092,1,True
41906,0.9768111491203308,1,True
56728,0.976805546283722,1,True
66146,0.9767941319942475,1,True
87921,0.9767718100547791,1,True
77145,0.9767007911205292,1,True
18961,0.9766132318973542,1,True
86174,0.976611145734787,1,True
86146,0.9766079270839692,1,True
77098,0.976576396226883,1,True
66351,0.9765670382976532,1,True
36789,0.9765002810955048,1,True
97598,0.9764984333515168,1,True
19996,0.9764935159683228,1,True
37852,0.9764583790302277,1,True
25161,0.9764140927791596,1,True
95875,0.9763575577735901,1,True
84982,0.9763348782062531,1,True
7216,0.9763219439983368,1,True
61410,0.9763189339637757,1,True
6522,0.9762867176532746,1,True
75992,0.9762491071224213,1,True
6716,0.9761733198165894,1,True
56318,0.9761691772937775,1,True
54898,0.9761689984798432,1,True
76722,0.9761260235309601,1,True
46847,0.9761084699630738,1,True
6728,0.9760624253749848,1,True
19551,0.9760364079475403,1,True
97229,0.975992568731308,1,True
17927,0.9759303116798401,1,True
96606,0.9759288811683655,1,True
97505,0.9758915686607361,1,True
44478,0.9758691275119782,1,True
68951,0.975824602842331,1,True
25902,0.9757593655586243,1,True
55897,0.975727596282959,1,True
65969,0.9755905652046204,1,True
64905,0.9752671504020691,1,True
37299,0.9752220296859742,1,True
7291,0.9750854456424713,1,True
79882,0.9750363957881927,1,True
65755,0.9748854124546051,1,True
77365,0.9747859299182892,1,True
96218,0.9747282922267914,1,True
77500,0.9746623992919922,1,True
36416,0.9746516704559326,1,True
56241,0.974618649482727,1,True
80952,0.9746138215065002,1,True
71976,0.9746058940887451,1,True
31995,0.9745839595794678,1,True
11082,0.9745786547660827,1,True
41998,0.9745781779289245,1,True
64210,0.974577522277832,1,True
45412,0.9745599412918091,1,True
67970,0.9745583593845367,1,True
96216,0.9745479583740234,1,True
36998,0.9745342791080475,1,True
6672,0.9744611144065857,1,True
15388,0.9744276762008667,1,True
78983,0.974394804239273,1,True
46966,0.9743903934955597,1,True
26937,0.9743674457073211,1,True
26691,0.9740904331207275,1,True
69821,0.9740819990634918,1,True
96091,0.9740811645984649,1,True
87243,0.9740603625774383,1,True
45227,0.9739803433418274,1,True
86296,0.9739303648471832,1,True
46824,0.973814731836319,1,True
66322,0.9738027215003967,1,True
27793,0.9737664222717285,1,True
36825,0.973748630285263,1,True
57644,0.9736911118030548,1,True
84946,0.9736197352409363,1,True
96569,0.9735875487327575,1,True
39993,0.9735654652118683,1,True
55919,0.9735227286815643,1,True
17747,0.9735081553459167,1,True
45742,0.9734615743160248,1,True
94919,0.9734253942966461,1,True
95183,0.9734089136123657,1,True
38993,0.9732615709304809,1,True
86893,0.9731251060962677,1,True
8888,0.9729930222034454,1,True
85901,0.9728372752666473,1,True
36548,0.9727451264858246,1,True
34832,0.9724985718727112,1,True
38259,0.9722825050354004,1,True
25801,0.9722544610500335,1,True
77928,0.972162789106369,1,True
56245,0.9721601939201354,1,True
20994,0.972159776687622,1,True
46970,0.9721582269668578,1,True
61709,0.9721376335620879,1,True
60983,0.9720981156826018,1,True
56460,0.9720734691619872,1,True
17537,0.9720618164539336,1,True
37369,0.9720581209659576,1,True
29998,0.9720021522045135,1,True
51978,0.9719952380657195,1,True
50627,0.9718903934955596,1,True
80923,0.971884731054306,1,True
41398,0.9718715584278106,1,True
40827,0.971864286661148,1,True
76415,0.9718350505828857,1,True
46116,0.9717583096027373,1,True
21613,0.9716990625858306,1,True
91857,0.9716492331027984,1,True
29987,0.9716374015808105,1,True
54910,0.9716163611412048,1,True
30855,0.971546891927719,1,True
55936,0.9715245103836059,1,True
95593,0.9715230202674865,1,True
49715,0.9715197718143462,1,True
17157,0.9714941716194152,1,True
56977,0.971427742242813,1,True
79989,0.9713647401332854,1,True
7588,0.97135755777359,1,True
36864,0.9713410472869872,1,True
57729,0.9713152980804443,1,True
66265,0.9713087117671966,1,True
97702,0.9712640678882598,1,True
55766,0.9712403452396392,1,True
77982,0.9712205862998962,1,True
27823,0.9712076520919799,1,True
36865,0.9711790120601653,1,True
15798,0.9711618161201476,1,True
67832,0.9711127018928527,1,True
36826,0.9710357522964477,1,True
26935,0.9709629452228545,1,True
5717,0.9708943104743957,1,True
58988,0.9708566999435424,1,True
15938,0.9708541965484618,1,True
17268,0.9707790052890777,1,True
24819,0.9707081055641174,1,True
84717,0.9706416761875152,1,True
96820,0.9706150925159454,1,True
64809,0.9706006681919097,1,True
76637,0.9705075061321258,1,True
4837,0.9704835748672485,1,True
64929,0.970385376214981,1,True
54398,0.9703820085525512,1,True
75838,0.9702447092533111,1,True
56187,0.9702093338966369,1,True
8982,0.9698819255828857,1,True
94876,0.9697688257694244,1,True
41793,0.9696336996555328,1,True
1977,0.969630719423294,1,True
91980,0.9696201992034912,1,True
71426,0.9696153712272644,1,True
71787,0.9695747804641723,1,True
17832,0.9695719194412231,1,True
21992,0.9695295703411102,1,True
40401,0.9694874000549316,1,True
70996,0.9694839429855346,1,True
4691,0.9694802498817443,1,True
50784,0.9694595050811767,1,True
7544,0.9694226098060608,1,True
36135,0.9693862807750702,1,True
76624,0.9693593692779541,1,True
85748,0.9691973364353179,1,True
95654,0.969167444705963,1,True
77535,0.969033123254776,1,True
36667,0.9689657998085022,1,True
35953,0.9689640712738037,1,True
59964,0.9689149868488312,1,True
67739,0.9687734854221344,1,True
96947,0.9687670183181762,1,True
87502,0.9687610280513763,1,True
87826,0.9687069070339203,1,True
97751,0.9686997246742248,1,True
55882,0.968669296503067,1,True
96873,0.9686244142055511,1,True
65747,0.9685758364200592,1,True
28940,0.9684974265098572,1,True
97215,0.9684863400459289,1,True
75855,0.9683337223529815,1,True
67597,0.968314768075943,1,True
97774,0.9682865452766418,1,True
81644,0.9682779026031494,1,True
54474,0.9679841113090515,1,True
55112,0.9679664385318756,1,True
87847,0.9679567229747772,1,True
15186,0.9679451596736908,1,True
4912,0.9678688955307007,1,True
56839,0.9678101551532745,1,True
57398,0.967730940580368,1,True
36222,0.9677194368839264,1,True
75920,0.9676987540721893,1,True
74801,0.9676269006729126,1,True
79997,0.9674974393844604,1,True
37183,0.9672459053993225,1,True
27141,0.9672392320632934,1,True
76861,0.967216671705246,1,True
55749,0.9671220791339874,1,True
51994,0.9671132254600525,1,True
45611,0.9671114695072174,1,True
40982,0.9670920956134796,1,True
90999,0.9670915591716767,1,True
1958,0.9670387196540833,1,True
27772,0.9669841814041138,1,True
27436,0.9669829297065735,1,True
26522,0.9669437396526337,1,True
70883,0.966918705701828,1,True
50980,0.9668796944618225,1,True
48998,0.9668697106838227,1,True
64326,0.9668239367008209,1,True
68668,0.9667609918117523,1,True
59983,0.9667256188392639,1,True
77918,0.966720222234726,1,True
51999,0.9667117881774903,1,True
7947,0.9666762638092041,1,True
36923,0.9665866780281067,1,True
74282,0.9664908957481384,1,True
35973,0.966429649591446,1,True
95813,0.966421811580658,1,True
65946,0.966305582523346,1,True
56864,0.9662771213054657,1,True
35849,0.966192661523819,1,True
36761,0.9661144602298737,1,True
81066,0.9660990524291992,1,True
7406,0.9660742270946503,1,True
97135,0.9659557330608368,1,True
99994,0.9659334409236908,1,True
74947,0.9658457922935486,1,True
36899,0.9658431398868561,1,True
25507,0.9658323538303375,1,True
38981,0.9658274340629578,1,True
16607,0.9657492327690125,1,True
69236,0.9656796169281006,1,True
74957,0.9656774091720581,1,True
74426,0.9656237947940827,1,True
78633,0.9656009662151337,1,True
54882,0.9655529844760895,1,True
46679,0.9654321956634522,1,True
65660,0.9654275763034821,1,True
95675,0.9653523576259613,1,True
26855,0.9652898299694062,1,True
76606,0.9651902604103089,1,True
85965,0.9651890683174134,1,True
14581,0.9651591169834137,1,True
16432,0.965130387544632,1,True
16583,0.9651270198822022,1,True
37486,0.9648099231719971,1,True
87284,0.9647629845142365,1,True
61999,0.9646947646141053,1,True
70931,0.964689280986786,1,True
891,0.9646667802333833,1,True
21997,0.964658763408661,1,True
41966,0.9646401965618134,1,True
40784,0.9646134638786317,1,True
80954,0.9646134042739869,1,True
1991,0.9646102452278138,1,True
51990,0.9646081590652467,1,True
28363,0.9645251441001892,1,True
90958,0.964465972185135,1,True
78939,0.9644157254695893,1,True
1803,0.9644060397148133,1,True
68782,0.9643294477462769,1,True
7995,0.9643250072002412,1,True
58492,0.9642651343345643,1,True
98047,0.9642280328273773,1,True
94880,0.9642059469223023,1,True
26653,0.9641750121116639,1,True
70804,0.9640184009075166,1,True
36772,0.9638688230514527,1,True
26454,0.963867154121399,1,True
56897,0.9638383948802949,1,True
9997,0.963834103345871,1,True
40179,0.9638316893577576,1,True
74857,0.9638170862197877,1,True
6560,0.9636911714076997,1,True
9718,0.9636561536788941,1,True
76957,0.9635873103141785,1,True
74955,0.9635175132751466,1,True
88978,0.9634980869293213,1,True
64983,0.9633976185321809,1,True
47904,0.9633332455158234,1,True
84977,0.9632852935791016,1,True
46816,0.9632495903968812,1,True
37297,0.9632392489910127,1,True
45960,0.9632259273529054,1,True
39989,0.9631149137020112,1,True
54930,0.9629722201824189,1,True
65932,0.9628970885276795,1,True
24793,0.9627294206619263,1,True
24472,0.9626463913917542,1,True
64840,0.9625752234458924,1,True
85860,0.9625729882717133,1,True
14896,0.9625562393665315,1,True
18102,0.9625357079505921,1,True
18988,0.9624977970123292,1,True
25783,0.9622682595252992,1,True
20966,0.9622445940971375,1,True
54730,0.962229039669037,1,True
85255,0.9621411502361298,1,True
35668,0.9620987761020661,1,True
71982,0.9620838403701782,1,True
25973,0.9620654547214509,1,True
51969,0.9620442032814026,1,True
81230,0.962020093202591,1,True
90917,0.9620052218437195,1,True
81818,0.9620028078556061,1,True
41921,0.961926007270813,1,True
91605,0.9618799328804016,1,True
74792,0.9617364966869355,1,True
5572,0.9616935217380524,1,True
9987,0.961657282114029,1,True
14634,0.96161323428154,1,True
48973,0.961519056558609,1,True
58647,0.9615020489692687,1,True
76760,0.9614984929561615,1,True
89963,0.9613333582878113,1,True
36880,0.9613018572330475,1,True
17625,0.9612881481647492,1,True
46955,0.9612768828868866,1,True
25649,0.9612525641918183,1,True
45991,0.9611531734466553,1,True
85998,0.9611481368541718,1,True
66794,0.9611056387424469,1,True
57858,0.9610792636871338,1,True
85906,0.9610687136650086,1,True
57873,0.96104975938797,1,True
84987,0.9610459446907044,1,True
26943,0.9610450506210327,1,True
46796,0.9610259771347046,1,True
7673,0.9610139667987824,1,True
8564,0.9610014498233795,1,True
36943,0.9609444677829743,1,True
17380,0.9609346330165863,1,True
5135,0.9608609020709992,1,True
18308,0.9607557463645935,1,True
87674,0.9607423186302185,1,True
35404,0.960679703950882,1,True
95819,0.9606788098812103,1,True
81979,0.9606744289398194,1,True
98987,0.9605861246585846,1,True
54939,0.9605566501617432,1,True
6390,0.9605438351631165,1,True
14075,0.9603847229480744,1,True
14799,0.9603643357753754,1,True
4816,0.9603640973567963,1,True
27291,0.9603454411029816,1,True
25678,0.9603391230106354,1,True
34547,0.960248076915741,1,True
17552,0.9601862967014313,1,True
74902,0.9601737797260285,1,True
79708,0.9601589679718018,1,True
15920,0.9600865185260773,1,True
54765,0.9598555207252503,1,True
39949,0.9597961246967316,1,True
30673,0.9597112154960632,1,True
843,0.9597066259384155,1,True
40829,0.959638170003891,1,True
80723,0.9595957911014557,1,True
71986,0.9595844364166259,1,True
80984,0.9595626509189605,1,True
91971,0.9595569288730621,1,True
50697,0.9594800686836242,1,True
44441,0.9593971014022827,1,True
71848,0.9593615448474884,1,True
18711,0.9593573522567749,1,True
58713,0.9593227422237396,1,True
76301,0.9592948472499847,1,True
35765,0.9592628121376038,1,True
18842,0.9591713166236877,1,True
8925,0.9590703463554382,1,True
25922,0.9590339303016663,1,True
1736,0.9589999234676361,1,True
76969,0.9589510774612426,1,True
95998,0.9589482164382934,1,True
97640,0.9588743960857391,1,True
96792,0.9588471567630767,1,True
78919,0.9588294243812561,1,True
36458,0.9588292455673217,1,True
86993,0.9587205862998962,1,True
85991,0.9586743927001953,1,True
68929,0.9585691905021667,1,True
24265,0.9584871745109558,1,True
57960,0.9584529912471771,1,True
34986,0.9583916282653808,1,True
46693,0.9583616769313812,1,True
5857,0.9583549118041992,1,True
55981,0.958302161693573,1,True
4925,0.9582593655586242,1,True
5982,0.9582189536094665,1,True
4741,0.9582040226459503,1,True
85983,0.9580882406234741,1,True
94993,0.9580539381504058,1,True
54277,0.9580534017086029,1,True
34651,0.9580534017086029,1,True
15999,0.9580343580245971,1,True
75347,0.9580020225048065,1,True
94910,0.9579582130908966,1,True
5911,0.9579556202888488,1,True
98989,0.9579540109634399,1,True
44733,0.9579367649555206,1,True
84497,0.9578276491165161,1,True
44930,0.9577725744247436,1,True
54343,0.957771292924881,1,True
65252,0.9577236688137054,1,True
85921,0.9576975619792938,1,True
57628,0.9576090490818023,1,True
5513,0.9574831044673919,1,True
5623,0.9574134862422943,1,True
85996,0.957400164604187,1,True
18772,0.95732808470726,1,True
74358,0.9572963631153106,1,True
981,0.957267541885376,1,True
1426,0.9572473955154419,1,True
41999,0.9570980560779572,1,True
41576,0.9570956718921662,1,True
1432,0.9570914399623871,1,True
61874,0.957078595161438,1,True
91998,0.9570731115341187,1,True
30935,0.9570215237140656,1,True
81981,0.9569636476039887,1,True
34375,0.9569581067562103,1,True
57020,0.956947318315506,1,True
31294,0.9569398057460785,1,True
65817,0.9568847906589508,1,True
35924,0.9568756413459778,1,True
91887,0.9568702471256256,1,True
38787,0.9568488192558289,1,True
67335,0.9567855191230774,1,True
34850,0.9566405630111694,1,True
54695,0.9565859055519104,1,True
37363,0.956558485031128,1,True
88390,0.9565296626091003,1,True
97895,0.956456710100174,1,True
56851,0.9564137351512909,1,True
68972,0.9564133775234223,1,True
27750,0.9562745583057404,1,True
36774,0.9561411929130554,1,True
96962,0.956125785112381,1,True
87495,0.9560887730121612,1,True
24891,0.9560730946063996,1,True
44259,0.9560393011569976,1,True
4922,0.9560246181488037,1,True
75857,0.955942143201828,1,True
69755,0.9559387159347534,1,True
57893,0.9559093308448792,1,True
24947,0.9558928203582764,1,True
55949,0.9558649849891663,1,True
75605,0.9558513653278351,1,True
35933,0.9558316361904144,1,True
74294,0.9557872009277344,1,True
75985,0.9557819259166718,1,True
84989,0.9556953203678131,1,True
15921,0.9556949627399445,1,True
55326,0.9556297254562378,1,True
44949,0.9555816245079041,1,True
27092,0.9555181753635407,1,True
54934,0.9555097115039826,1,True
36405,0.9554462027549744,1,True
9806,0.9554303181171417,1,True
4347,0.9554231059551239,1,True
78881,0.955419543981552,1,True
85594,0.9553948855400085,1,True
4966,0.9553486299514771,1,True
44908,0.9552721273899079,1,True
88651,0.954925856590271,1,True
65796,0.9549085986614227,1,True
95860,0.9549078834056854,1,True
9858,0.9548836266994476,1,True
25773,0.9548356425762177,1,True
60839,0.95483149766922,1,True
17779,0.9547942471504212,1,True
10984,0.9546976256370545,1,True
41946,0.9546889829635621,1,True
60496,0.9546250569820405,1,True
61120,0.9546012747287751,1,True
40918,0.9545922148227692,1,True
60996,0.9545904862880707,1,True
94454,0.9545641732215882,1,True
31988,0.9545339810848237,1,True
71991,0.9545206892490388,1,True
21985,0.954501794576645,1,True
40960,0.9544874596595765,1,True
26284,0.9544820356369019,1,True
16934,0.9543899786472321,1,True
37444,0.9543845546245575,1,True
66532,0.9543820786476136,1,True
21998,0.9543743300437928,1,True
41143,0.9543578791618348,1,True
67259,0.9543520379066468,1,True
24911,0.9543509674072266,1,True
5703,0.9542966973781586,1,True
84237,0.9542935061454774,1,True
75895,0.954291273355484,1,True
94909,0.954287041425705,1,True
20112,0.9542827475070954,1,True
20751,0.9542010891437531,1,True
81815,0.9541977512836457,1,True
98982,0.9541492331027985,1,True
64860,0.9541444647312165,1,True
5680,0.954104472398758,1,True
39957,0.9540934431552888,1,True
48988,0.9540573847293854,1,True
75983,0.9540515112876893,1,True
58998,0.9540419149398804,1,True
94877,0.9539998364448548,1,True
85680,0.953902233839035,1,True
98871,0.9538644421100617,1,True
40804,0.9538217055797578,1,True
76381,0.9536755847930909,1,True
49223,0.9536609542369843,1,True
76343,0.953618245124817,1,True
5244,0.9535628426074982,1,True
55447,0.953555600643158,1,True
28985,0.953464733362198,1,True
85958,0.9534596371650697,1,True
26345,0.9534581470489503,1,True
17494,0.9534479892253875,1,True
74915,0.9534421432018281,1,True
49965,0.9533794987201691,1,True
21327,0.953333307504654,1,True
35876,0.9533023405075074,1,True
26922,0.953293161392212,1,True
24569,0.9532796037197113,1,True
29981,0.9532745051383973,1,True
47643,0.9532507228851319,1,True
5917,0.953250424861908,1,True
65139,0.9531838190555573,1,True
28975,0.9531335103511811,1,True
34390,0.9531320798397065,1,True
84964,0.9530717301368714,1,True
54265,0.953053401708603,1,True
55858,0.952924566268921,1,True
25864,0.9528883564472199,1,True
75967,0.9528725612163544,1,True
64555,0.9528720843791962,1,True
54719,0.9528432953357697,1,True
4092,0.952789889574051,1,True
89956,0.9527858066558839,1,True
75786,0.9526708889007569,1,True
54516,0.9525467324256898,1,True
45325,0.9525121915340424,1,True
45733,0.9524684715270997,1,True
15737,0.952464656829834,1,True
90236,0.9524417066574097,1,True
95937,0.9523848760128022,1,True
74968,0.9523599910736085,1,True
70834,0.9523060762882233,1,True
20339,0.9522711622714997,1,True
34758,0.9522658753395081,1,True
64730,0.9522334504127503,1,True
65503,0.9522203671932221,1,True
51859,0.952219649553299,1,True
75533,0.9522167313098908,1,True
74918,0.9522084164619447,1,True
41262,0.9522084140777588,1,True
94729,0.9521831440925599,1,True
51796,0.9521693801879882,1,True
37038,0.9521501231193543,1,True
75264,0.9521493482589722,1,True
76430,0.9521290826797486,1,True
21977,0.9521185302734375,1,True
54656,0.9520641732215882,1,True
81899,0.9520637834072113,1,True
29707,0.952019112110138,1,True
37288,0.9519660913944245,1,True
25683,0.9519345927238465,1,True
41799,0.9519319677352905,1,True
1946,0.9519178116321564,1,True
45794,0.9518509674072266,1,True
31140,0.9518398487567902,1,True
14253,0.951802181005478,1,True
50872,0.951787486076355,1,True
39977,0.9517828071117401,1,True
26291,0.9517457032203674,1,True
19969,0.9517022812366486,1,True
8962,0.951649888753891,1,True
87328,0.9516095387935639,1,True
88963,0.9516046786308289,1,True
27086,0.9515961253643036,1,True
94796,0.9515442121028901,1,True
37479,0.9515256452560426,1,True
61697,0.951506986618042,1,True
64897,0.9515069591999055,1,True
98924,0.9514884293079376,1,True
7952,0.951398446559906,1,True
35762,0.9513970482349396,1,True
16209,0.9512938404083252,1,True
75834,0.9511009621620179,1,True
14363,0.9510607016086579,1,True
76558,0.9509570145606995,1,True
55954,0.9509276294708252,1,True
15964,0.9508596503734589,1,True
77707,0.9508044862747193,1,True
45921,0.9507621967792511,1,True
36353,0.9506862902641297,1,True
95406,0.9506569349765778,1,True
94987,0.9506492459774017,1,True
5451,0.9506183433532716,1,True
15346,0.9506058835983277,1,True
55431,0.9506053888797761,1,True
75290,0.9505975389480591,1,True
35611,0.9505698525905609,1,True
95733,0.9505443120002747,1,True
25793,0.9505117678642273,1,True
24036,0.9505086982250214,1,True
15751,0.9504852437973023,1,True
45525,0.9504644858837128,1,True
29986,0.950449630022049,1,True
64901,0.9504393482208252,1,True
65489,0.9503871643543244,1,True
25970,0.9503486299514771,1,True
64957,0.950331791639328,1,True
35473,0.9502614879608154,1,True
31604,0.9502575838565827,1,True
14400,0.9502543950080872,1,True
64965,0.9502188408374787,1,True
85119,0.9502084994316101,1,True
84905,0.9501975619792938,1,True
95635,0.9501354539394379,1,True
85835,0.9500367486476898,1,True
75634,0.9500172281265259,1,True
74418,0.9499903786182404,1,True
15288,0.949964656829834,1,True
74850,0.9499188506603241,1,True
15793,0.9498942041397095,1,True
4746,0.9498896741867066,1,True
74249,0.9498834156990051,1,True
44911,0.9498205924034119,1,True
55477,0.9497950220108032,1,True
40780,0.9497409880161285,1,True
70365,0.9497178387641907,1,True
94746,0.9497026348114014,1,True
1909,0.9496934533119201,1,True
10956,0.9496455907821655,1,True
40701,0.9496147155761718,1,True
95985,0.949607058763504,1,True
24982,0.949607058763504,1,True
31992,0.949601274728775,1,True
993,0.9495934069156646,1,True
75953,0.949589684009552,1,True
21989,0.9495055198669433,1,True
27372,0.9495003044605255,1,True
26372,0.9494224905967712,1,True
21962,0.9494214177131652,1,True
94868,0.9493509674072266,1,True
85540,0.9493381822109223,1,True
39944,0.9492962801456452,1,True
829,0.9492882013320922,1,True
54139,0.9492796206474304,1,True
84546,0.9492796206474304,1,True
41829,0.9492718696594238,1,True
21456,0.9492182552814483,1,True
46490,0.9491581439971923,1,True
79971,0.9491308152675628,1,True
51806,0.9490555047988891,1,True
57947,0.9490419745445251,1,True
21900,0.9490416765213012,1,True
45814,0.949008538722992,1,True
54647,0.9489979588985443,1,True
8455,0.9489137351512908,1,True
35287,0.9488516592979431,1,True
65348,0.9487472915649414,1,True
88863,0.9487416565418243,1,True
46350,0.9487342953681945,1,True
94626,0.9487274432182312,1,True
64996,0.948698890209198,1,True
25985,0.9486906945705413,1,True
47737,0.94866983294487,1,True
8944,0.9486676275730133,1,True
34289,0.9484986507892609,1,True
34595,0.948373510837555,1,True
64990,0.9483729124069213,1,True
44936,0.948363196849823,1,True
7362,0.9483586370944976,1,True
14990,0.9483523190021514,1,True
45993,0.9483523190021514,1,True
45988,0.948302161693573,1,True
45244,0.948205691576004,1,True
76716,0.9481782436370849,1,True
87347,0.9481636703014373,1,True
95419,0.948021125793457,1,True
11458,0.947996940612793,1,True
54320,0.9479959428310394,1,True
64982,0.9479902505874633,1,True
14737,0.9479755282402038,1,True
45747,0.9479589283466339,1,True
56900,0.9479214966297149,1,True
80202,0.9479139268398284,1,True
65859,0.9478212463855744,1,True
65982,0.9478111684322357,1,True
64991,0.9478012442588806,1,True
45497,0.9477796673774719,1,True
34866,0.9477748143672944,1,True
68400,0.9477606534957885,1,True
75255,0.9476766705513,1,True
65401,0.9476322650909423,1,True
47563,0.9475817203521728,1,True
14892,0.9475341880321503,1,True
11614,0.9475171685218811,1,True
74800,0.9473778450489044,1,True
95586,0.947302621603012,1,True
85188,0.9472813427448272,1,True
40959,0.9471788799762726,1,True
80966,0.9471619820594788,1,True
71927,0.9470961487293243,1,True
70939,0.9470731711387634,1,True
54950,0.9470729947090148,1,True
21681,0.9470710849761963,1,True
71992,0.947069296836853,1,True
76347,0.9470271265506744,1,True
24231,0.9470161616802215,1,True
58995,0.9469865977764129,1,True
86308,0.9469823932647705,1,True
47295,0.946910480260849,1,True
96794,0.9468742132186889,1,True
31568,0.9468153214454651,1,True
54435,0.9467498183250427,1,True
65561,0.9467145001888275,1,True
41211,0.9466708993911743,1,True
65630,0.9465251684188842,1,True
55820,0.9465142905712127,1,True
69988,0.9464620494842529,1,True
11759,0.9463195896148682,1,True
44538,0.9463056147098541,1,True
10715,0.9462794160842896,1,True
68920,0.9462581372261047,1,True
55865,0.9460736906528473,1,True
54841,0.9460439872741699,1,True
34993,0.9460209405422211,1,True
77958,0.9459791874885559,1,True
19644,0.9459442639350891,1,True
54579,0.9459431564807892,1,True
95990,0.9459055459499359,1,True
68522,0.9458840584754944,1,True
94930,0.9458504116535187,1,True
25641,0.945832291841507,1,True
24473,0.9457768893241882,1,True
18421,0.945736404657364,1,True
34362,0.9456527924537659,1,True
46259,0.9456280565261841,1,True
44633,0.9456220960617066,1,True
28317,0.9455455386638641,1,True
54455,0.9455443120002747,1,True
59914,0.9455234801769257,1,True
74982,0.94550905585289,1,True
55715,0.9454748725891113,1,True
55921,0.9454393482208252,1,True
75692,0.9453898167610169,1,True
55961,0.945361385345459,1,True
65835,0.9452796077728272,1,True
75271,0.9451950931549072,1,True
90886,0.94513622879982,1,True
9879,0.9450800240039825,1,True
91553,0.9450585341453552,1,True
84604,0.945031659603119,1,True
15304,0.9450143373012543,1,True
74564,0.9450079596042633,1,True
75275,0.944845894575119,1,True
4675,0.9448131120204926,1,True
59817,0.9447722792625427,1,True
4776,0.9447645938396454,1,True
44976,0.9446970319747925,1,True
48202,0.9446237647533418,1,True
79873,0.944609102010727,1,True
54976,0.944589684009552,1,True
81985,0.9445895326137543,1,True
1911,0.9445858669281006,1,True
45934,0.944567004442215,1,True
51958,0.9445606243610383,1,True
70515,0.944527782201767,1,True
65604,0.9444179928302765,1,True
61944,0.94440824508667,1,True
95499,0.944403121471405,1,True
4713,0.9443975782394409,1,True
84637,0.9443920946121216,1,True
31782,0.9443799328804017,1,True
65702,0.9443447959423066,1,True
30764,0.9443251264095307,1,True
60864,0.944226987361908,1,True
38775,0.9441916191577912,1,True
45805,0.9441658031940461,1,True
80668,0.944061793088913,1,True
31889,0.9440411996841431,1,True
48999,0.9439759624004365,1,True
86198,0.9439685416221619,1,True
76331,0.9438366663455964,1,True
78798,0.9437082481384278,1,True
84725,0.9436554980278016,1,True
94978,0.9436098408699036,1,True
28718,0.9435223710536957,1,True
71267,0.943497486114502,1,True
64379,0.9434715604782105,1,True
57291,0.9434310865402222,1,True
75463,0.943405545949936,1,True
7963,0.9433669519424439,1,True
59824,0.9433270788192749,1,True
69578,0.9433032941818238,1,True
24523,0.943273640871048,1,True
74620,0.9432720911502839,1,True
4734,0.943223900794983,1,True
34707,0.9432167482376099,1,True
74141,0.9432004761695862,1,True
54995,0.9431352090835572,1,True
65743,0.9430704486370087,1,True
94742,0.942912175655365,1,True
44602,0.9428862702846528,1,True
67908,0.9427909624576569,1,True
69976,0.9427753758430482,1,True
74607,0.942767984867096,1,True
74969,0.9426602494716645,1,True
55165,0.9426170361042023,1,True
55065,0.9425574016571046,1,True
15955,0.942556688785553,1,True
88917,0.9425418448448182,1,True
55301,0.9424845349788666,1,True
98947,0.9423641932010651,1,True
4589,0.9423356449604035,1,True
31955,0.9422714757919312,1,True
14615,0.9422654879093171,1,True
35590,0.9422478449344636,1,True
70975,0.942204122543335,1,True
10416,0.9422025728225708,1,True
90967,0.9421553659439087,1,True
91979,0.9421013939380646,1,True
70988,0.9420280802249908,1,True
61443,0.9419654953479767,1,True
763,0.9419600415229797,1,True
31971,0.9419558095932007,1,True
45529,0.9419428479671479,1,True
31985,0.9419148910045624,1,True
94807,0.941897578239441,1,True
30898,0.9418009269237518,1,True
7209,0.9416925954818726,1,True
27153,0.9416594254970551,1,True
19949,0.9416506338119507,1,True
35396,0.9415944564342499,1,True
80481,0.9415519285202026,1,True
36144,0.941488538980484,1,True
34290,0.941465859413147,1,True
45221,0.9412524771690369,1,True
78872,0.9412487494945526,1,True
5567,0.9412455928325654,1,True
55999,0.9412322092056274,1,True
55507,0.9412116456031799,1,True
14997,0.941198890209198,1,True
97345,0.9411678683757783,1,True
57370,0.941105968952179,1,True
8996,0.9409956705570222,1,True
54946,0.9409398484230042,1,True
99921,0.94093407869339,1,True
84763,0.9408621537685394,1,True
61985,0.9407710778713226,1,True
95993,0.9405542957782745,1,True
4876,0.9405340003967285,1,True
85811,0.9405284571647644,1,True
4479,0.9405139136314392,1,True
44540,0.9403569841384888,1,True
35892,0.9403567361831665,1,True
71350,0.9402267980575562,1,True
4208,0.9400483119487762,1,True
54785,0.9400388646125794,1,True
74229,0.9400073635578156,1,True
25124,0.9396954524517059,1,True
61926,0.9396153712272644,1,True
34711,0.9395796155929566,1,True
75833,0.9395254600048065,1,True
51788,0.9395217025279998,1,True
11934,0.9395163679122924,1,True
5509,0.9394935417175293,1,True
30987,0.9394737207889556,1,True
71952,0.9394405806064605,1,True
902,0.939429702758789,1,True
20885,0.9394046092033386,1,True
20592,0.9393243515491485,1,True
24207,0.9392498183250427,1,True
91112,0.9392328286170959,1,True
5686,0.9391069459915161,1,True
84434,0.9390921318531036,1,True
65317,0.9390881407260895,1,True
31675,0.9389883601665496,1,True
8784,0.9389462542533875,1,True
91880,0.9387556433677673,1,True
27311,0.9387459778785705,1,True
71899,0.9387172186374664,1,True
75310,0.938437317609787,1,True
69472,0.938435765504837,1,True
24549,0.9383364343643188,1,True
85361,0.9383250796794891,1,True
37266,0.938264342546463,1,True
85740,0.9382566535472869,1,True
76966,0.9381763958930969,1,True
45884,0.9381349503993988,1,True
65427,0.9381191158294677,1,True
5979,0.9381148540973663,1,True
14367,0.9380877065658569,1,True
29860,0.9380499744415283,1,True
85664,0.9380449676513671,1,True
85532,0.9380174005031585,1,True
44041,0.9379818487167358,1,True
58823,0.9379489147663116,1,True
81584,0.9378686988353729,1,True
98994,0.9377087974548339,1,True
18511,0.9376943731307983,1,True
49975,0.937694194316864,1,True
64644,0.9374822998046874,1,True
54099,0.9374736893177033,1,True
94353,0.9374330985546112,1,True
66222,0.9373792135715484,1,True
78977,0.9373210096359252,1,True
21908,0.9372544884681702,1,True
91814,0.937234284877777,1,True
40689,0.9372137188911438,1,True
50972,0.9371989369392395,1,True
54172,0.9371813559532165,1,True
91985,0.9370007812976837,1,True
34786,0.9369789385795593,1,True
50471,0.9369744956493378,1,True
1929,0.9369562864303589,1,True
91751,0.9369437992572784,1,True
51756,0.9368668496608734,1,True
81954,0.9368609488010406,1,True
80969,0.9368387162685394,1,True
24804,0.936734082698822,1,True
61225,0.9367291927337646,1,True
99827,0.9367169678211212,1,True
54959,0.9366965067386628,1,True
80685,0.9366934299468994,1,True
71466,0.936675488948822,1,True
4398,0.9365141117572784,1,True
25776,0.9364434778690338,1,True
35399,0.9362770020961761,1,True
48766,0.9361193847656251,1,True
65935,0.9360790276527404,1,True
55215,0.9360566759109497,1,True
24304,0.9359853863716125,1,True
14972,0.9359831881523133,1,True
79822,0.9359335005283356,1,True
5531,0.9359308481216431,1,True
7197,0.9359071695804596,1,True
24185,0.9359032511711121,1,True
8970,0.9358387589454651,1,True
29706,0.935833066701889,1,True
5551,0.9357872605323792,1,True
99986,0.9356966316699982,1,True
58948,0.9356419491767883,1,True
94849,0.9356212615966797,1,True
84567,0.9355235397815704,1,True
49630,0.9354804456233978,1,True
64790,0.9353298044204712,1,True
77225,0.935272753238678,1,True
79962,0.9351332187652588,1,True
9714,0.9350891709327698,1,True
4946,0.9350060319900513,1,True
11906,0.9347530579566956,1,True
84138,0.9347094869613648,1,True
66476,0.9346676087379455,1,True
29782,0.9346027994155883,1,True
28822,0.934585702419281,1,True
90191,0.934582588672638,1,True
877,0.9345622336864472,1,True
30548,0.934545156955719,1,True
11912,0.9345406270027161,1,True
21938,0.9344986355304719,1,True
91761,0.9344882345199585,1,True
41515,0.9344859099388123,1,True
99113,0.9344788193702698,1,True
67285,0.9344390332698822,1,True
44667,0.9344074499607087,1,True
5457,0.9344052648544312,1,True
96356,0.9343678629398346,1,True
10949,0.9343057847023011,1,True
85871,0.9342063462734223,1,True
38861,0.9341625845432282,1,True
20963,0.9341243481636048,1,True
99901,0.9340892410278321,1,True
74594,0.9340335404872895,1,True
94582,0.9338762760162354,1,True
60786,0.933862236738205,1,True
47101,0.9338528788089753,1,True
68840,0.9338468313217163,1,True
91041,0.933677943944931,1,True
6214,0.9335755980014802,1,True
86208,0.9334734952449799,1,True
31983,0.9334173476696015,1,True
24458,0.933395711183548,1,True
68998,0.9332004165649415,1,True
1926,0.933198539018631,1,True
68302,0.9329895842075349,1,True
56319,0.9327814054489136,1,True
48696,0.9327546334266663,1,True
59950,0.9326838350296021,1,True
61517,0.9326797997951508,1,True
69960,0.9324310100078583,1,True
38984,0.9323422586917878,1,True
30899,0.9323277425765991,1,True
4448,0.9322507357597352,1,True
61909,0.9322120499610901,1,True
39819,0.9322073006629944,1,True
70919,0.9321996521949768,1,True
35865,0.9321948015689849,1,True
34936,0.9321650934219361,1,True
11984,0.9321625185012817,1,True
21805,0.9321588230133057,1,True
71921,0.9321446967124939,1,True
60940,0.9321442794799805,1,True
1228,0.9321294677257538,1,True
30564,0.9320256960391998,1,True
20635,0.9319710385799408,1,True
800,0.9319350373744965,1,True
31864,0.9319127452373505,1,True
21919,0.9319091093540192,1,True
70631,0.9318658363819122,1,True
69763,0.931791718006134,1,True
80129,0.9317417991161346,1,True
40845,0.9317410838603973,1,True
61952,0.9316472661495209,1,True
50670,0.9316347789764404,1,True
69119,0.931583001613617,1,True
25562,0.9315645349025726,1,True
8179,0.9315642488002778,1,True
15761,0.9314683032035828,1,True
91773,0.9313991022109985,1,True
79932,0.9312778663635254,1,True
74900,0.9312005138397217,1,True
29774,0.9311127638816834,1,True
54048,0.9309365999698639,1,True
51287,0.9308534824848176,1,True
89352,0.9308473420143127,1,True
35318,0.9307608556747436,1,True
5329,0.9307608556747436,1,True
44749,0.9307378780841827,1,True
88313,0.9305502724647522,1,True
68727,0.9305050325393677,1,True
88396,0.9304764783382415,1,True
87349,0.9304445040225983,1,True
54619,0.9304072535037995,1,True
19525,0.9301987540721893,1,True
21596,0.930176031589508,1,True
81654,0.9297826516628265,1,True
39980,0.9297773194313049,1,True
90840,0.9296764361858367,1,True
60947,0.9296646642684936,1,True
50911,0.9295283579826354,1,True
70827,0.929507188796997,1,True
11845,0.9294951784610748,1,True
90983,0.9294342923164367,1,True
70362,0.929413102865219,1,True
96106,0.929365291595459,1,True
1965,0.9293608891963958,1,True
58080,0.9292775094509125,1,True
79959,0.9292749989032745,1,True
80324,0.9292357790470123,1,True
24374,0.9291641342639922,1,True
64319,0.9291330802440643,1,True
10128,0.9291172552108764,1,True
64264,0.9290994036197662,1,True
65377,0.9290645349025726,1,True
70139,0.92904665350914,1,True
88992,0.9290235984325409,1,True
69226,0.9289632368087768,1,True
89572,0.9289310204982757,1,True
4330,0.9288566040992736,1,True
58787,0.9288111555576324,1,True
18994,0.928799055814743,1,True
44336,0.9287106323242187,1,True
4376,0.9286254894733429,1,True
95878,0.9284952926635742,1,True
38910,0.9283254492282867,1,True
87176,0.9282512593269348,1,True
24898,0.9278915476799011,1,True
45528,0.9277982938289642,1,True
29893,0.927755467891693,1,True
39963,0.927723251581192,1,True
7022,0.9275039958953857,1,True
1874,0.9274739074707031,1,True
80905,0.9273622059822082,1,True
17086,0.9272497224807739,1,True
94964,0.9272019541263581,1,True
41645,0.9271902942657471,1,True
28973,0.9271780478954315,1,True
11974,0.9271755421161652,1,True
50834,0.9271622204780579,1,True
21122,0.9271393620967865,1,True
60923,0.9270365142822266,1,True
16214,0.926999442577362,1,True
41905,0.9269939267635345,1,True
61950,0.9269689524173736,1,True
43597,0.9268990433216096,1,False
60423,0.9268833303451538,1,True
34861,0.9268804419040679,1,True
71748,0.9268272423744202,1,True
14233,0.9266917610168457,1,True
51882,0.9266659224033356,1,True
34512,0.9266624677181243,1,True
19217,0.9266538524627685,1,True
95907,0.9266129755973815,1,True
47537,0.9265921580791474,1,True
44175,0.9265541338920593,1,True
58805,0.926405748128891,1,True
84941,0.9263525307178497,1,True
4207,0.9262488687038422,1,True
50993,0.9262408220767975,1,True
38528,0.92619854927063,1,True
55654,0.9261646175384521,1,True
76165,0.9261116290092468,1,True
49683,0.926014324426651,1,True
25560,0.9257378780841827,1,True
66795,0.9254429829120636,1,False
18997,0.9254336059093475,1,True
65440,0.9253680753707886,1,True
84706,0.9253085160255432,1,True
34530,0.9248506927490234,1,True
71926,0.9247149407863617,1,True
48972,0.9247004616260528,1,True
70977,0.9246447563171387,1,True
30914,0.9245563328266144,1,True
31620,0.9245179176330567,1,True
11966,0.9244592070579529,1,True
31968,0.9244383752346039,1,True
31925,0.9243715584278107,1,True
94932,0.9242826879024506,1,True
51691,0.9242512464523316,1,True
50691,0.9242508292198182,1,True
91948,0.9242476105690003,1,True
9969,0.9240930581092834,1,True
85726,0.9240918803215027,1,True
14701,0.9240766942501069,1,True
80511,0.9240622699260712,1,True
38737,0.923872572183609,1,True
71959,0.9237494051456452,1,True
10897,0.9237429976463318,1,True
64457,0.9237332224845887,1,True
70741,0.9236473190784454,1,True
25629,0.9236339974403381,1,True
86167,0.9236259639263154,1,True
74677,0.9236190795898438,1,True
59932,0.9235325634479523,1,True
75829,0.9235280632972718,1,True
14710,0.9235085725784302,1,True
99865,0.9234829127788544,1,True
5286,0.9233926510810853,1,True
80886,0.9233904707431793,1,True
31244,0.9233378052711487,1,True
35497,0.9232299077510834,1,True
94684,0.9232043206691742,1,True
38949,0.9230981945991517,1,True
14543,0.9230205094814301,1,True
89990,0.9227564907073975,1,True
15133,0.922693806886673,1,True
65893,0.9226459193229675,1,True
44718,0.9225451827049256,1,True
56085,0.9223793721199036,1,True
28956,0.9223116517066956,1,True
9973,0.9222905218601227,1,True
58974,0.9222301125526429,1,True
91929,0.9222077584266662,1,True
70677,0.9221726059913635,1,True
909,0.9221650815010071,1,True
61852,0.9221504783630371,1,True
58934,0.9221384084224701,1,True
81922,0.9220827078819275,1,True
1619,0.9220750784873962,1,True
924,0.9220721578598022,1,True
51855,0.9220156526565552,1,True
51115,0.9219997084140777,1,True
1974,0.9219660913944244,1,True
60484,0.9219199573993683,1,True
94190,0.9218894398212433,1,True
14436,0.9216133511066437,1,True
11827,0.9216071820259094,1,True
74137,0.9215805089473724,1,True
81860,0.9215497529506683,1,True
14062,0.9213031983375549,1,True
5166,0.9212863600254059,1,True
65906,0.9212328267097474,1,True
64249,0.9211935555934906,1,True
95249,0.9211935555934906,1,True
34654,0.9211646175384521,1,True
64059,0.9210825443267823,1,True
40488,0.920921015739441,1,True
79767,0.9209143078327179,1,True
65976,0.9207220125198364,1,True
20258,0.9204019188880921,1,True
55755,0.9203943264484405,1,True
25261,0.9202446818351746,1,True
17169,0.9201264834403992,1,True
48860,0.9200955486297607,1,True
74714,0.9200068271160126,1,True
75557,0.9199627041816711,1,True
70821,0.9197951090335845,1,True
74173,0.9197250461578369,1,True
90109,0.9196628761291503,1,True
80703,0.9196440708637237,1,True
90587,0.9196026456356048,1,True
70489,0.9195971620082855,1,True
81833,0.9195964467525481,1,True
90895,0.919596208333969,1,True
50827,0.9195877444744109,1,True
90893,0.9195336234569549,1,True
10695,0.9195325505733489,1,True
41561,0.9195030784606933,1,True
70875,0.9195018541812896,1,True
50193,0.9194748532772063,1,True
21712,0.9193906319141387,1,True
91963,0.9193762969970702,1,True
50500,0.9192661476135253,1,True
95471,0.9192187917232513,1,True
29651,0.9190632832050323,1,True
44546,0.9190361452102661,1,True
34221,0.9188818764686584,1,True
85947,0.9188697385787964,1,True
98960,0.9188620579242706,1,True
4866,0.918798485994339,1,True
65182,0.9187713098526,1,True
74030,0.9186935555934905,1,True
5389,0.9186646175384521,1,True
34234,0.9186603558063506,1,True
24327,0.9186518025398254,1,True
35484,0.9185638558864593,1,True
64261,0.9185447347164154,1,True
85889,0.9184813153743744,1,True
7128,0.9180848729610442,1,True
87198,0.9179869771003724,1,True
75626,0.9179679656028747,1,True
50880,0.9179077422618866,1,True
7149,0.9177278113365173,1,True
54301,0.9176447224617004,1,True
80486,0.9175040996074677,1,True
4129,0.9174863529205322,1,True
15725,0.917453212738037,1,True
4632,0.9173439574241637,1,True
30816,0.9172760951519012,1,True
79589,0.9172744202613831,1,True
1514,0.9172210800647735,1,True
30488,0.9170735287666321,1,True
20460,0.917020868062973,1,True
70305,0.9170188117027283,1,True
81504,0.9169963705539703,1,True
10643,0.9169013905525207,1,True
65013,0.9167828691005706,1,True
59911,0.9167778623104095,1,True
25916,0.9167205572128296,1,True
710,0.916690628528595,1,True
45369,0.9166473948955536,1,True
81676,0.9166172552108764,1,True
61885,0.9165595746040345,1,True
47133,0.9164073300361633,1,True
35562,0.9163077878952026,1,True
91234,0.916260312795639,1,True
45335,0.9162043952941894,1,True
94331,0.9161630702018737,1,True
55489,0.9161353814601898,1,True
21818,0.9161039698123932,1,True
38963,0.916091845035553,1,True
9257,0.9160535442829132,1,True
20992,0.9157334172725677,1,True
15137,0.9157306110858917,1,True
34277,0.9154881370067596,1,True
4462,0.9152985918521881,1,True
65692,0.9152140176296234,1,True
89623,0.9151835250854492,1,True
67784,0.9151574909687042,1,True
86246,0.9151455569267273,1,True
75204,0.9149863529205322,1,True
14336,0.9149532127380371,1,True
4381,0.9145933413505554,1,True
31964,0.9145264112949372,1,True
60926,0.9145000660419464,1,True
41595,0.9144899928569794,1,True
31400,0.9144731843471527,1,True
25863,0.9144174933433533,1,True
91621,0.9144046688079834,1,True
44985,0.9143815219402314,1,True
30792,0.9143421733379364,1,True
40158,0.91425896525383,1,True
70261,0.9140847110748291,1,True
931,0.9140383386611939,1,True
90224,0.9138237917423249,1,True
35172,0.9138155364990235,1,True
1404,0.9137362325191498,1,True
84128,0.9137196326255799,1,True
81065,0.9136675429344177,1,True
41148,0.913584121465683,1,True
45640,0.9135081994533538,1,True
45065,0.9135052347183228,1,True
78406,0.9130993986129761,1,True
20446,0.9130068576335907,1,True
49102,0.9126167380809784,1,True
28915,0.9125134027004242,1,True
94658,0.9123482608795166,1,True
4915,0.9122530126571655,1,True
65657,0.9122407817840577,1,True
1666,0.9122248947620392,1,True
18759,0.9122163951396942,1,True
54708,0.9121445798873902,1,True
51917,0.9120194673538208,1,True
77033,0.9120170557498932,1,True
91692,0.9119983375072479,1,True
65572,0.9119577252864838,1,True
514,0.9118949234485626,1,True
80948,0.9118431866168976,1,True
98424,0.9117712759971619,1,True
69880,0.9117160499095917,1,True
96098,0.9117045855522156,1,True
91607,0.9117018640041351,1,True
61940,0.9116174340248108,1,True
41697,0.9114747703075409,1,True
13760,0.9114643836021423,1,True
79760,0.9113127648830414,1,True
21867,0.9112612664699554,1,True
10558,0.9112371861934662,1,True
19978,0.9111340999603271,1,True
68706,0.9109162151813507,1,True
48796,0.9109147119522094,1,True
54818,0.9107306230068206,1,True
54947,0.9106625151634216,1,True
39970,0.9104293644428253,1,True
44771,0.910302585363388,1,True
69989,0.9102722012996673,1,True
45795,0.9100621771812438,1,True
65986,0.9099027025699615,1,True
25344,0.9098766851425171,1,True
779,0.9097313916683196,1,True
59969,0.9096477687358856,1,True
80987,0.9096411025524139,1,True
1894,0.909637871980667,1,True
44952,0.9095742678642273,1,True
41847,0.9094807243347167,1,True
81932,0.9093952238559723,1,True
19546,0.9093779873847961,1,True
85814,0.9093535423278809,1,True
11866,0.9093505477905273,1,True
61889,0.909323695898056,1,True
30805,0.9093132948875426,1,True
18714,0.9092665672302246,1,True
88754,0.9090829420089721,1,True
99891,0.9087988770008086,1,True
65633,0.9085586404800414,1,True
91981,0.9079164898395538,1,True
14808,0.9078835034370423,1,True
9917,0.9077415204048156,1,True
45710,0.9076479136943817,1,True
14772,0.9075669598579407,1,True
14855,0.9072677004337311,1,True
41825,0.9071238946914673,1,True
91403,0.9070503425598144,1,True
65329,0.9069299459457397,1,True
90822,0.9067479085922241,1,True
91932,0.9066924166679382,1,True
91643,0.9066861796379089,1,True
51734,0.9066673529148102,1,True
74866,0.9066028773784638,1,True
40741,0.9065107417106628,1,True
44937,0.9064414179325104,1,True
4227,0.9063497817516326,1,True
41669,0.906276763677597,1,True
11042,0.9062702965736389,1,True
34288,0.9061957907676697,1,True
45677,0.9061815094947815,1,False
45245,0.9061589848995208,1,True
34421,0.9057447469234466,1,True
30995,0.9056029033660888,1,True
55231,0.9054096376895904,1,True
25738,0.9053028476238251,1,True
55787,0.9051827275753022,1,True
8968,0.9049912106990814,1,True
58417,0.9049612295627594,1,True
85730,0.9048925673961639,1,True
91554,0.9047397959232331,1,True
5522,0.9045786416530609,1,True
68220,0.9045356845855712,1,True
20555,0.9044740188121796,1,True
55219,0.9044326555728912,1,True
25937,0.9043434345722199,1,True
36680,0.9042938673496246,1,False
37058,0.9042398643493652,1,True
81233,0.9040071058273316,1,True
50700,0.9040051090717316,1,True
74538,0.9039898526668548,1,True
35349,0.9039505302906037,1,True
25055,0.9039443147182464,1,True
70717,0.9038715052604676,1,True
75738,0.9037682938575744,1,True
50399,0.9037203252315521,1,True
4341,0.9035280632972718,1,True
24388,0.9035052347183228,1,True
19697,0.9034126091003418,1,True
55906,0.9033122992515563,1,True
49591,0.9031831037998199,1,True
25292,0.9029304170608521,1,True
89970,0.9026034903526305,1,True
14294,0.9024914944171906,1,True
64939,0.9024583613872528,1,True
14929,0.9022635197639466,1,True
30284,0.9022386038303376,1,True
71725,0.902224179506302,1,True
25875,0.9019267272949218,1,True
98687,0.9016975724697114,1,True
80130,0.9015954101085664,1,True
95254,0.9015746104717255,1,True
54819,0.9014706695079804,1,True
95639,0.9013809549808502,1,True
659,0.9011014366149903,1,True
49639,0.9009016537666321,1,True
98926,0.9008700811862946,1,True
61492,0.900698881149292,1,True
69738,0.900510128736496,1,True
8388,0.9002714812755584,1,True
34723,0.9001857626438141,1,True
36639,0.9001689851284027,1,False
64441,0.8996606576442718,1,True
41423,0.8996212124824524,1,True
14195,0.8995953106880188,1,True
61876,0.8995753169059754,1,True
5844,0.8995318722724914,1,True
612,0.8993510246276856,1,True
4548,0.8992718017101288,1,True
64935,0.8991892051696777,1,True
91147,0.8991572499275208,1,True
87409,0.8990569090843201,1,True
29733,0.8990492677688598,1,True
38862,0.8990376830101013,1,True
9945,0.8989085865020752,1,True
59031,0.898886080980301,1,True
75812,0.8984818911552429,1,True
61464,0.8984751641750336,1,True
23508,0.8984745156764984,1,True
94313,0.898355462551117,1,True
1310,0.8981792867183686,1,True
44475,0.8980773103237152,1,True
34527,0.8980678009986878,1,True
5555,0.8980631244182586,1,True
65944,0.8977642047405243,1,True
64941,0.8977404487133026,1,True
84712,0.8977136301994324,1,True
89785,0.8976606667041779,1,True
10851,0.897636765241623,1,True
15529,0.8976261329650879,1,True
97703,0.8976212918758393,1,True
56764,0.8973869407176971,1,True
21563,0.8970080232620239,1,True
49136,0.8969642162322998,1,True
79557,0.8969377815723419,1,True
31608,0.8968889033794403,1,True
10801,0.8968728399276733,1,True
15838,0.8968517911434173,1,True
70566,0.8967644655704499,1,True
85552,0.8967350447177886,1,True
71532,0.8967137551307678,1,True
58454,0.8967095828056335,1,True
59849,0.8966853857040405,1,True
95746,0.8966544055938721,1,True
14906,0.8965891730785369,1,True
61327,0.8965837574005127,1,True
20425,0.8965774095058441,1,True
58550,0.8965426921844483,1,True
65293,0.8964551627635956,1,True
48292,0.8963668632507324,1,True
64765,0.8963219380378723,1,True
29057,0.8962237393856048,1,True
71378,0.8962038075923919,1,True
5032,0.895937317609787,1,True
48731,0.8958732104301452,1,True
39681,0.8956903135776519,1,True
18815,0.8956619083881379,1,True
49158,0.8956610178947448,1,True
55853,0.8956061589717865,1,True
4605,0.8952867996692657,1,True
71339,0.8952537989616394,1,True
91483,0.8952120578289031,1,True
55577,0.895153523683548,1,True
54965,0.8951349890232085,1,True
98845,0.8951335763931274,1,True
90034,0.8950234270095825,1,True
71766,0.8949801540374756,1,True
76890,0.8949540531635285,1,True
90556,0.894932599067688,1,True
54698,0.8949117350578308,1,True
84892,0.8948829007148742,1,True
94989,0.8946835243701935,1,True
90240,0.8944418919086456,1,True
60541,0.8944295835494995,1,True
88553,0.8943832850456237,1,True
19887,0.8942747497558594,1,True
95326,0.8941384589672088,1,True
74656,0.8941174805164337,1,True
18825,0.894004545211792,1,True
31445,0.8939970922470093,1,True
56654,0.8939003777503967,1,True
95757,0.8938445627689362,1,True
25514,0.8937752997875213,1,True
5304,0.8935840618610382,1,True
59781,0.8934764182567596,1,True
79715,0.8934331846237182,1,True
84766,0.893384599685669,1,True
24463,0.8933536994457245,1,True
11105,0.8933308911323548,1,True
26739,0.8932157385349273,1,True
64960,0.8931698834896087,1,True
40407,0.8931289505958557,1,True
35337,0.8931247007846832,1,True
81965,0.8930311691761017,1,True
81707,0.8928303527832031,1,True
44981,0.8927755641937256,1,True
14554,0.8927550899982453,1,True
75576,0.8927255129814148,1,True
55639,0.892626587152481,1,True
95793,0.8925732910633087,1,True
11254,0.8924691867828369,1,True
45652,0.8924531698226928,1,True
55809,0.8923979437351226,1,True
31415,0.892183290719986,1,True
35701,0.8920497500896454,1,True
1443,0.8920140433311463,1,True
80799,0.8918432533740998,1,True
85629,0.8918219292163849,1,True
41803,0.8916708993911744,1,True
70276,0.8916180300712586,1,True
19375,0.8914729249477387,1,True
39729,0.8914452064037324,1,True
55419,0.8914180660247804,1,True
41396,0.8913857650756836,1,True
25910,0.8913643789291381,1,True
44467,0.8913198935985565,1,True
17597,0.8912813770771026,1,True
25293,0.8912313342094421,1,True
54645,0.8912055683135987,1,True
4634,0.891194635629654,1,True
89188,0.8911642599105836,1,True
75891,0.8911165034770965,1,True
84826,0.8910902202129364,1,True
95903,0.8908720827102661,1,True
48419,0.8908161985874177,1,True
88703,0.8906598258018494,1,True
64522,0.8906262183189393,1,True
75893,0.8905752217769622,1,True
34777,0.8904993963241576,1,True
94593,0.8904404997825622,1,True
88848,0.890413807630539,1,True
74638,0.8901941835880279,1,True
8713,0.8901936280727387,1,True
15523,0.8900710928440094,1,True
58917,0.8899924921989442,1,True
75877,0.8899410629272462,1,True
95561,0.8898340928554536,1,True
46057,0.8895281744003296,1,True
70636,0.8894489550590515,1,True
41584,0.8892718100547791,1,True
55547,0.8891731667518616,1,True
50923,0.8891384744644165,1,True
8875,0.8890894138813019,1,True
9216,0.8890743398666382,1,True
64922,0.8890624678134917,1,True
22306,0.8890394580364227,1,True
30645,0.8889903271198273,1,True
65884,0.8889679872989655,1,True
84803,0.8889264154434204,1,True
25830,0.8889196503162384,1,True
21179,0.8889176094532013,1,True
1504,0.8887777173519135,1,True
54445,0.8886713314056396,1,True
29791,0.8886500060558319,1,True
54673,0.8886313939094543,1,True
85729,0.8885162711143494,1,True
20619,0.8883992278575897,1,True
94686,0.8883134984970094,1,True
4545,0.8883029484748841,1,True
65885,0.8877608668804169,1,True
44778,0.8877600944042205,1,True
44729,0.8876562523841858,1,True
88810,0.8876221942901612,1,True
18980,0.8876172149181366,1,True
48938,0.8875792467594147,1,True
54447,0.8874833774566651,1,True
34462,0.8874460196495055,1,True
68968,0.8870347285270691,1,True
21885,0.8870317757129669,1,True
31792,0.8870289361476897,1,True
40522,0.886891347169876,1,True
55860,0.8867881202697754,1,True
94754,0.8867320036888122,1,True
44862,0.8866108894348145,1,True
47658,0.8865118610858918,1,True
51726,0.8864842474460601,1,True
20880,0.8864625835418701,1,True
65868,0.886198947429657,1,True
25382,0.8861847257614135,1,True
18691,0.8860771179199218,1,True
48905,0.8858913791179657,1,True
19438,0.8857824623584747,1,True
64861,0.8855183351039886,1,True
84808,0.8853634357452392,1,True
55847,0.8853298091888429,1,True
34863,0.8852671444416046,1,True
19966,0.885016930103302,1,True
20876,0.8849347949028015,1,True
5839,0.8848904681205749,1,True
17772,0.8846613872051239,1,True
52297,0.8846595752239228,1,True
35822,0.88465012550354,1,True
9643,0.8845496892929077,1,True
10923,0.8845157718658447,1,True
90568,0.8845115995407105,1,True
24694,0.8845113682746888,1,True
45510,0.8844626235961914,1,True
60195,0.8844329214096069,1,True
79639,0.8843046665191651,1,True
11083,0.8842402493953705,1,True
62006,0.8842239761352539,1,False
42365,0.8842093610763551,1,True
80707,0.8841035461425781,1,True
31627,0.8840142285823822,1,True
5925,0.8836515140533447,1,True
15636,0.883605511188507,1,True
95431,0.8835283935070037,1,True
88736,0.8833412098884583,1,True
66454,0.8833108031749726,1,True
4802,0.883296275138855,1,True
18758,0.8832282817363739,1,True
4574,0.8832268905639649,1,True
45666,0.8831186830997467,1,True
65890,0.8830898869037629,1,True
25739,0.8830644607543945,1,True
14419,0.8830314517021179,1,True
14695,0.8830237400531769,1,True
74566,0.8828609108924865,1,True
84832,0.8827861452102661,1,True
74983,0.8827268970012665,1,True
65994,0.8826904261112214,1,True
31172,0.8826794815063477,1,True
89683,0.8826548671722412,1,True
4804,0.8824878144264221,1,True
80612,0.8824769055843353,1,True
95306,0.8824473607540131,1,True
65461,0.882437150478363,1,True
41632,0.8824277901649475,1,True
34109,0.8823888564109803,1,True
44977,0.8823454594612121,1,True
30955,0.882315526008606,1,True
54846,0.8823041808605194,1,True
38975,0.8822465038299561,1,True
15918,0.8821807050704956,1,True
40616,0.8820526373386384,1,True
84295,0.8820291125774384,1,True
91587,0.8819238018989564,1,True
34539,0.8819119071960448,1,True
68924,0.8818779659271241,1,True
94620,0.8818726229667664,1,True
10205,0.8817715120315552,1,True
70850,0.8817014014720916,1,True
67762,0.8815722298622131,1,True
98435,0.8813798248767852,1,True
8075,0.881294721364975,1,True
81802,0.8811740970611572,1,True
84422,0.8811736321449279,1,True
8903,0.8811464083194733,1,True
21941,0.8810242331027984,1,True
4234,0.88095947265625,1,True
24516,0.8809430146217346,1,True
4269,0.8808911526203156,1,True
55855,0.8808130145072937,1,True
41108,0.8807945322990418,1,True
49868,0.8807165694236756,1,True
65882,0.8806989431381226,1,True
15493,0.8805742824077607,1,True
85962,0.8804815208911896,1,True
70823,0.8804422235488891,1,True
64887,0.8801726448535919,1,True
64908,0.8801684820652008,1,True
21545,0.8800065016746521,1,True
96747,0.879992892742157,1,True
67620,0.8798600471019744,1,True
9209,0.8797834312915802,1,True
50718,0.879758871793747,1,True
90313,0.8797157156467438,1,True
67001,0.879700220823288,1,True
43256,0.8795609271526337,1,True
96397,0.8795389986038208,1,True
11587,0.8795308220386505,1,True
61362,0.879453604221344,1,True
45511,0.8792674458026886,1,True
29652,0.8791966187953949,1,True
54356,0.8790910184383393,1,True
94522,0.8790678548812867,1,True
24899,0.8790605783462524,1,True
71611,0.8790082383155823,1,True
47857,0.8789010202884674,1,True
9848,0.8788067173957825,1,True
54596,0.8785258102416993,1,True
35772,0.878476345539093,1,True
89617,0.8784447658061981,1,True
85931,0.8783768022060394,1,True
38647,0.8783267486095429,1,True
44505,0.8782826256752014,1,True
64628,0.8782360315322876,1,True
34379,0.8779906475543976,1,True
2481,0.8779833161830902,1,True
99423,0.8779190230369568,1,True
99632,0.8779023635387421,1,True
1692,0.8778475570678711,1,True
95962,0.8778000020980835,1,True
34676,0.8777541089057923,1,True
25880,0.8777226364612579,1,True
14976,0.8775584065914155,1,True
91894,0.8775419342517853,1,True
24346,0.8774688851833343,1,True
18810,0.8774629652500152,1,True
48348,0.8774028170108795,1,True
44480,0.8773639047145844,1,True
21987,0.8772294116020203,1,True
48613,0.877150673866272,1,True
11531,0.8771320927143097,1,True
15680,0.8770120882987976,1,True
40244,0.8769868636131286,1,True
15693,0.8769168639183045,1,True
85918,0.8768930876255036,1,True
1849,0.8768735551834106,1,True
72248,0.8768164908885956,1,True
41574,0.876796635389328,1,True
71218,0.8767537200450897,1,True
31123,0.8765008771419525,1,True
38951,0.8763602268695831,1,True
95627,0.8762863659858704,1,True
55846,0.8761439418792725,1,True
75426,0.876092153787613,1,True
85753,0.8760604631900788,1,True
44639,0.8759652340412141,1,True
34928,0.8756171596050262,1,True
35904,0.8755560386180878,1,True
54152,0.8753896248340607,1,True
65402,0.8753757667541504,1,True
41239,0.8751083636283874,1,True
15874,0.8751080644130707,1,True
94632,0.8749571943283081,1,True
24434,0.8749533665180207,1,True
75851,0.8749269366264343,1,True
5363,0.8748619794845581,1,True
938,0.8747980892658234,1,True
64682,0.8747061455249787,1,True
95328,0.8746427416801452,1,True
89965,0.874615671634674,1,True
34958,0.874604709148407,1,True
84737,0.8745677316188812,1,True
94980,0.8743670654296876,1,True
88961,0.874341186285019,1,True
75412,0.8742226624488831,1,True
80694,0.8741966784000397,1,True
64766,0.8741659915447235,1,True
93190,0.8741171157360077,1,True
14826,0.8741134643554688,1,True
75697,0.8740932238101959,1,True
75919,0.8740527927875519,1,True
44548,0.8740278971195221,1,True
51645,0.8740258812904358,1,True
8919,0.873955442905426,1,True
59924,0.8738962674140931,1,True
24573,0.8738204872608184,1,True
61119,0.8738164305686951,1,True
24712,0.8738028573989869,1,True
60874,0.8736847639083862,1,True
49938,0.8736601591110229,1,True
37251,0.8735822546482086,1,True
14931,0.8735800182819367,1,True
75860,0.8734568178653717,1,True
54497,0.8734541380405426,1,True
34973,0.8734039211273193,1,True
7634,0.8733293902873993,1,True
5956,0.8733244287967682,1,True
79344,0.8732299959659576,1,True
79865,0.8731792867183685,1,True
8831,0.873025997877121,1,True
5661,0.8730226075649261,1,True
90483,0.8728931248188019,1,True
95959,0.8728852736949921,1,True
44945,0.8728528940677642,1,True
85853,0.8728415882587433,1,True
79061,0.8727761805057526,1,True
87838,0.8725417959690094,1,True
51977,0.8724847900867463,1,True
34645,0.8724225425720216,1,True
28760,0.8724042475223541,1,True
11693,0.8723374605178833,1,True
88307,0.8723337519168854,1,True
43928,0.8723039424419403,1,True
44960,0.8722888004779816,1,True
81940,0.8722514510154724,1,True
94365,0.8720519065856933,1,True
80536,0.8720487332344056,1,True
84734,0.8719915568828582,1,True
74475,0.871985627412796,1,True
55944,0.8719032275676728,1,True
84974,0.8718642020225524,1,True
35956,0.8716511166095733,1,True
4587,0.8715353465080261,1,True
90888,0.8715117549896241,1,True
71581,0.8714292919635773,1,True
98764,0.8714121556282044,1,True
5902,0.8712812089920043,1,True
60730,0.8712233150005341,1,True
30979,0.8710838377475738,1,True
94841,0.8710057508945466,1,True
38070,0.8709853863716126,1,True
48249,0.8708839988708497,1,True
25908,0.8707676744461059,1,True
64389,0.8707089889049531,1,True
55963,0.8706688010692596,1,True
94786,0.8705280387401582,1,True
44929,0.8703725361824035,1,True
45657,0.8702332866191864,1,True
93723,0.8701370978355407,1,True
20041,0.8700923001766205,1,True
28971,0.8700615561008453,1,True
58918,0.8699986982345581,1,True
9416,0.8699913418292999,1,True
34703,0.8699519014358521,1,True
34881,0.8699461901187897,1,True
92743,0.8698951077461243,1,True
66465,0.8698768091201783,1,True
79979,0.8696260869503021,1,True
64942,0.869595000743866,1,True
64815,0.8695217657089234,1,True
1763,0.8695133280754089,1,True
15610,0.8695024418830872,1,True
8093,0.8694080686569214,1,True
38987,0.8692998504638672,1,True
14764,0.8692722475528717,1,True
51293,0.869261349439621,1,True
31379,0.8692481470108032,1,True
90540,0.8691742372512817,1,True
5811,0.8691698229312896,1,True
70747,0.8691342425346374,1,True
88411,0.8690682196617127,1,True
85448,0.8690304517745971,1,True
5900,0.8690099489688874,1,True
44740,0.8689836633205414,1,True
59625,0.8689503765106201,1,True
90293,0.8689158701896668,1,True
65166,0.8687975025177002,1,True
21283,0.8687553358078003,1,True
25992,0.8685617816448212,1,True
80120,0.8685594749450684,1,True
33584,0.8683896064758301,1,True
4967,0.8682624697685242,1,True
67053,0.8682270860671997,1,True
74873,0.8681633841991425,1,True
14770,0.8681379449367523,1,True
84721,0.8680403232574463,1,True
35767,0.8679392993450165,1,False
14251,0.8678675174713135,1,True
15672,0.8678560471534729,1,True
84569,0.8678530943393707,1,True
5734,0.8677537441253662,1,True
24874,0.8676846146583557,1,True
24076,0.8676747703552246,1,True
89512,0.8676485669612884,1,True
57820,0.8674706792831421,1,False
54864,0.867453442811966,1,True
79982,0.8674343526363373,1,True
33613,0.8674114418029786,1,True
30423,0.867403702735901,1,True
70980,0.86729984998703,1,True
16606,0.8672689485549927,1,True
80467,0.8670819926261901,1,True
65921,0.8670525300502777,1,True
94694,0.8670225489139557,1,True
210,0.8670150315761567,1,True
49514,0.8669032776355743,1,True
35521,0.8668248701095581,1,True
5853,0.8668181002140045,1,True
65505,0.8668016648292541,1,True
94935,0.8667875874042511,1,True
65974,0.866767019033432,1,True
21757,0.8667668628692626,1,True
94938,0.8667060041427612,1,True
4610,0.8666857671737671,1,True
95665,0.8666565442085266,1,True
18336,0.8666479527950287,1,True
94986,0.8666202998161316,1,True
51372,0.8665152418613433,1,True
94669,0.8663469922542573,1,True
47835,0.8662732398509979,1,True
64962,0.8661634373664856,1,True
45670,0.8660950708389282,1,True
25885,0.8660365092754364,1,True
25448,0.8660306286811829,1,True
64992,0.8659218001365662,1,True
25833,0.865906548500061,1,True
64953,0.8657867896556855,1,True
25945,0.8657689416408538,1,True
75662,0.8657365226745606,1,True
74518,0.8656554186344148,1,True
55808,0.865600198507309,1,True
91335,0.8655914294719695,1,True
45966,0.8655316603183747,1,True
35542,0.865464483499527,1,True
84670,0.8654598569869996,1,True
54211,0.8654353964328766,1,True
66695,0.8653807377815246,1,True
35535,0.8653787887096405,1,True
55678,0.8653158926963807,1,True
48602,0.8651466929912568,1,True
5941,0.8650855338573455,1,True
79967,0.8650018799304962,1,True
5641,0.864945217370987,1,True
1893,0.8649290132522582,1,True
55211,0.8649153673648835,1,True
27524,0.8649113798141479,1,True
8908,0.8648958098888397,1,True
14381,0.8647613692283631,1,True
24916,0.8647245931625367,1,True
14996,0.8646968972682954,1,True
61868,0.8646649789810181,1,True
74798,0.8646470785140992,1,True
75917,0.8645708954334259,1,True
95439,0.8645430147647858,1,True
64874,0.8644943857192993,1,True
24124,0.8644338417053223,1,True
85469,0.8644207382202149,1,True
44880,0.8644022607803346,1,True
56052,0.864244692325592,1,True
4429,0.864165643453598,1,True
84199,0.8641538715362549,1,True
54853,0.8641064190864562,1,True
19642,0.8641050505638123,1,True
71352,0.8640832805633545,1,True
70068,0.8640780055522919,1,True
55930,0.8640553951263428,1,True
94643,0.8639448142051697,1,True
1422,0.8638843202590942,1,True
74711,0.8637756848335266,1,True
95996,0.8636950778961181,1,True
94896,0.8636559116840363,1,True
84489,0.8635317981243134,1,True
75723,0.8634652495384216,1,True
24921,0.8634203207492828,1,True
79698,0.8633159005641937,1,True
10791,0.8632909178733825,1,True
5817,0.8632247161865234,1,True
37859,0.8628719079494476,1,False
35950,0.8627484512329102,1,True
44603,0.8626788794994354,1,True
38808,0.8626746487617493,1,True
80649,0.862672928571701,1,True
15590,0.8625881445407868,1,True
34303,0.8625740396976471,1,True
35960,0.8624838769435883,1,True
57955,0.8623992383480072,1,True
54809,0.8622735965251922,1,True
19860,0.8622295534610749,1,True
4937,0.8622250306606293,1,True
5885,0.8620926010608674,1,True
87948,0.8619482219219208,1,True
55856,0.861927752494812,1,True
64938,0.8618580305576324,1,True
71380,0.8617871284484864,1,True
16916,0.8617642164230347,1,False
90441,0.8617291927337647,1,True
54966,0.861696002483368,1,True
50763,0.8616790270805359,1,True
64944,0.8616695976257325,1,True
94747,0.8616539764404296,1,True
5818,0.8616015625,1,True
54418,0.8615942358970642,1,True
16929,0.8615703320503234,1,True
49268,0.8615690469741821,1,True
4096,0.8614946877956391,1,True
74888,0.8614654564857482,1,True
40343,0.8614210367202759,1,True
65713,0.8613830375671387,1,True
28743,0.8612691855430603,1,True
15880,0.8612426567077637,1,True
64285,0.8611840152740479,1,True
19552,0.8611192882061005,1,True
84695,0.8611021828651428,1,True
11581,0.8610687136650086,1,True
74462,0.8610043716430664,1,True
15949,0.8608996570110321,1,False
14392,0.860667804479599,1,True
75715,0.8606572473049163,1,True
85940,0.860654205083847,1,True
35522,0.8606316816806794,1,True
5989,0.8606112229824066,1,True
61647,0.8606026947498322,1,True
14825,0.8605989134311676,1,True
35623,0.8605879843235016,1,True
47123,0.8605163764953614,1,True
66860,0.8603989100456237,1,True
64806,0.860355361700058,1,True
45512,0.8603551781177521,1,True
10717,0.8603364408016205,1,True
21167,0.8603085052967072,1,True
78575,0.8602574372291565,1,True
54227,0.8602392387390136,1,True
14485,0.8602372348308563,1,True
15589,0.8600852429866791,1,True
34569,0.8600748836994171,1,True
55905,0.8600028848648071,1,True
85794,0.8599386286735535,1,True
80909,0.8599353730678558,1,True
64553,0.8597299337387085,1,True
4919,0.8596801578998565,1,True
19257,0.8596677625179291,1,True
75648,0.8596656775474548,1,True
95717,0.8596206605434418,1,True
14087,0.8595955562591553,1,True
77907,0.8595559406280517,1,True
1813,0.8594981932640076,1,True
46636,0.859476101398468,1,True
65564,0.8594288969039917,1,True
35697,0.8593649363517761,1,True
40255,0.8593198502063751,1,True
50956,0.8591830313205719,1,True
64987,0.8591433119773865,1,True
65706,0.8591289842128753,1,True
26356,0.8590879940986633,1,True
84508,0.8590655601024628,1,True
84969,0.8589978671073913,1,True
84069,0.8589660465717316,1,True
88459,0.8589539384841919,1,True
45907,0.8589269244670867,1,True
24954,0.8588939905166626,1,True
34631,0.8587477505207062,1,True
24963,0.8586485552787781,1,True
75269,0.8585893630981445,1,True
60351,0.8585732161998749,1,True
58466,0.8585657227039337,1,True
14728,0.8585167181491852,1,True
44910,0.8585002052783965,1,True
44785,0.8584956443309784,1,True
55232,0.8584910547733307,1,True
95843,0.8584254753589631,1,True
25361,0.8582847452163695,1,True
25954,0.8580717992782593,1,True
28993,0.8580298924446106,1,True
25796,0.8579670739173889,1,True
94406,0.8579220747947693,1,True
77971,0.8578987431526184,1,True
94953,0.8578910183906555,1,True
9722,0.8578427290916443,1,True
74507,0.857828495502472,1,True
35138,0.8577834510803223,1,True
55837,0.8576645147800446,1,True
67861,0.8576525044441223,1,True
14867,0.8575998914241791,1,True
98771,0.8575305497646332,1,True
15140,0.8575236248970032,1,True
65641,0.857425366640091,1,True
4488,0.8573240613937378,1,True
64940,0.8572498905658722,1,True
24871,0.8572266495227814,1,True
24563,0.857177346944809,1,True
75395,0.8571742939949036,1,True
31749,0.8571503257751465,1,True
53350,0.8571346974372864,1,True
55687,0.8568779993057252,1,True
96405,0.8568631160259247,1,True
43356,0.8568305945396424,1,True
14636,0.8568233025074006,1,True
47911,0.8568208825588226,1,True
54982,0.8567351078987122,1,True
2427,0.8566063594818115,1,True
52374,0.8565913164615631,1,True
12738,0.8565294921398163,1,True
44963,0.8565105509757995,1,True
79753,0.8564603519439697,1,True
79915,0.8564361786842346,1,True
4789,0.8562896692752838,1,True
38947,0.8562760925292969,1,True
74830,0.8562379384040832,1,True
45935,0.8560555756092072,1,True
85662,0.8560548317432404,1,True
58836,0.856003416776657,1,True
14978,0.8560003888607025,1,True
98838,0.8559717071056365,1,True
25662,0.8559361147880554,1,True
14645,0.8559254312515259,1,True
49293,0.8558176887035369,1,True
74843,0.8557907819747925,1,True
75900,0.8557267141342163,1,True
84842,0.8557257485389709,1,True
64945,0.855601223707199,1,True
64311,0.8555941784381866,1,True
70922,0.8555604350566863,1,True
15837,0.8555538856983185,1,True
89090,0.855198813676834,1,True
13380,0.8551089692115783,1,True
24373,0.8549476110935211,1,True
17664,0.8548478674888611,1,True
45841,0.8547146224975586,1,True
5124,0.8546615791320801,1,True
4914,0.8545816886425018,1,True
75921,0.8543830788135529,1,True
21311,0.854354600906372,1,True
15764,0.854209510087967,1,True
55060,0.8541483509540557,1,True
15944,0.8540712916851043,1,True
65977,0.8540506362915039,1,True
10354,0.8540237355232239,1,True
54961,0.8539870631694794,1,True
58878,0.8539501357078552,1,True
4506,0.8538960385322572,1,True
44393,0.8538884222507477,1,True
60373,0.85384033203125,1,True
46712,0.8537653648853303,1,True
85885,0.8537119925022125,1,True
85505,0.8536655604839325,1,True
64603,0.8536502206325531,1,True
14823,0.8536280715465545,1,True
95842,0.8536260104179383,1,True
14753,0.8536241400241852,1,True
44246,0.8534541141986847,1,True
28238,0.8534326660633087,1,True
44341,0.853416509628296,1,True
65877,0.8533461546897888,1,True
13481,0.8533195531368256,1,True
21501,0.8533126091957093,1,True
95608,0.8533054542541504,1,True
74926,0.8532501876354217,1,True
5144,0.8532018196582793,1,True
47922,0.8531563293933868,1,True
9056,0.8531445074081421,1,True
35643,0.85309654712677,1,True
34911,0.8530069756507874,1,True
75740,0.8528136837482452,1,True
25424,0.8527967035770416,1,True
64310,0.8527855551242829,1,True
90481,0.8527433848381043,1,True
45925,0.8527390933036805,1,True
5266,0.8526965582370758,1,True
64530,0.8526189875602722,1,True
81030,0.8525191652774811,1,True
84928,0.8524416160583497,1,True
65754,0.8524379682540894,1,True
69464,0.8524182665348052,1,True
72523,0.8523330867290497,1,True
64825,0.8523061573505402,1,True
75396,0.8521619808673859,1,True
9602,0.8520720553398132,1,True
72148,0.8520132231712341,1,True
85878,0.8519969248771668,1,True
83450,0.8519951903820038,1,True
65677,0.8519815945625305,1,True
65365,0.8519612002372742,1,True
62358,0.851958657503128,1,True
90524,0.8518846118450165,1,True
57848,0.8518614566326141,1,True
46398,0.8518160152435303,1,True
75923,0.8517663407325744,1,True
34945,0.8517222309112549,1,True
24612,0.8516067016124725,1,True
1648,0.8515656614303588,1,True
65879,0.8515641534328461,1,True
50853,0.851519582271576,1,True
41277,0.8515002810955048,1,True
58672,0.8514796280860901,1,True
39296,0.8514771842956543,1,True
42443,0.851450046300888,1,True
34726,0.8513665080070496,1,True
78712,0.8512457346916198,1,True
74770,0.8511728596687317,1,True
42544,0.8510272002220154,1,True
96875,0.8510208225250244,1,True
35478,0.8509530556201934,1,True
74960,0.8509495544433594,1,True
86610,0.8508953082561492,1,True
55966,0.8508832359313965,1,True
34272,0.8508324778079986,1,True
85608,0.8507726311683654,1,True
40733,0.8507551896572113,1,True
32599,0.850665910243988,1,True
74718,0.8505800044536591,1,True
95803,0.8505799865722656,1,True
68609,0.8504469275474549,1,True
14736,0.8504364812374114,1,True
33380,0.8502922260761261,1,True
84260,0.8502568399906159,1,True
55597,0.8502197480201721,1,True
47878,0.8502106213569641,1,False
85406,0.8501825332641602,1,True
35220,0.8501770651340484,1,True
75977,0.8501728081703186,1,True
14955,0.8500300073623657,1,True
98174,0.8500181519985199,1,True
99881,0.8500142121315002,1,True
72525,0.8499361157417298,1,True
96704,0.849801800251007,1,True
15736,0.8497549641132355,1,True
95619,0.8496824073791505,1,True
34678,0.8495838177204131,1,True
74500,0.8495824539661407,1,True
46713,0.8495663487911225,1,True
15934,0.8495629835128784,1,True
14495,0.8495541167259216,1,True
8710,0.8494524931907654,1,True
34044,0.8493978381156921,1,True
64617,0.8493484652042389,1,True
55673,0.8492619609832763,1,True
84918,0.8492390716075897,1,True
65337,0.8492016446590424,1,True
55969,0.8491952323913574,1,True
91575,0.8491878271102905,1,True
74914,0.8491790318489074,1,True
24887,0.8490959453582764,1,True
84653,0.8490513908863068,1,True
84532,0.848987330198288,1,True
44980,0.8488950204849244,1,True
15855,0.8488798308372498,1,True
62443,0.8488184714317322,1,True
61313,0.8488005459308624,1,True
46900,0.8487712180614471,1,True
95392,0.8487677896022796,1,True
41787,0.8487476491928101,1,True
84439,0.8487173867225647,1,True
91347,0.8487072944641113,1,True
39860,0.8486752533912658,1,True
5409,0.8486603391170502,1,True
61974,0.8486402416229248,1,True
54859,0.8486397767066955,1,True
14837,0.8485974550247193,1,True
45977,0.8485344767570495,1,True
84792,0.8485308814048766,1,True
64698,0.8485184264183044,1,True
94886,0.8484337997436524,1,True
64160,0.8483502054214478,1,True
66256,0.8482367897033691,1,True
69621,0.8482361626625061,1,True
30389,0.8482331991195678,1,True
64252,0.8482181286811828,1,True
97692,0.848130931854248,1,True
60972,0.8481182885169982,1,True
58627,0.8481059432029724,1,True
39293,0.848092188835144,1,True
85919,0.8480767238140106,1,True
15200,0.8480760061740875,1,True
26263,0.8480406558513641,1,True
74945,0.8480114841461182,1,True
14774,0.8479772162437439,1,True
74374,0.8479720973968505,1,True
34971,0.8479679274559021,1,True
65789,0.8479598009586334,1,True
84318,0.8479216063022614,1,True
29266,0.847691615819931,1,True
74348,0.8476564359664918,1,True
15562,0.8475959813594818,1,True
95761,0.8475931310653686,1,True
94721,0.8475623142719269,1,True
98796,0.8475436568260193,1,True
55600,0.8475274026393891,1,True
54375,0.8475157368183136,1,True
47587,0.847497820854187,1,True
24672,0.8474846351146699,1,True
4954,0.8474193918704986,1,True
84853,0.8473999977111817,1,True
30601,0.8473956716060638,1,True
74038,0.8473826050758362,1,True
38846,0.8473819971084595,1,True
14687,0.8473289406299591,1,True
75766,0.8472461187839508,1,True
14661,0.8471571624279022,1,True
15913,0.8470043623447419,1,True
91555,0.8469669604301453,1,True
95874,0.8469397377967834,1,True
74708,0.8469381105899811,1,True
54945,0.8469293618202209,1,False
35529,0.846917645931244,1,True
18877,0.8467955434322357,1,True
51155,0.8467769062519073,1,True
65795,0.8467476165294647,1,False
24752,0.8467139422893524,1,True
64133,0.8467117023468018,1,True
14959,0.846651496887207,1,True
50406,0.8465156590938567,1,True
94697,0.846509884595871,1,True
34669,0.8464043438434601,1,True
51216,0.8463903701305389,1,True
74597,0.8462641775608063,1,True
25870,0.8462186980247497,1,True
14743,0.8461640763282776,1,True
98402,0.846161459684372,1,True
75942,0.8461410629749297,1,True
14806,0.8461218798160552,1,True
14951,0.846109412908554,1,True
15707,0.84609388589859,1,True
95442,0.8460454618930817,1,True
82512,0.8459859693050384,1,True
54732,0.8459331238269806,1,True
48143,0.8459147119522095,1,True
44745,0.8458176231384278,1,True
22679,0.8457981193065643,1,True
55871,0.8457497203350067,1,True
7738,0.8457269847393036,1,True
55977,0.8457013249397278,1,True
95584,0.8456938147544861,1,True
15550,0.8456601452827454,1,True
44382,0.84564768075943,1,True
85591,0.8456174802780152,1,True
54658,0.8456039381027222,1,True
61059,0.8454772567749023,1,True
20791,0.8454657578468323,1,True
84678,0.8453764939308166,1,True
65825,0.8453747880458832,1,True
44501,0.8453606295585632,1,True
45557,0.8453575778007507,1,True
89465,0.8452834546566009,1,True
95535,0.8451601541042328,1,True
73704,0.8450689697265625,1,True
95902,0.8450638735294342,1,True
52615,0.8450171208381653,1,True
73486,0.8450133335590362,1,True
65080,0.8449873900413514,1,True
45276,0.8449491393566131,1,True
84849,0.8448213422298432,1,True
72440,0.8447876679897308,1,True
37452,0.8445971822738647,1,True
62507,0.844497698545456,1,True
68946,0.8443959808349609,1,True
47713,0.8443694710731506,1,True
14384,0.844342269897461,1,True
35961,0.8443101990222931,1,True
94955,0.8442397665977478,1,True
85980,0.8441117882728577,1,True
97734,0.8441068780422211,1,True
33716,0.8440791499614715,1,True
25375,0.8439981567859649,1,True
91959,0.8439959216117858,1,True
58676,0.8439263892173767,1,True
75762,0.8439126801490784,1,True
34951,0.8439114534854889,1,True
87262,0.8438140165805816,1,True
23669,0.8437177073955535,1,True
44155,0.8437127017974854,1,True
75428,0.8436757051944732,1,True
73677,0.843650267124176,1,False
25477,0.8435892891883849,1,True
25517,0.843421014547348,1,True
48459,0.8433640503883362,1,True
5963,0.8433132970333099,1,True
75815,0.843200523853302,1,False
4763,0.8431992661952972,1,True
66240,0.8431219661235809,1,True
78702,0.8429271602630615,1,True
59701,0.8428894257545472,1,True
94830,0.8427814483642578,1,True
4565,0.8426898324489593,1,True
38773,0.8426717448234557,1,True
24970,0.8426476347446441,1,True
38451,0.8426250028610229,1,True
4795,0.8425645685195923,1,True
74939,0.8425510227680206,1,True
69829,0.8425362336635589,1,True
73566,0.8424876463413238,1,True
82457,0.8424630761146545,1,True
35972,0.8424611949920655,1,True
69780,0.8423708927631378,1,True
14640,0.84232541680336,1,True
46886,0.8422926759719849,1,True
5968,0.8422829687595368,1,True
91860,0.8422699725627899,1,True
95516,0.8422682535648346,1,True
55844,0.8422500193119049,1,True
74238,0.8422148704528809,1,True
77410,0.8420870995521545,1,True
55333,0.8420162320137023,1,True
48958,0.8419918894767762,1,True
79796,0.8419706201553345,1,True
46910,0.8419400668144226,1,True
4678,0.8418408489227295,1,True
75550,0.8418316066265106,1,True
56930,0.8418148696422577,1,False
34652,0.8418025970458984,1,True
65623,0.8418015038967133,1,True
45484,0.8417673635482787,1,True
96070,0.8417580497264863,1,True
12488,0.8417573177814484,1,True
45133,0.8417449688911438,1,True
18886,0.841727534532547,1,True
85945,0.8416972160339355,1,True
94689,0.8416563344001771,1,True
48187,0.8415777838230133,1,True
94981,0.841540641784668,1,True
34521,0.8415248191356659,1,True
55968,0.8415135896205902,1,True
35936,0.8414411652088165,1,True
85831,0.8414288187026977,1,True
78810,0.8414263606071473,1,True
93716,0.8414137697219848,1,True
77387,0.8413696563243866,1,True
85960,0.8413518726825714,1,True
71717,0.8413461136817932,1,True
7357,0.841332060098648,1,True
74870,0.8413263320922851,1,True
55761,0.8413221216201783,1,True
15992,0.8412318384647369,1,True
56511,0.8409426677227021,1,True
15865,0.8408559322357178,1,True
94855,0.8407002472877503,1,True
24496,0.8405195224285126,1,True
24945,0.8404861569404602,1,False
54713,0.8403625094890594,1,True
35943,0.8402645909786224,1,True
54527,0.8402261602878571,1,True
89609,0.8402243387699126,1,True
4950,0.8402127230167389,1,True
95405,0.8402035343647003,1,True
93761,0.8400991642475129,1,True
25975,0.8400748550891877,1,True
4755,0.8400681293010712,1,True
95853,0.8399879240989685,1,True
44965,0.8399638402462006,1,True
76605,0.839957789182663,1,True
35715,0.8398533296585082,1,True
74904,0.8398255169391632,1,True
23505,0.8398245978355408,1,False
53251,0.8397598171234131,1,False
95030,0.8397573494911195,1,True
40553,0.8397217381000519,1,True
56744,0.8396860682964324,1,True
85834,0.8396568298339844,1,True
74577,0.8395678746700287,1,True
44619,0.8395229506492614,1,True
69795,0.8394870781898498,1,True
75922,0.8394188785552978,1,True
7950,0.8393738234043122,1,True
54996,0.8393630981445312,1,True
85708,0.8393574810028076,1,True
25766,0.8393492090702057,1,True
69704,0.8392996549606323,1,True
24272,0.8392483496665955,1,True
30477,0.8392188513278962,1,True
67664,0.8392159664630889,1,True
14328,0.8392122149467468,1,True
59654,0.8392118501663208,1,True
53581,0.8392085468769073,1,True
25264,0.8390704464912415,1,True
14986,0.8390576124191285,1,True
83407,0.8390101873874665,1,True
85820,0.838871282339096,1,True
43614,0.8387227857112884,1,True
72516,0.8387101316452026,1,True
45947,0.8387007462978363,1,True
18844,0.8386809885501861,1,True
32719,0.8386710345745086,1,True
41265,0.8385178709030152,1,True
34904,0.838481011390686,1,True
80410,0.8384567785263062,1,True
68328,0.8384446704387665,1,True
47921,0.838430712223053,1,True
68953,0.8382473373413086,1,True
24013,0.8382034039497375,1,True
38348,0.8381919348239899,1,True
34895,0.8381279015541077,1,True
34067,0.8380678665637971,1,True
376,0.8380142438411713,1,True
4958,0.8380082285404205,1,True
86767,0.8379364836215972,1,True
5678,0.837847101688385,1,True
60471,0.8376896047592164,1,True
63466,0.8375946092605591,1,True
24763,0.8375915837287903,1,True
25171,0.837577189207077,1,True
64968,0.8375208806991576,1,True
10676,0.8374591457843781,1,True
29219,0.8374410045146943,1,True
61350,0.8373565042018891,1,True
39774,0.8372341656684876,1,True
78682,0.8372079396247865,1,True
47432,0.8371358370780945,1,True
5966,0.8370879447460174,1,True
42420,0.8370428395271301,1,True
86721,0.8370033931732177,1,True
2746,0.8369867813587188,1,True
33688,0.836875352859497,1,True
64829,0.8368680167198181,1,True
64221,0.8366380393505096,1,True
84790,0.8366345262527466,1,True
98907,0.8365945398807526,1,True
4823,0.8365643703937531,1,True
75987,0.8365510511398315,1,True
15272,0.8365335369110107,1,True
3648,0.8364439702033997,1,True
14963,0.8364221131801606,1,True
16671,0.8363974142074585,1,True
97694,0.836338210105896,1,True
44296,0.8363189053535461,1,True
22473,0.836154978275299,1,True
17863,0.8361265778541564,1,True
82552,0.8361181998252869,1,True
93675,0.8361129152774811,1,True
80708,0.8360446631908417,1,True
84425,0.8360166227817536,1,True
98770,0.836003348827362,1,True
96439,0.835998512506485,1,True
63308,0.8359954738616944,1,True
28738,0.8359932255744934,1,True
52366,0.8359451055526733,1,True
78956,0.8359011614322662,1,True
48802,0.8358473992347717,1,True
14921,0.8358194279670715,1,True
43301,0.8357971382141114,1,True
87427,0.8357584953308106,1,True
44263,0.8357346510887146,1,True
99660,0.8355961465835571,1,True
28834,0.8354721939563752,1,True
75512,0.8354127681255341,1,True
45390,0.8353953385353088,1,True
67517,0.8352450215816498,1,True
15322,0.8352141058444977,1,True
24831,0.8351479506492614,1,True
27708,0.8351218819618225,1,True
35918,0.83509636759758,1,True
14551,0.835092236995697,1,True
22536,0.83508709192276,1,True
35656,0.8350827765464783,1,True
54678,0.8349466180801391,1,True
5172,0.8349354493618011,1,True
24902,0.8349237048625946,1,True
66299,0.8349043464660644,1,True
15971,0.8348726391792297,1,True
29363,0.8348542857170105,1,True
73792,0.8347650182247162,1,True
19864,0.8346905219554901,1,True
83694,0.8346849119663238,1,True
35748,0.8346705436706543,1,True
39994,0.8345853197574615,1,True
44194,0.8344228494167327,1,True
86236,0.8344214272499084,1,True
16937,0.8344200718402863,1,True
25953,0.8343950116634369,1,True
65212,0.8343847036361695,1,True
94734,0.8343846774101258,1,True
34663,0.8343406760692597,1,True
24757,0.8343387973308563,1,True
44765,0.8343030250072478,1,True
34611,0.8342618072032928,1,True
45949,0.8342476844787597,1,True
29910,0.834238954782486,1,True
35848,0.8341908824443818,1,True
71538,0.834177041053772,1,True
45859,0.8340722024440765,1,True
54564,0.8340510833263397,1,True
74310,0.8339432978630066,1,True
45967,0.833938479423523,1,True
86013,0.833933916091919,1,True
64975,0.8338936841487885,1,True
21385,0.8338659620285034,1,True
82431,0.8338552498817444,1,True
15857,0.833847404718399,1,True
30648,0.8337611842155457,1,True
62448,0.8336019790172577,1,False
23506,0.8335459780693054,1,True
35330,0.8335235965251923,1,True
74991,0.8334296107292175,1,True
78845,0.8333782267570495,1,True
37173,0.8333514571189881,1,True
58585,0.8332625734806061,1,True
54884,0.833240303993225,1,True
6965,0.8332368206977845,1,True
25831,0.83323007106781,1,True
35786,0.8331826281547546,1,True
16840,0.8331743085384369,1,True
22498,0.8331606793403625,1,True
83415,0.8331465983390809,1,True
72515,0.8330600893497466,1,True
15867,0.8330567932128906,1,True
38338,0.832927109003067,1,True
95974,0.8329179584980011,1,True
15573,0.832855235338211,1,True
4782,0.8328437197208405,1,True
52169,0.8326669764518737,1,True
94236,0.8326273369789123,1,True
25420,0.8326214909553528,1,True
35722,0.83247394323349,1,True
15975,0.8324694907665253,1,True
26194,0.8322008430957795,1,True
85276,0.8321708965301513,1,True
74854,0.8320933425426483,1,True
78396,0.8320866060256957,1,True
54985,0.8320134317874908,1,True
24381,0.8319500660896302,1,True
9615,0.8319453060626983,1,True
69417,0.8319149625301361,1,True
35994,0.8318982803821564,1,True
14977,0.8318918180465698,1,True
5791,0.831874862909317,1,True
14462,0.8317454147338867,1,True
92630,0.8315637993812561,1,True
25689,0.831563630104065,1,True
26914,0.8314422881603241,1,True
80178,0.83138876080513,1,True
85963,0.8313089442253112,1,True
38852,0.8312921833992004,1,True
35800,0.831284167766571,1,True
73402,0.8312573742866516,1,True
74388,0.8312438070774079,1,True
95302,0.8312206041812897,1,True
15849,0.831185849905014,1,True
54547,0.8311506354808808,1,True
4729,0.831096316576004,1,True
14303,0.8310929882526398,1,True
14340,0.8310352718830109,1,True
76907,0.8310112297534943,1,False
14658,0.8309938263893127,1,True
19689,0.8309386444091797,1,True
35583,0.8308877635002136,1,True
55973,0.8308693635463715,1,True
95961,0.8308581984043122,1,True
6470,0.8308129894733429,1,True
88786,0.8307593715190887,1,True
39945,0.8307156074047088,1,True
94286,0.8306670129299164,1,True
94923,0.8306551122665405,1,True
64745,0.8306488704681396,1,True
52373,0.830634572505951,1,True
63530,0.8304900217056275,1,True
55399,0.8303761196136474,1,True
33782,0.8303620731830597,1,True
15833,0.830340267419815,1,True
38954,0.8302737379074097,1,True
18937,0.8302499330043793,1,True
95679,0.8302156805992127,1,True
94821,0.8301793217658997,1,True
65661,0.8301645839214324,1,True
7609,0.8301544260978699,1,True
35742,0.8301360595226288,1,True
84878,0.830122572183609,1,True
85703,0.8301172244548798,1,True
74285,0.8300705015659332,1,True
77232,0.8300686812400817,1,True
81437,0.8300404739379883,1,True
78869,0.8299924290180206,1,True
57854,0.8299614560604096,1,True
66610,0.8299359679222107,1,True
84879,0.8299352669715881,1,True
92766,0.8298836958408355,1,True
54915,0.8298617863655091,1,True
69914,0.8298592150211335,1,True
2700,0.8297768092155456,1,True
65694,0.8297579884529114,1,True
14822,0.8297490739822388,1,True
14453,0.8297431004047393,1,True
12328,0.8296036255359649,1,True
45402,0.8295900261402129,1,True
14638,0.8295826900005341,1,True
65361,0.8294322645664215,1,True
44885,0.8294102585315704,1,True
45612,0.8293245863914489,1,True
89672,0.8293119502067565,1,True
60387,0.8293073964118958,1,True
35983,0.8292883121967316,1,True
2714,0.8292531585693359,1,True
62775,0.8292468917369842,1,True
4846,0.8292176604270936,1,True
90246,0.8291611540317536,1,True
93698,0.8291441142559052,1,True
73737,0.8290103316307068,1,True
14584,0.829004899263382,1,True
55889,0.8289784002304077,1,True
71720,0.8289689779281616,1,True
49882,0.828948471546173,1,True
84487,0.8289453351497651,1,True
88100,0.828930697441101,1,True
48402,0.8289256823062896,1,True
48851,0.8289149355888367,1,True
39834,0.8288953483104706,1,True
28528,0.8288651788234711,1,True
84578,0.8288544571399689,1,True
24414,0.828749498128891,1,True
59423,0.8287281107902527,1,True
70081,0.8287048208713532,1,True
8829,0.8286783850193024,1,True
192,0.8286606657505036,1,True
24955,0.8286065936088562,1,True
95629,0.8286052405834198,1,True
13663,0.8285410618782043,1,True
43476,0.8285400879383087,1,True
85713,0.8285203003883361,1,True
93684,0.8284692418575287,1,False
6924,0.8284515118598939,1,True
68510,0.8283617901802063,1,True
35271,0.8282528638839721,1,True
44346,0.8282301771640778,1,True
67903,0.8281825876235962,1,True
52668,0.8281216061115264,1,True
86419,0.8281132316589355,1,True
83654,0.828102124929428,1,True
19180,0.8280256998538971,1,True
45222,0.8280189561843871,1,True
85816,0.8279604637622833,1,True
10586,0.8279076302051545,1,True
90735,0.8279040348529816,1,True
15656,0.8278703165054322,1,True
2593,0.8278054225444793,1,False
68195,0.827748715877533,1,True
23979,0.8276581728458405,1,True
94117,0.827605859041214,1,True
44999,0.8275784754753113,1,True
98892,0.8275677144527436,1,True
68607,0.8275540220737457,1,True
54533,0.82753692984581,1,True
48756,0.827508373260498,1,True
17349,0.8274899804592133,1,True
25564,0.827459077835083,1,True
75182,0.827397369146347,1,True
54180,0.8273322761058808,1,True
56681,0.8273210978507995,1,True
75654,0.8272694396972656,1,True
56646,0.8272608292102814,1,False
35796,0.8272259509563447,1,True
14766,0.8272046864032745,1,True
84762,0.8271534729003907,1,True
50510,0.8271150732040405,1,True
34840,0.82704514503479,1,True
4536,0.8270417141914368,1,True
85887,0.8270389664173126,1,True
16397,0.8270303809642792,1,True
44967,0.8269987189769745,1,True
35620,0.8269304549694061,1,True
66882,0.8268867456912994,1,True
78378,0.826727523803711,1,True
28851,0.8266067779064179,1,True
53306,0.8266029000282288,1,True
37623,0.8265974378585815,1,True
45916,0.826556339263916,1,True
25505,0.8265457260608673,1,True
11879,0.8265330362319947,1,True
75590,0.8265212845802308,1,True
4711,0.826506495475769,1,True
34844,0.8264823281764984,1,True
64914,0.8264084029197694,1,True
4468,0.8263777279853821,1,True
98993,0.826364312171936,1,True
33588,0.8262690222263336,1,True
2503,0.8262538278102876,1,True
65628,0.8262115573883057,1,True
15899,0.82614914894104,1,True
19467,0.8261122632026672,1,True
83867,0.8260728633403778,1,True
35937,0.8259798395633697,1,True
64435,0.8259746205806733,1,True
99588,0.8258605194091797,1,True
81966,0.8258566331863404,1,True
43520,0.8258228492736817,1,True
51460,0.8257999861240387,1,True
59860,0.8257740473747253,1,True
93501,0.8257721698284148,1,True
15242,0.8256515073776245,1,True
4596,0.8256319153308869,1,True
75574,0.8256131505966187,1,True
34274,0.8254738235473633,1,True
29812,0.8254080522060394,1,True
64981,0.8254066908359527,1,True
24341,0.8252783393859864,1,True
5272,0.8252722895145417,1,True
84606,0.8252336907386779,1,True
7657,0.8252185690402984,1,True
38974,0.825121214389801,1,True
15363,0.8251125705242157,1,True
85394,0.825111734867096,1,True
34706,0.8249106895923615,1,True
15276,0.8248757541179657,1,True
3486,0.824826842546463,1,True
48734,0.8248150622844697,1,True
42498,0.8248007857799531,1,True
66832,0.8247214305400848,1,True
84365,0.8247136664390564,1,True
78803,0.8246934056282044,1,True
63388,0.8245844256877899,1,True
17761,0.8245780432224274,1,True
25962,0.8245442116260528,1,True
64819,0.8245228981971741,1,True
44256,0.8245098519325256,1,True
59888,0.8244794285297394,1,True
55943,0.8244719457626343,1,True
92724,0.824457997083664,1,True
43373,0.8244526624679566,1,True
42381,0.8244166731834411,1,True
4732,0.8243946659564971,1,True
24644,0.8243902015686035,1,True
5606,0.8243598318099976,1,True
78784,0.8243366491794586,1,True
16494,0.8242941999435425,1,True
44959,0.824233649969101,1,True
63523,0.8241644072532655,1,True
72689,0.8241613399982453,1,True
81310,0.8241011619567871,1,True
98549,0.8240810418128968,1,True
30100,0.8240605413913726,1,True
97884,0.8240536201000214,1,True
94068,0.8239018201828003,1,True
54595,0.8238847684860229,1,True
14409,0.8238699948787689,1,True
25265,0.8238678526878357,1,True
51357,0.8238535642623901,1,True
66353,0.8238450455665589,1,True
63738,0.8238323557376861,1,True
64877,0.8237220764160156,1,True
99537,0.8237155187129974,1,True
78831,0.8236328053474427,1,True
51717,0.8236134338378907,1,True
95769,0.8235871660709382,1,True
63711,0.8235743856430053,1,True
54725,0.8235570800304413,1,True
10452,0.8235355138778686,1,True
55470,0.8235198724269868,1,True
25814,0.8235164499282837,1,True
55759,0.823454864025116,1,True
85641,0.8234204041957855,1,True
35984,0.8233928465843201,1,False
5000,0.8233733010292053,1,True
49259,0.8232911145687103,1,True
97111,0.8232588899135589,1,True
28077,0.8232389628887177,1,True
12311,0.8231905317306518,1,True
59837,0.8231851887702941,1,True
4307,0.8231697189807892,1,True
84078,0.8231196379661561,1,True
69379,0.8230576646327972,1,True
65858,0.8230424964427948,1,True
1544,0.8230089962482452,1,True
12603,0.822924816608429,1,True
94255,0.8229031252861023,1,True
12708,0.8228837513923646,1,True
75145,0.8228433561325073,1,True
6839,0.8227617120742798,1,True
52523,0.8227566373348236,1,True
15385,0.822722954750061,1,True
15758,0.8227200663089752,1,True
22703,0.8227005815505981,1,True
44506,0.8226708877086639,1,True
73769,0.8226411330699921,1,False
23719,0.8226099920272827,1,False
22712,0.8225793135166168,1,False
46940,0.8225635623931884,1,True
89850,0.8225455117225646,1,True
84664,0.8225198924541474,1,True
83684,0.8224616706371307,1,False
34732,0.8223956477642059,1,True
93312,0.8223049902915955,1,True
7751,0.8222481763362884,1,True
14745,0.8222463488578796,1,True
89369,0.8222230780124664,1,True
72842,0.822205547094345,1,True
79665,0.8221575570106506,1,True
65937,0.8220935022830963,1,True
86922,0.8220765364170075,1,True
80499,0.8220364272594451,1,True
75742,0.8219511687755585,1,True
93711,0.821949793100357,1,True
46558,0.821940393447876,1,True
80746,0.8219142377376556,1,True
44120,0.8218689608573914,1,True
37517,0.8218543612957001,1,True
84990,0.8218094182014466,1,False
97838,0.8217868542671203,1,True
90788,0.8216962039470672,1,True
38792,0.8216670346260071,1,True
52533,0.8215886092185973,1,True
89293,0.821520711183548,1,True
28799,0.8214317619800567,1,True
15639,0.8213928925991059,1,True
15885,0.8213790190219878,1,True
99680,0.8213756012916564,1,True
35684,0.8213332998752594,1,True
54423,0.8212898457050324,1,True
75696,0.821242756843567,1,True
71582,0.8212356090545654,1,True
35254,0.8212314724922181,1,True
82787,0.8212303507328034,1,True
15819,0.8211698365211486,1,True
45959,0.8211437046527863,1,True
54620,0.8211128520965576,1,True
21600,0.8210186445713044,1,True
26916,0.8210140371322632,1,False
68959,0.8209721040725708,1,True
23626,0.8209273111820221,1,True
98758,0.8209126031398772,1,True
99309,0.820900422334671,1,True
48849,0.820846027135849,1,True
10137,0.8208358979225159,1,True
39224,0.8208126413822174,1,True
88968,0.8208094680309296,1,True
52516,0.8208047389984131,1,True
45430,0.8207995557785035,1,True
79426,0.8207778084278107,1,True
84629,0.8207378721237182,1,True
95969,0.8207311677932739,1,True
65883,0.8206976389884948,1,True
36794,0.8205755138397217,1,True
54692,0.82048907995224,1,False
49565,0.8204836034774781,1,True
62828,0.820435266494751,1,True
25251,0.8204052090644837,1,True
53648,0.8202735638618469,1,True
64794,0.8201986825466157,1,True
39961,0.8201747572422027,1,True
94826,0.8200794470310211,1,True
54581,0.8200214838981628,1,True
66255,0.8199949932098389,1,True
14844,0.8199857580661774,1,True
98507,0.8199809396266937,1,True
14868,0.8199641966819764,1,True
91072,0.8198017871379852,1,True
79594,0.8197779583930969,1,True
74990,0.8197738301753998,1,True
93378,0.8197709107398987,1,True
33973,0.8197476708889008,1,True
65571,0.8197224259376525,1,True
65740,0.8197172391414642,1,True
94705,0.8196348905563354,1,True
2656,0.8195510375499726,1,True
94941,0.8194521379470825,1,True
85506,0.8194331896305085,1,True
72518,0.8194320714473724,1,True
96568,0.819335640668869,1,True
58435,0.8193259346485138,1,True
74783,0.819278243780136,1,True
6886,0.8192153203487396,1,True
83460,0.8191816747188568,1,True
96553,0.8190639305114746,1,True
15981,0.819055825471878,1,True
97585,0.819028754234314,1,True
54626,0.8190252137184143,1,True
44935,0.8190002572536468,1,True
14853,0.8189703357219695,1,True
26927,0.8188715720176697,1,True
4996,0.818862280845642,1,True
84419,0.8188559794425965,1,True
85796,0.8188062465190887,1,True
45591,0.8187712562084197,1,True
92518,0.8187257492542267,1,True
18878,0.8186570370197297,1,True
5759,0.8186440336704255,1,True
54916,0.8186277163028717,1,True
49941,0.818622373342514,1,True
53495,0.8185849034786224,1,False
26918,0.8185784900188446,1,True
82644,0.8185405623912811,1,True
64984,0.8185401844978333,1,True
77742,0.8185260283946991,1,True
64936,0.8185137021541595,1,True
33919,0.8184810161590577,1,True
84392,0.818422257900238,1,True
16891,0.8183745265007019,1,True
4132,0.8183284413814544,1,True
94316,0.8182597541809082,1,True
85974,0.8181378471851348,1,True
96868,0.8181356739997864,1,True
33337,0.8181152534484863,1,True
60678,0.8180670404434205,1,True
14503,0.8180153238773347,1,True
76652,0.817947895526886,1,True
95872,0.8178990697860717,1,True
4081,0.8178703939914703,1,True
86792,0.8177804028987885,1,True
94827,0.8177511262893677,1,True
28783,0.8177216708660126,1,True
94563,0.8176694273948669,1,False
95861,0.8176534461975098,1,True
84385,0.8176321494579315,1,True
4350,0.8175993371009826,1,True
23757,0.8175448191165924,1,False
95890,0.8175343310832976,1,True
5371,0.8174680447578431,1,True
34427,0.8174496912956237,1,True
23634,0.8174346125125884,1,True
15717,0.8174269020557403,1,True
18679,0.8174109971523285,1,True
44334,0.8174035406112671,1,True
32643,0.8173598754405975,1,True
98954,0.8173351120948791,1,True
28872,0.8173049437999725,1,True
9457,0.8172004258632659,1,True
29821,0.8171495008468628,1,True
27899,0.8170963609218598,1,True
94284,0.8170942151546479,1,True
84704,0.817044245004654,1,True
73504,0.8170280694961548,1,True
44870,0.8170039546489716,1,True
8457,0.8169734621047974,1,True
55658,0.8169678378105163,1,True
89729,0.816920109987259,1,True
35810,0.8168550443649292,1,True
14850,0.8168332600593566,1,True
7831,0.8167466235160827,1,True
97576,0.8167161631584168,1,True
5326,0.8167124092578888,1,True
24597,0.8166913616657256,1,True
85899,0.8166225206851959,1,True
95844,0.8165866303443909,1,True
24508,0.8165801584720611,1,True
84933,0.8165432095527649,1,False
8540,0.8165164279937744,1,True
13218,0.816347588300705,1,True
4665,0.8163461780548096,1,True
42794,0.8162625527381897,1,True
74746,0.8162259948253632,1,True
49924,0.816142234802246,1,True
49709,0.8160977959632874,1,True
22309,0.8160856127738952,1,True
16865,0.8160680615901947,1,True
23693,0.8160673618316651,1,True
68534,0.8160493731498718,1,True
17135,0.8160362982749939,1,False
75375,0.8159870672225953,1,True
22652,0.8159755730628968,1,True
54849,0.8159180092811584,1,True
73734,0.8159174442291259,1,False
45455,0.8159161126613617,1,True
85412,0.8158726966381074,1,True
33813,0.8158568751811981,1,True
94462,0.8158530235290528,1,True
44838,0.8158108639717102,1,True
35976,0.815791974067688,1,True
14208,0.8157588541507721,1,True
65955,0.8157077610492707,1,True
49338,0.8157054114341735,1,True
85966,0.8156976234912872,1,True
87580,0.8156626987457276,1,True
3064,0.8156314826011657,1,True
75499,0.8156127667427062,1,True
35945,0.8155518233776092,1,True
41393,0.8155460727214814,1,True
44454,0.8154385221004485,1,True
94243,0.8153883004188538,1,True
85990,0.8153875505924224,1,True
85292,0.815335476398468,1,True
54952,0.8153077101707458,1,True
7961,0.8152673852443695,1,True
53775,0.815234522819519,1,True
45945,0.8152149474620819,1,True
67772,0.8151953744888305,1,True
14444,0.8151635265350341,1,True
42268,0.8151453256607055,1,True
62394,0.8151443767547608,1,True
12604,0.8150945222377777,1,True
13466,0.8150846302509308,1,True
64736,0.8150561261177063,1,True
99579,0.8150222682952881,1,True
9372,0.8150078868865966,1,True
78880,0.8150060927867889,1,True
75995,0.8149493670463561,1,True
54057,0.8149450135231018,1,True
72559,0.814913388490677,1,True
65908,0.8149127566814423,1,True
43740,0.8148549091815949,1,True
74271,0.8148499369621277,1,True
85880,0.8148478472232819,1,False
83717,0.8148013508319855,1,False
62373,0.8147986352443695,1,True
24962,0.8147850513458252,1,True
75273,0.8147477221488952,1,True
6144,0.814671002626419,1,True
65975,0.8146593797206878,1,True
435,0.8145206344127656,1,True
94381,0.8145003461837769,1,True
53341,0.8144968271255493,1,True
63272,0.8144914031028747,1,True
10193,0.8144819486141205,1,True
22428,0.814423726797104,1,True
24991,0.8144124209880829,1,True
55655,0.8143466317653656,1,True
67270,0.8142742657661438,1,True
94158,0.8142695403099061,1,True
3070,0.8142593514919281,1,True
5888,0.814195784330368,1,True
54972,0.8141043651103974,1,True
2335,0.814098414182663,1,True
74549,0.8140822494029999,1,True
86549,0.8140717947483063,1,True
84156,0.8140179896354676,1,True
26950,0.8139974915981293,1,True
89422,0.8139859676361084,1,True
52098,0.8139710366725922,1,True
53206,0.8139699137210845,1,True
45857,0.8139389169216156,1,True
4353,0.8139062905311585,1,True
23500,0.8139006757736207,1,True
22650,0.8138954734802246,1,True
94719,0.8138632082939148,1,True
25487,0.8138399112224579,1,True
48807,0.8138267481327057,1,True
15313,0.81380610704422,1,True
52526,0.813774847984314,1,True
22733,0.8137420773506164,1,True
47715,0.8136348807811737,1,True
73448,0.8136228787899018,1,True
73846,0.8135973024368286,1,False
25614,0.813558259010315,1,True
15808,0.8135568070411683,1,True
22581,0.813532098531723,1,True
98659,0.8135090053081513,1,True
20488,0.8134820914268494,1,True
42554,0.8134781658649445,1,True
9901,0.8134291887283325,1,True
45052,0.813370430469513,1,True
26753,0.8133363318443299,1,True
38881,0.8132688069343568,1,True
44900,0.813261866569519,1,True
36903,0.8132538604736328,1,True
96735,0.8132536447048186,1,True
94294,0.8132287681102752,1,True
74213,0.813225075006485,1,True
92676,0.8132212626934052,1,True
7587,0.8132155394554138,1,True
69879,0.8131996476650238,1,True
73223,0.8131983470916748,1,True
95427,0.8130661535263062,1,True
64544,0.8130642998218536,1,True
57823,0.8130634903907776,1,False
14604,0.8130579853057862,1,True
54854,0.8130330276489257,1,True
25303,0.8130119466781616,1,True
57671,0.8129736769199372,1,True
87803,0.812970460653305,1,True
74998,0.8129318225383759,1,True
84870,0.8129067528247833,1,True
35587,0.8128370547294617,1,True
54922,0.8128237867355347,1,True
14377,0.8128070211410523,1,True
97176,0.8127774381637574,1,True
96702,0.812774920463562,1,True
32502,0.812728247642517,1,True
69928,0.8127271127700806,1,True
95828,0.8126724648475647,1,True
52375,0.8126278340816497,1,True
25933,0.8125900733470917,1,True
82723,0.812583931684494,1,True
24062,0.8125403583049774,1,True
42975,0.8123650324344636,1,True
6692,0.8123297750949859,1,False
62305,0.8123063981533051,1,True
25369,0.8122487413883209,1,True
9334,0.8122155344486237,1,True
2498,0.8122141575813293,1,True
38275,0.8122082924842835,1,True
46532,0.8120737349987031,1,True
29747,0.8120615649223328,1,True
14882,0.8119409775733948,1,True
22657,0.8119388782978059,1,True
34725,0.8119379055500031,1,True
45919,0.8119375193119049,1,True
3638,0.8119264256954193,1,True
86968,0.8118126034736634,1,True
38254,0.8117704832553864,1,True
22888,0.8117170798778535,1,True
64428,0.811621698141098,1,True
37492,0.81160564661026,1,True
63907,0.8115938293933869,1,False
19321,0.8115744173526764,1,True
99261,0.8115732657909394,1,True
58525,0.8115596485137939,1,True
16505,0.8115319323539734,1,True
35868,0.8115275251865387,1,True
93743,0.8115211963653565,1,True
79842,0.8114632427692413,1,True
33525,0.8114284074306488,1,True
8452,0.8114254462718964,1,True
68841,0.8114059233665467,1,True
15290,0.8114019024372101,1,True
45622,0.8113847959041596,1,True
34954,0.8113715958595276,1,True
8823,0.8113592994213104,1,True
23456,0.811331639289856,1,True
93693,0.8113122725486756,1,True
82688,0.8112766587734223,1,True
24989,0.8111943542957306,1,True
44618,0.81114950299263,1,True
88908,0.8110854232311249,1,True
6267,0.8110829091072083,1,True
76314,0.8109384679794311,1,True
36590,0.8109347259998321,1,True
9397,0.8108592903614045,1,True
82471,0.8108417665958405,1,True
77882,0.8107689666748047,1,True
44817,0.8107401585578918,1,True
86905,0.8107367491722106,1,True
63515,0.8107135236263275,1,True
96841,0.810703421831131,1,True
45982,0.8106982123851776,1,True
99929,0.8106388711929322,1,True
32536,0.8105517745018005,1,True
82912,0.8105494749546052,1,True
78987,0.8105139970779419,1,True
72734,0.8105055856704713,1,True
45521,0.810487390756607,1,True
68830,0.8104834854602814,1,True
25981,0.810481493473053,1,True
72219,0.8104633283615112,1,False
65550,0.8104477965831757,1,True
22580,0.8104414653778076,1,True
89518,0.8104296040534973,1,True
33788,0.8103980839252471,1,True
35840,0.8103162848949432,1,True
94407,0.8103156578540802,1,True
45210,0.8102902948856354,1,True
5368,0.810228751897812,1,True
18636,0.8102201342582702,1,True
25129,0.8101438343524933,1,True
73722,0.8101078927516937,1,True
28361,0.8099716269969941,1,True
56784,0.8099502289295197,1,True
98690,0.8099342775344849,1,True
16286,0.8099024748802185,1,False
68456,0.8098902261257171,1,True
12465,0.8098760902881622,1,True
35377,0.8098683547973633,1,True
64695,0.809789205789566,1,True
13935,0.8097608625888825,1,True
52331,0.8097439599037171,1,True
82004,0.8097254037857056,1,False
68267,0.809718986749649,1,True
14655,0.8097117602825165,1,True
85717,0.8096560788154602,1,True
92400,0.8095997560024262,1,True
57629,0.8095955109596252,1,True
64333,0.8095532763004303,1,True
69985,0.8095294511318207,1,True
49984,0.8095117127895355,1,True
44235,0.8095005643367768,1,True
27264,0.8094973731040955,1,True
25986,0.8094878256320953,1,True
78147,0.8094877052307129,1,True
96715,0.8094610798358917,1,True
95956,0.8094501996040344,1,True
12385,0.8094062602519989,1,True
33861,0.8094022715091705,1,True
24168,0.8093851327896118,1,True
43534,0.8093437695503235,1,True
25780,0.8093346023559571,1,True
57773,0.8092843604087829,1,True
33471,0.809269357919693,1,True
12667,0.8092517673969268,1,False
89606,0.8091838717460632,1,True
3380,0.8091057884693146,1,True
33431,0.8090609920024872,1,True
62472,0.8089190387725831,1,False
4989,0.8088980436325073,1,True
85902,0.8088967525959014,1,True
8819,0.8088860821723938,1,True
24199,0.8088411915302276,1,True
72857,0.8088250792026519,1,True
8353,0.8087899506092071,1,True
72582,0.8087389957904816,1,True
55144,0.808726053237915,1,True
92481,0.8087048792839051,1,False
98724,0.8086908602714539,1,True
15275,0.8086629128456115,1,True
68466,0.8086348640918732,1,True
8977,0.808595130443573,1,True
22356,0.8085231900215148,1,True
25630,0.8085215818881988,1,True
92592,0.8084838581085205,1,True
86718,0.8084679245948792,1,True
34262,0.8084560596942902,1,True
39880,0.8084423410892487,1,True
34698,0.8084414732456207,1,True
35332,0.808425657749176,1,True
82450,0.8083993017673492,1,True
43655,0.8083512103557586,1,False
52735,0.8083353435993195,1,True
88877,0.808323975801468,1,True
23164,0.8082534217834473,1,True
55987,0.8082365751266479,1,True
53357,0.8082338917255402,1,True
37821,0.8082318770885468,1,True
48662,0.8081911849975586,1,True
2659,0.8081182634830475,1,True
84366,0.8080949020385741,1,True
79635,0.80808300614357,1,True
85251,0.8080627536773681,1,True
22677,0.808050525188446,1,True
55295,0.8080440664291382,1,True
37914,0.8079798078536987,1,True
59467,0.8079209756851196,1,True
16871,0.8078914391994476,1,False
15187,0.8078765785694122,1,True
43971,0.807833445072174,1,True
56964,0.8078088700771332,1,True
35663,0.8077366983890533,1,True
83262,0.8076989424228669,1,True
78911,0.807692186832428,1,True
75326,0.8076771891117096,1,True
62597,0.8076711213588714,1,True
99187,0.8076065790653228,1,True
94858,0.8076053166389465,1,True
4334,0.8075917327404023,1,True
66683,0.8074921643733979,1,True
74262,0.8074542737007141,1,True
76880,0.8074428319931031,1,False
40643,0.8073959946632385,1,True
25404,0.8073935496807099,1,True
82821,0.8073838400840759,1,True
16872,0.8073432278633117,1,True
4727,0.8073364889621735,1,True
2398,0.8072647547721863,1,False
44988,0.807215987443924,1,True
35928,0.80721475481987,1,True
22618,0.807205775976181,1,True
75144,0.807113469839096,1,True
85170,0.8070976948738098,1,True
41820,0.8070934855937958,1,True
24944,0.8070799481868745,1,True
35431,0.8070240938663482,1,True
23372,0.8069889736175537,1,True
92176,0.8069829809665681,1,True
52671,0.806978749036789,1,True
92466,0.8069478631019592,1,True
24833,0.8069390106201172,1,True
34932,0.8069301652908325,1,True
65164,0.8069139909744263,1,True
38672,0.8067208886146545,1,True
63168,0.8067098498344422,1,True
84594,0.806636244058609,1,True
8203,0.8066015577316283,1,True
84634,0.8064805459976196,1,True
41242,0.8063967204093934,1,True
5923,0.8063869071006775,1,False
32622,0.8063574898242951,1,True
98948,0.8062475955486297,1,True
74443,0.8062421345710755,1,True
44835,0.80623033285141,1,True
28235,0.8062054872512817,1,True
17725,0.8061696255207063,1,True
13183,0.8061565482616424,1,True
95618,0.8061531615257262,1,True
67892,0.8060955345630646,1,True
35915,0.8060908913612366,1,True
95933,0.8060815918445587,1,True
44567,0.8060773801803589,1,True
76893,0.8060577571392059,1,True
26947,0.8060513198375702,1,True
42283,0.806027330160141,1,True
47724,0.8060184109210968,1,True
53683,0.8059914898872376,1,True
92661,0.8059285724163056,1,True
69503,0.8059198927879334,1,True
80718,0.8058844757080078,1,True
32689,0.8058715009689331,1,False
26904,0.805831686258316,1,False
20959,0.8058284330368042,1,True
35737,0.8058277428150177,1,True
68662,0.8057364451885223,1,True
74380,0.8057315993309021,1,True
55032,0.80568652510643,1,True
4383,0.8056375300884246,1,True
84967,0.8056046605110169,1,True
33991,0.8055858385562897,1,False
10447,0.805550184249878,1,True
7383,0.805498297214508,1,False
22614,0.8054550004005432,1,True
33603,0.805433486700058,1,True
2814,0.8054226231575012,1,True
54198,0.8053391635417938,1,True
54900,0.8053282737731934,1,True
34967,0.8052877497673034,1,True
26607,0.8052380299568176,1,True
19952,0.8052161967754363,1,True
4931,0.8051368665695191,1,True
15942,0.8051283240318299,1,True
3440,0.8051253879070281,1,True
37854,0.8051190268993378,1,True
54325,0.8051051080226899,1,True
35453,0.805048040151596,1,True
9558,0.8050349545478821,1,True
32275,0.8050128316879273,1,True
2591,0.8050110113620759,1,True
33258,0.8049778962135314,1,True
22964,0.8049679636955261,1,True
4906,0.8049135446548462,1,True
54205,0.8048679840564728,1,True
33495,0.804858318567276,1,True
3249,0.8048349070549011,1,True
72698,0.8048162281513214,1,True
16694,0.804793347120285,1,True
34030,0.8047723734378815,1,True
98671,0.8047586762905121,1,True
56874,0.8047470319271088,1,True
87911,0.804739842414856,1,False
4642,0.80463618516922,1,True
6608,0.8046087670326233,1,True
89669,0.8045658802986144,1,True
59839,0.804564802646637,1,True
17901,0.8045555686950683,1,True
14857,0.8045535111427307,1,True
25993,0.8045140051841736,1,True
48207,0.8045029985904694,1,True
92737,0.8044516980648041,1,False
33293,0.8044451522827148,1,True
73364,0.804310599565506,1,True
25241,0.8042302107810975,1,True
82591,0.804205471277237,1,True
24256,0.804141126871109,1,True
25666,0.8040850365161896,1,True
42288,0.8040793776512146,1,True
22434,0.8040648794174194,1,True
48789,0.8040566956996917,1,True
85907,0.8040420162677765,1,True
97971,0.8039092874526977,1,True
5978,0.8037872719764709,1,True
54907,0.8037664818763732,1,True
19636,0.8037537395954132,1,True
62508,0.8037306976318359,1,True
42414,0.8036954820156097,1,True
85640,0.8036669993400574,1,True
64976,0.8036654496192932,1,True
85322,0.8036424601078034,1,True
26728,0.8036270153522491,1,True
85994,0.8035834348201751,1,True
15293,0.8035612082481385,1,True
34061,0.8035540890693664,1,True
48737,0.803553432226181,1,True
3280,0.8034845054149627,1,True
7574,0.8034689033031464,1,True
74477,0.8034634244441986,1,True
3710,0.8034073805809021,1,True
42564,0.8033691561222076,1,False
42375,0.8033255410194398,1,True
23421,0.8033201241493225,1,True
37457,0.8032973766326904,1,True
96729,0.8032777321338653,1,True
34949,0.8032552754878998,1,True
67957,0.8031992399692536,1,True
77853,0.803155196905136,1,True
35539,0.8031265819072724,1,True
33446,0.8030874502658845,1,True
65803,0.8030735206604004,1,True
4517,0.8029593539237976,1,True
75644,0.8029196107387543,1,True
6928,0.8028233253955841,1,True
44145,0.8027899610996246,1,True
17398,0.8027715551853181,1,True
94495,0.8027376532554626,1,True
72594,0.8026849448680877,1,True
75141,0.8026782000064849,1,True
54967,0.8026584041118622,1,True
92480,0.8026524698734283,1,True
34335,0.8026511824131012,1,True
33997,0.8026487600803376,1,True
22653,0.8026226186752319,1,True
57746,0.8026004588603973,1,True
68860,0.80259042263031,1,True
39723,0.8025626599788666,1,True
16898,0.802533962726593,1,True
44453,0.8025149226188659,1,True
4938,0.8024771177768708,1,False
18925,0.8024679601192475,1,True
5453,0.8022733914852143,1,True
65183,0.8022358834743499,1,True
25821,0.8022129034996033,1,True
68733,0.8021867632865906,1,True
99912,0.8021659350395203,1,True
24370,0.8021312236785889,1,True
34565,0.8021223163604736,1,True
53068,0.8021139299869537,1,True
54338,0.8021060025691986,1,True
33677,0.8021059477329254,1,True
4756,0.8019939243793488,1,True
74140,0.8019912099838257,1,True
14957,0.8019909548759461,1,True
34891,0.8019862735271455,1,True
95925,0.8019659280776977,1,True
33398,0.8019409847259522,1,True
34910,0.8019176602363587,1,False
52838,0.8019166231155396,1,True
43456,0.8019049739837647,1,True
32425,0.8019011557102204,1,True
58913,0.8018851137161255,1,True
63742,0.8018661761283874,1,True
93370,0.8018139624595642,1,True
32628,0.8018058776855469,1,False
39603,0.8017862462997436,1,True
56610,0.8017045617103576,1,True
14975,0.8016042625904083,1,False
45157,0.8015551173686981,1,True
95114,0.8015165317058563,1,True
88400,0.8014952361583709,1,True
2200,0.8014825975894928,1,True
76954,0.8014605498313904,1,True
17228,0.8014324426651,1,True
6511,0.8014246237277984,1,True
53285,0.8013934910297393,1,True
85967,0.8013835406303406,1,True
87937,0.8013718032836914,1,True
45187,0.8013507938385009,1,True
64752,0.8013127112388612,1,True
97834,0.8012879693508148,1,True
69837,0.8012817943096161,1,True
14259,0.8012559473514557,1,True
6585,0.8012250804901123,1,True
12393,0.801210025548935,1,True
48100,0.801170175075531,1,True
92402,0.8011685061454773,1,True
35553,0.8011441922187805,1,True
35893,0.8011316895484925,1,True
75802,0.801056705713272,1,True
14994,0.8010528326034546,1,True
59968,0.8010033416748047,1,True
23427,0.8009883904457092,1,True
49573,0.8009860980510712,1,True
72627,0.8009688055515289,1,False
94899,0.800957133769989,1,True
74250,0.8009146022796632,1,True
86856,0.8009047842025756,1,True
12594,0.8009000062942505,1,True
63371,0.8008980429172516,1,True
13563,0.8008879792690278,1,True
85666,0.8008868491649628,1,True
24367,0.8008731544017792,1,True
58206,0.8008729887008668,1,True
12903,0.8008017361164093,1,True
23794,0.8007854509353638,1,True
16565,0.8007651698589324,1,True
24658,0.8007433474063873,1,True
44656,0.800715880393982,1,True
49698,0.8007040905952454,1,True
20474,0.8006547296047211,1,True
63635,0.8006128859519959,1,False
13550,0.800609210729599,1,True
46165,0.8006056118011475,1,True
23468,0.8005769193172455,1,True
84428,0.8005583906173706,1,True
63270,0.8005301654338837,1,True
59691,0.8004888343811035,1,True
67381,0.8004551208019257,1,True
25995,0.8004344344139099,1,True
33752,0.8003929054737091,1,False
32577,0.8003509914875031,1,True
83651,0.8003509140014649,1,True
35939,0.8002990555763245,1,True
8725,0.8002584338188171,1,True
52461,0.8002331924438477,1,False
52543,0.8002143549919128,1,True
84996,0.8002012240886689,1,True
29955,0.8001938569545746,1,True
35448,0.8001826226711273,1,True
86971,0.8000927591323852,1,True
92256,0.7998877739906312,1,True
54873,0.7997737717628479,1,True
28508,0.7997727060317994,1,True
33408,0.7996911466121673,1,True
51224,0.7996732199192047,1,True
89898,0.7996710562705993,1,True
7838,0.7995707082748413,1,True
75345,0.7995484828948974,1,True
85826,0.7995400166511535,1,True
53716,0.7995367991924286,1,True
12476,0.7995051443576813,1,True
4419,0.7994957756996155,1,True
85959,0.7994876253604889,1,True
83471,0.7994395887851715,1,True
35981,0.7994074356555938,1,True
22518,0.7993950963020324,1,True
12423,0.7993939411640167,1,True
54936,0.7993934297561646,1,True
34968,0.7993678176403045,1,True
36518,0.799313440322876,1,True
16361,0.7993014740943909,1,True
40221,0.7992620205879211,1,True
42603,0.7992399549484253,1,False
41153,0.7991702795028687,1,True
32765,0.7991432392597199,1,False
24999,0.7991311144828797,1,True
32445,0.7990889573097228,1,True
7295,0.7990801072120666,1,True
39817,0.7990706372261047,1,True
18683,0.7990665757656097,1,True
76975,0.7989400327205658,1,True
47533,0.7989175379276275,1,True
4606,0.798910186290741,1,True
13959,0.7988840138912201,1,False
23646,0.7988692498207093,1,True
12611,0.7988665127754211,1,True
89689,0.798790625333786,1,True
62910,0.7986985528469086,1,True
83335,0.7986911654472351,1,True
2358,0.7986645495891571,1,True
69921,0.7986633145809174,1,True
94485,0.7986527132987976,1,True
54869,0.798641141653061,1,True
34697,0.798604816198349,1,True
84522,0.7985375785827638,1,False
88727,0.7984652853012084,1,True
16853,0.798448795080185,1,True
49953,0.7984458816051483,1,True
15261,0.7984458708763122,1,True
3804,0.7984272432327271,1,True
62506,0.7983894693851471,1,True
13415,0.7983803021907807,1,True
5603,0.798324156999588,1,True
44617,0.7983001232147217,1,True
14936,0.7982893002033233,1,True
13908,0.7982006239891053,1,True
32720,0.7981871020793915,1,True
4593,0.7981279003620148,1,True
38882,0.7980819308757783,1,True
82643,0.7980641543865203,1,True
53119,0.7980496656894684,1,True
3533,0.7980394732952119,1,True
19815,0.7979741489887238,1,True
5907,0.7979472625255585,1,True
33986,0.797852076292038,1,True
3832,0.7978520238399506,1,True
82748,0.7978174984455109,1,True
85930,0.7978089463710785,1,True
78264,0.7978051733970641,1,True
35879,0.7977939355373382,1,True
63650,0.7977828752994538,1,True
75526,0.7977767038345337,1,True
12124,0.7977631783485413,1,True
6926,0.797733461856842,1,True
25146,0.7976660418510437,1,True
90271,0.7976226997375488,1,True
44722,0.7976125133037567,1,True
13783,0.7975620055198669,1,False
62504,0.797561627626419,1,True
22633,0.7974844193458557,1,True
92380,0.7974714612960816,1,True
39437,0.797430523633957,1,True
43689,0.7973524606227875,1,True
3414,0.7973276019096375,1,True
74929,0.7973111438751221,1,True
94598,0.7971640813350678,1,True
55052,0.7971169137954712,1,True
35923,0.7969919133186341,1,True
46379,0.7969464898109436,1,True
39910,0.7969425094127656,1,True
65887,0.7968659102916718,1,True
5156,0.7968308961391448,1,True
95896,0.7968004393577576,1,False
15230,0.7967830085754395,1,True
69627,0.7967811715602875,1,True
93356,0.7967637443542481,1,True
85459,0.7967249774932861,1,True
52341,0.7967234301567078,1,True
3392,0.7966861617565155,1,True
65428,0.7966747963428498,1,True
32533,0.7966435515880586,1,True
8397,0.7966261970996857,1,True
55175,0.7965817487239837,1,True
65225,0.7965714776515961,1,True
73375,0.7965229201316834,1,True
73715,0.7964914369583129,1,True
55377,0.7964556014537811,1,True
27528,0.7964483439922333,1,True
87938,0.7964374732971191,1,False
97953,0.7963993394374848,1,False
85710,0.7963447320461273,1,True
24998,0.7963138616085053,1,True
34551,0.7962764251232147,1,True
44102,0.7962399530410766,1,True
96856,0.7961960601806641,1,True
32774,0.7961721467971802,1,False
14947,0.7961643087863922,1,True
52715,0.7961619818210601,1,False
65283,0.7960799205303193,1,True
34989,0.7960778284072876,1,True
9802,0.7960759091377259,1,True
84627,0.796037232875824,1,True
4522,0.7959634411334991,1,True
96825,0.7959573626518249,1,True
88637,0.7959526872634888,1,True
2408,0.795908967256546,1,True
92427,0.7958954906463622,1,True
98983,0.795802093744278,1,True
43724,0.7958002758026124,1,False
35957,0.7957862281799317,1,False
43738,0.7957817363739014,1,True
68755,0.7957473766803742,1,True
15976,0.7957472455501556,1,True
42904,0.7957458245754242,1,True
4006,0.79573650598526,1,True
73401,0.7957335937023162,1,True
81337,0.795729888677597,1,True
42524,0.7957210636138916,1,True
83677,0.7957073175907134,1,True
24101,0.7956507003307343,1,True
15970,0.7956079697608948,1,True
2683,0.7955971252918244,1,False
58865,0.7955716216564179,1,True
99893,0.7954989469051361,1,True
57834,0.7954795145988465,1,True
4131,0.7954556655883789,1,True
77476,0.7954528760910033,1,True
99275,0.7954283201694489,1,True
52261,0.795402307510376,1,True
34518,0.7953673076629639,1,True
58748,0.7953600037097931,1,True
5892,0.7953534650802612,1,True
87536,0.7953505551815032,1,True
45405,0.7953231513500214,1,True
95225,0.7952974426746369,1,True
27149,0.7952950537204743,1,True
84961,0.7952865147590638,1,True
58861,0.7952564179897308,1,True
68436,0.7952223420143127,1,True
5285,0.7952155029773712,1,True
2599,0.7952008497714996,1,True
45287,0.795176191329956,1,True
68876,0.795162261724472,1,True
84887,0.7951554608345032,1,True
73809,0.7951267433166505,1,True
83226,0.7951034557819366,1,True
23445,0.7950942194461823,1,True
23188,0.7950696957111358,1,True
57876,0.7950591230392456,1,True
74937,0.7950388598442077,1,True
98783,0.7950069224834442,1,True
4999,0.7950025141239166,1,True
35329,0.7949636423587799,1,True
39686,0.7949488806724548,1,True
79416,0.7948967111110687,1,True
55979,0.7948944127559662,1,True
33686,0.7947886216640472,1,True
55992,0.7947615671157837,1,True
42637,0.7947347927093507,1,True
37912,0.794679878950119,1,True
54704,0.7946781575679779,1,True
8973,0.7946534740924835,1,True
17572,0.7946402394771577,1,True
34964,0.7946094715595245,1,False
31539,0.7945849251747131,1,True
83607,0.794548841714859,1,True
32669,0.7945429682731628,1,True
97956,0.7944972157478333,1,True
86381,0.7944935703277588,1,True
96847,0.7944853615760803,1,True
52476,0.7944514870643615,1,True
87878,0.7944080436229706,1,True
44904,0.7943608546257019,1,True
39962,0.794341150522232,1,True
36927,0.7943397426605225,1,True
97710,0.7942486941814423,1,True
64738,0.7941723132133485,1,True
7200,0.7941310691833496,1,True
22831,0.7941077327728272,1,True
12468,0.7940704751014709,1,True
68459,0.7940651321411133,1,True
48162,0.7940104579925538,1,True
22488,0.7939882946014405,1,True
25239,0.7939534962177277,1,True
92959,0.793921502828598,1,True
4599,0.7939084947109223,1,True
24910,0.793901858329773,1,False
92440,0.7938733398914337,1,True
66857,0.7938360810279846,1,True
15524,0.7938305306434632,1,True
95157,0.7937934720516204,1,True
6898,0.7937492859363555,1,False
55106,0.7937128961086273,1,True
74942,0.7937042593955994,1,True
84677,0.79369482755661,1,True
33743,0.7936879396438599,1,True
55429,0.7936767899990083,1,True
26928,0.7936578178405762,1,True
5582,0.793550181388855,1,True
12779,0.7935187745094299,1,True
45590,0.7935155987739563,1,True
5794,0.7934772419929504,1,True
22742,0.7934420609474182,1,True
14456,0.7934369230270386,1,True
22338,0.7934122824668884,1,True
23280,0.7933977496623993,1,True
72907,0.7933640921115875,1,True
38597,0.7933046889305115,1,True
13560,0.793290878534317,1,True
33650,0.7932895743846893,1,True
72951,0.7932587587833404,1,True
93781,0.7931532406806946,1,False
74175,0.7931399309635163,1,True
22961,0.7930861067771912,1,True
89146,0.7930860757827759,1,True
17959,0.793072019815445,1,True
9741,0.7930547702312469,1,True
3707,0.7929793274402619,1,True
39973,0.7929624629020691,1,True
93645,0.7929463362693787,1,False
94360,0.792921198606491,1,True
92759,0.792897082567215,1,True
29736,0.7928846633434296,1,True
84807,0.7928396439552308,1,True
6923,0.7928340470790862,1,True
35621,0.7928295314311982,1,True
59635,0.7928241181373596,1,True
13772,0.7927055430412293,1,False
9745,0.7927010953426361,1,True
64116,0.7926319479942322,1,True
65984,0.7925841069221496,1,True
13709,0.792561491727829,1,True
20331,0.7925482714176177,1,True
4995,0.7925315988063812,1,True
12479,0.7924734723567963,1,True
32354,0.7924677681922913,1,True
98861,0.7924092304706574,1,True
2346,0.7923983752727508,1,True
54523,0.7922231864929199,1,True
39862,0.7922040021419525,1,True
73883,0.7921911454200745,1,False
72481,0.7921580874919891,1,True
73964,0.7919966578483582,1,True
96721,0.791969941854477,1,True
62725,0.7919699156284332,1,True
46241,0.791959171295166,1,True
65957,0.7919205939769745,1,True
24917,0.7919146800041199,1,False
59956,0.7918692290782928,1,True
18371,0.7918464505672456,1,True
46341,0.7917923331260681,1,True
39454,0.7917785429954529,1,True
35617,0.7917643642425537,1,True
12343,0.7917569303512573,1,True
39210,0.7917335176467896,1,True
68868,0.7917160511016845,1,True
83974,0.7916946315765381,1,True
75296,0.7916742289066314,1,True
15902,0.7916292285919189,1,True
2587,0.7915836846828461,1,True
66734,0.7915754687786103,1,True
62655,0.7915395975112915,1,True
63802,0.7915301942825317,1,True
63607,0.7915234851837158,1,True
46348,0.7915009498596192,1,True
82594,0.7914683151245117,1,True
52917,0.7914638018608093,1,False
13480,0.7914254307746887,1,True
67977,0.791420248746872,1,True
36385,0.7914000523090363,1,True
62357,0.7912696719169616,1,True
85699,0.7912502455711365,1,True
77970,0.7912155652046204,1,False
38663,0.7912091219425201,1,True
92587,0.7911624920368194,1,False
7941,0.7911295628547668,1,True
77407,0.7911281478404999,1,True
32863,0.7910794365406036,1,True
13334,0.7910346317291259,1,True
15990,0.7910078561306,1,False
92356,0.7909378552436829,1,True
54715,0.7909345865249634,1,True
42671,0.7908982813358307,1,False
48133,0.7908956456184387,1,True
77962,0.7908384442329407,1,True
65515,0.7908307909965515,1,True
93763,0.7908024835586548,1,True
25203,0.7907950234413147,1,True
94922,0.7907342100143433,1,True
84750,0.7906274247169495,1,True
14860,0.7906247556209565,1,True
5500,0.7906094694137573,1,True
53598,0.7905973124504089,1,True
75991,0.7905907475948334,1,True
35518,0.7905658888816833,1,True
22829,0.7905360281467437,1,True
39750,0.7905326163768769,1,True
2485,0.7905098986625672,1,True
59408,0.7905080592632294,1,True
85987,0.7904969072341919,1,True
23821,0.7904725992679595,1,True
78907,0.7904621374607086,1,True
58276,0.7904596626758575,1,True
99497,0.7904185545444489,1,True
42605,0.7903866744041443,1,True
14835,0.7903842067718505,1,True
5934,0.7903262996673583,1,True
25318,0.7902920758724212,1,True
27685,0.7902895104885101,1,True
8978,0.7902821135520934,1,True
52582,0.7902801752090454,1,True
59177,0.7902271521091462,1,True
45047,0.7901753485202789,1,True
53816,0.7901562798023224,1,True
35348,0.7900023996829987,1,True
96902,0.789992847442627,1,True
45718,0.78999281167984,1,True
33808,0.7899694669246673,1,True
55980,0.7899683368206024,1,True
59640,0.7899607038497924,1,True
22604,0.7899423062801361,1,True
92726,0.7899396097660065,1,True
72952,0.7898822700977326,1,True
52311,0.7898272252082825,1,True
75798,0.7898127794265747,1,True
96923,0.7898074221611022,1,True
95509,0.7897224259376525,1,True
23265,0.7896880233287811,1,True
2448,0.7896751713752747,1,True
74639,0.7896721243858338,1,True
82547,0.7896656668186188,1,True
67757,0.7896273124217987,1,True
63632,0.7896221554279328,1,True
85356,0.7896135258674621,1,True
98253,0.7895474874973297,1,True
33226,0.7894961285591126,1,True
7842,0.7894839262962341,1,True
23247,0.7894828200340271,1,True
19811,0.7894612145423889,1,True
93257,0.7894524538516998,1,True
33741,0.7894247627258301,1,True
85638,0.7894193542003631,1,True
54336,0.7893679285049439,1,True
27980,0.7893605756759643,1,True
68896,0.7893529486656189,1,True
26164,0.7893404483795166,1,True
55140,0.7892816507816315,1,True
42478,0.789226701259613,1,True
54860,0.7892166638374329,1,True
93604,0.7892024338245391,1,True
37954,0.7891453421115875,1,True
47939,0.7891222667694091,1,True
65669,0.7891198146343231,1,True
66845,0.7890384387969971,1,True
24637,0.7889847671985626,1,True
15210,0.7889379322528839,1,True
65226,0.7888976562023162,1,True
9112,0.7888974916934968,1,True
34207,0.7888830626010894,1,True
83729,0.7888710772991181,1,True
34304,0.7888704895973205,1,True
35990,0.7888642418384553,1,True
4171,0.7888540863990784,1,True
65871,0.7888530302047729,1,True
67364,0.7888434827327728,1,True
5269,0.7888171195983886,1,True
84454,0.7888163769245148,1,True
98847,0.7887899339199066,1,True
43703,0.7887073159217834,1,True
58871,0.788677214384079,1,True
4963,0.7886656498908997,1,True
8751,0.7886653172969817,1,True
62713,0.788630942106247,1,True
99130,0.7886251330375671,1,True
65931,0.7886173033714294,1,True
94087,0.7886066937446594,1,True
55616,0.788555269241333,1,True
67886,0.7885047316551208,1,True
18881,0.7885038876533508,1,True
7920,0.788502048254013,1,True
83171,0.788464744091034,1,True
63122,0.7884160482883453,1,True
92366,0.7884072029590607,1,True
29540,0.7883446955680847,1,True
33482,0.7882896542549134,1,True
6905,0.7882335424423218,1,True
45936,0.7881767582893371,1,True
42277,0.7881561517715454,1,True
83724,0.7881503927707671,1,True
99821,0.7880682075023651,1,True
42323,0.7880529689788818,1,True
88294,0.7879766547679901,1,True
8999,0.7879668974876404,1,True
29223,0.7879104554653168,1,True
22305,0.7878873264789581,1,True
53808,0.7878710281848907,1,True
87713,0.7878678929805756,1,True
94785,0.7878259515762329,1,True
94968,0.787748476266861,1,True
82975,0.7877440798282623,1,True
44615,0.7877384698390961,1,True
32521,0.7877158343791961,1,True
93210,0.787673761844635,1,True
97629,0.7876675629615784,1,True
23929,0.7876602959632873,1,True
62538,0.7876507544517517,1,True
34255,0.7876022148132324,1,True
33720,0.7875781559944153,1,True
3345,0.7875626039505005,1,True
3825,0.7874566090106965,1,True
75993,0.7874282336235046,1,True
22911,0.7873188853263855,1,False
13966,0.787298959493637,1,True
74398,0.7872842371463775,1,True
43877,0.787240287065506,1,True
45225,0.7872189736366272,1,True
7757,0.7871735382080078,1,True
2889,0.7871476256847382,1,True
29906,0.7871425092220307,1,True
2535,0.7871396911144257,1,True
16876,0.7871105635166169,1,True
79388,0.7871087968349457,1,True
62946,0.7870903515815735,1,False
53425,0.7870890390872955,1,True
94833,0.7870664405822754,1,True
18487,0.7870389819145203,1,True
13846,0.7870363783836365,1,True
76672,0.7870236110687256,1,True
5874,0.787016315460205,1,True
55935,0.787008250951767,1,True
34574,0.7869819021224975,1,True
39794,0.7869731938838959,1,True
63595,0.7869578099250794,1,True
22803,0.786916640996933,1,True
28727,0.7869033873081207,1,True
55695,0.7868333101272583,1,True
82980,0.7867858242988586,1,True
27852,0.7867733108997346,1,True
65838,0.7867580103874207,1,True
88584,0.786745513677597,1,True
83339,0.7867028760910034,1,True
23729,0.7866967618465424,1,False
53881,0.7866684126853942,1,True
82842,0.7866017079353332,1,False
39474,0.7865346801280975,1,True
36310,0.7865306210517884,1,True
35859,0.7865276718139649,1,True
94800,0.7865260863304138,1,True
96926,0.7865078091621399,1,True
92419,0.7865070378780366,1,True
85538,0.7864600872993469,1,True
65453,0.7864586174488067,1,True
93425,0.7864581751823425,1,True
82523,0.7864488780498504,1,True
44517,0.7864294028282166,1,True
43809,0.7864233493804932,1,False
8253,0.786396038532257,1,True
68906,0.7863940441608429,1,True
88765,0.7863745403289795,1,True
67959,0.7862760400772095,1,True
53368,0.7862579274177551,1,True
67744,0.7862074601650237,1,True
93874,0.7861972069740295,1,True
2211,0.7861843287944794,1,True
5991,0.786156598329544,1,True
52496,0.7861558401584625,1,False
16407,0.7861514115333557,1,True
62907,0.7861416113376618,1,True
92699,0.786136326789856,1,True
35147,0.7861166858673097,1,True
82698,0.7861066913604736,1,True
5985,0.7860948085784912,1,True
27535,0.7860579800605774,1,False
2629,0.7860324132442474,1,True
28233,0.7859993696212768,1,True
82220,0.7859963035583496,1,True
59832,0.7859550309181214,1,True
37801,0.7859206116199493,1,True
54665,0.7859190428256988,1,True
32555,0.7858350503444671,1,False
44751,0.7858340311050416,1,True
72142,0.7857948172092437,1,True
88090,0.7857169044017791,1,True
95237,0.7857073056697845,1,True
73875,0.785697033405304,1,True
33394,0.7856542146205903,1,True
74828,0.7856408333778382,1,True
42424,0.7856307327747345,1,True
14598,0.7856272697448731,1,True
25328,0.7855808544158935,1,True
86734,0.7855575346946717,1,True
71684,0.7855539381504059,1,True
27160,0.7855296707153321,1,True
45614,0.7855113136768341,1,True
69840,0.78548987865448,1,True
67274,0.7854759097099304,1,True
22624,0.7854370856285096,1,True
58953,0.7854362714290619,1,True
16434,0.7854017269611359,1,True
3631,0.7853485691547394,1,True
82492,0.7853443205356598,1,True
30551,0.7853026831150055,1,True
44221,0.785281640291214,1,True
53492,0.7852623140811921,1,True
92353,0.7852443337440491,1,True
37594,0.7852439594268799,1,True
54663,0.7852154207229614,1,True
7918,0.7851773834228515,1,True
17839,0.7851459336280823,1,True
42059,0.785124546289444,1,True
3663,0.785100508928299,1,False
93786,0.7850829839706421,1,True
3852,0.7850810146331787,1,True
84975,0.7850314164161682,1,True
92458,0.7850045561790466,1,True
67909,0.7850014996528625,1,True
3449,0.7849921202659607,1,False
28950,0.7849600756168366,1,True
37781,0.7849595832824707,1,True
84992,0.7849043095111847,1,True
18999,0.7849005663394928,1,True
75951,0.7848803222179412,1,True
97920,0.7848785173892975,1,True
37943,0.7848752093315124,1,True
56968,0.7848641204833984,1,True
15927,0.784733350276947,1,True
25476,0.7846636843681336,1,True
83822,0.7846396243572236,1,True
87930,0.7845813405513764,1,True
97849,0.7845461332798005,1,True
87612,0.7845456469058991,1,True
33746,0.7844799292087554,1,True
67935,0.7844730663299561,1,False
69547,0.7844318699836731,1,True
85055,0.784407366514206,1,True
83795,0.7843985307216644,1,True
95981,0.7843661725521087,1,False
17862,0.7843622398376464,1,False
78225,0.7843404150009154,1,True
17717,0.7843223857879639,1,True
63500,0.7843022322654725,1,True
5782,0.7842882454395295,1,False
4283,0.7842784690856934,1,True
65645,0.7842725121974945,1,True
78636,0.7842636334896087,1,True
67874,0.7842620944976806,1,True
64769,0.7842457187175751,1,True
9389,0.7842118322849274,1,True
49848,0.7841709077358245,1,True
28855,0.7841417288780212,1,True
36712,0.7841251957416535,1,True
75203,0.784122656583786,1,True
69600,0.7841158401966095,1,True
48085,0.784108259677887,1,True
22889,0.7840625655651092,1,True
54119,0.7840437233448029,1,True
59945,0.784041485786438,1,True
83905,0.7840297782421113,1,True
8935,0.784002720117569,1,True
98536,0.7839081490039825,1,True
9711,0.7838421833515168,1,True
32584,0.783743929862976,1,True
38811,0.7836717033386231,1,True
59771,0.7836636662483215,1,True
63503,0.783657511472702,1,True
28177,0.7836301696300507,1,True
42526,0.7836224806308747,1,True
18978,0.7836117815971375,1,True
55036,0.7836109459400177,1,True
32576,0.7835832345485687,1,True
55798,0.7835727000236512,1,False
43449,0.7835216724872589,1,True
53761,0.783510558605194,1,True
23535,0.7835040640830994,1,True
75406,0.7834674918651581,1,True
56815,0.7834633350372314,1,True
63116,0.7834554862976074,1,True
53289,0.7834260189533233,1,True
39130,0.7834156811237335,1,True
53786,0.7833730804920196,1,True
67768,0.7833554017543793,1,True
26594,0.7833410227298736,1,True
39096,0.7833116245269776,1,True
98393,0.7832808315753936,1,True
75635,0.7831803596019744,1,True
84537,0.7831610596179962,1,True
73419,0.7831561183929443,1,True
3527,0.7830637121200561,1,True
75982,0.7830370378494262,1,True
45835,0.7830327033996582,1,True
5613,0.7830252432823182,1,True
48527,0.783023282289505,1,False
84976,0.7829838514328002,1,True
15987,0.7829655349254608,1,True
58981,0.7829257225990296,1,True
27930,0.7829251706600189,1,False
76900,0.7828562891483306,1,True
98921,0.7828502643108368,1,True
59962,0.7828316283226013,1,True
4373,0.7828196442127228,1,True
7018,0.7827995944023132,1,True
4987,0.7827987062931061,1,True
2326,0.7827831375598908,1,True
2198,0.7827771437168121,1,True
52798,0.782768497467041,1,True
33252,0.7827501869201661,1,False
96768,0.7827493286132812,1,True
73762,0.7827427971363068,1,False
82576,0.7827209186553955,1,False
68950,0.78268669962883,1,True
43779,0.7826832783222198,1,False
19315,0.7826820588111878,1,True
18709,0.7826575076580047,1,True
63760,0.7826377058029175,1,False
32880,0.7826259660720825,1,True
62762,0.7826208007335662,1,True
86618,0.7826130485534668,1,True
45961,0.78260120511055,1,True
52598,0.78255704164505,1,False
89364,0.7825441610813141,1,True
60333,0.7825400316715241,1,True
73938,0.782533073425293,1,True
34995,0.7825308382511139,1,True
69287,0.7825168538093568,1,True
84298,0.7825160801410675,1,True
68874,0.7824148392677307,1,True
14987,0.7823757016658783,1,True
72802,0.7823754751682281,1,True
92547,0.7823673903942108,1,False
59930,0.7823008096218109,1,True
72393,0.7822988152503967,1,True
49551,0.7822970938682556,1,True
23664,0.7822840905189514,1,False
54406,0.7822116219997406,1,True
25996,0.7821862173080445,1,True
68747,0.7821848380565644,1,True
45214,0.7821622800827026,1,True
28817,0.782160633802414,1,False
77587,0.7821515882015229,1,True
94975,0.7820880770683288,1,True
27396,0.7820701205730438,1,True
25608,0.7820523321628571,1,True
52288,0.7820386874675751,1,True
3611,0.7820134782791137,1,True
93592,0.781972805261612,1,True
45398,0.7819535803794861,1,True
45552,0.7819499993324279,1,True
95877,0.78192489027977,1,False
34782,0.7818828976154327,1,True
86842,0.7818614411354066,1,True
13964,0.7817975413799285,1,True
75944,0.7817297160625458,1,True
43173,0.7817207086086273,1,True
8157,0.7817009544372558,1,True
12675,0.7816755497455596,1,True
35949,0.781648166179657,1,True
22982,0.7815947914123536,1,True
13261,0.7815804040431976,1,True
23286,0.7815446436405182,1,True
98304,0.7815110170841217,1,True
23396,0.7815070998668671,1,True
3763,0.7814517462253571,1,False
87850,0.7814485692977906,1,True
19850,0.7814223062992096,1,True
79300,0.7813812935352326,1,True
42601,0.7813773071765899,1,False
33830,0.7813320994377136,1,True
23633,0.78113720536232,1,False
13869,0.7811134135723115,1,True
43741,0.7810551726818085,1,True
65588,0.7810144495964051,1,True
25980,0.7810053384304046,1,True
76929,0.7809892678260804,1,False
63496,0.780979849100113,1,True
3540,0.7808482301235199,1,False
17876,0.7807930850982666,1,False
68269,0.7807758247852326,1,True
53616,0.7807702839374542,1,True
88495,0.7807373607158661,1,True
36245,0.780726022720337,1,True
38899,0.7807216560840606,1,True
42757,0.7807206141948699,1,False
9903,0.7806355035305024,1,True
29704,0.7805814027786255,1,True
58777,0.7805685937404633,1,True
73460,0.7805601036548615,1,True
2617,0.7805230069160461,1,True
62176,0.7805224466323852,1,True
83725,0.7805009651184083,1,False
32423,0.7804866480827332,1,True
64761,0.7804596304893494,1,True
13437,0.7804499387741088,1,True
55576,0.7804105937480926,1,True
58589,0.7803586316108704,1,True
40249,0.7803572154045104,1,True
39548,0.780350557565689,1,True
64325,0.7803459501266479,1,True
2424,0.7802790355682373,1,True
23109,0.7802748215198516,1,True
35853,0.7802443492412567,1,True
53940,0.7802398777008057,1,False
41306,0.7801868057250976,1,True
15984,0.7800425899028778,1,True
48179,0.780027093887329,1,True
53814,0.7800068330764771,1,True
52673,0.7799819195270539,1,True
17438,0.7799525725841523,1,True
54449,0.7798243308067322,1,True
82946,0.7798228085041046,1,False
2986,0.7797506058216095,1,True
16144,0.7797483158111572,1,True
85230,0.7796934318542481,1,True
87274,0.7796806728839873,1,True
94460,0.7796741914749146,1,True
35885,0.7796329843997956,1,True
48920,0.7795634114742279,1,True
79984,0.7795113253593444,1,True
82370,0.7795092594623565,1,True
99460,0.77950119972229,1,True
23517,0.7794929790496826,1,True
72963,0.779488822221756,1,True
82545,0.779463107585907,1,True
29205,0.7794479262828826,1,True
42505,0.7794247722625732,1,True
6948,0.7794073867797852,1,True
48423,0.7793992352485657,1,True
83549,0.7793612027168274,1,False
64796,0.7793597376346588,1,True
74553,0.7793029892444611,1,True
87729,0.7792587769031525,1,True
90098,0.7792515492439269,1,True
18864,0.7792233228683472,1,True
28412,0.7792147088050843,1,True
37453,0.7792006182670593,1,True
78985,0.7791477739810944,1,True
95611,0.7791205430030823,1,True
84492,0.7791117680072784,1,True
85315,0.7791002416610717,1,True
65768,0.7790425968170166,1,True
23333,0.7790286493301392,1,True
88346,0.7790257453918457,1,True
77088,0.7790157222747802,1,True
75223,0.7789856052398682,1,True
15967,0.7789850044250488,1,True
89215,0.7789814448356629,1,True
75764,0.7789166104793548,1,True
54267,0.7789154744148254,1,True
45635,0.7788871514797211,1,True
89694,0.7788712358474732,1,True
8173,0.7788086962699889,1,True
86326,0.7788036584854126,1,True
26481,0.7787821972370148,1,True
72913,0.7787130355834961,1,True
89204,0.7786541712284087,1,True
66626,0.7786133790016174,1,True
52182,0.7786069667339325,1,True
17673,0.7785676634311676,1,True
17977,0.778527660369873,1,True
18768,0.7784313857555389,1,True
22669,0.7783825075626374,1,True
5868,0.7783705353736877,1,True
5052,0.7783406388759613,1,True
73686,0.7783185064792633,1,True
83529,0.7782800114154815,1,True
14967,0.778273561000824,1,True
2677,0.7782387030124664,1,True
29720,0.7782080936431885,1,True
79881,0.7782060182094575,1,True
97478,0.7781988525390625,1,True
93579,0.7781662774085998,1,True
22622,0.7781449782848358,1,True
7652,0.7780489814281464,1,True
37907,0.7780125308036805,1,True
14136,0.777998776435852,1,True
22948,0.777978286743164,1,False
83761,0.7779734861850738,1,True
88945,0.77796226978302,1,True
42263,0.7779205465316772,1,True
60080,0.7778910374641419,1,True
19583,0.7778820097446442,1,True
79866,0.7778771495819092,1,True
75996,0.7778654372692109,1,True
82429,0.777859308719635,1,True
84962,0.7778405845165253,1,True
15649,0.7778350603580475,1,True
13556,0.77782701253891,1,True
3399,0.7778160512447357,1,True
67488,0.777786557674408,1,False
85809,0.7777693092823028,1,True
82245,0.777746889591217,1,True
9455,0.7777188539505004,1,True
56857,0.7777152454853058,1,True
2070,0.7776732301712036,1,True
79284,0.7776728987693786,1,True
62800,0.7776492881774902,1,True
53479,0.7776410186290741,1,True
12197,0.7776184928417206,1,True
5155,0.7775672233104706,1,True
91458,0.7775422644615173,1,True
46525,0.7775421440601349,1,True
86937,0.7775386846065522,1,True
72541,0.7774962377548218,1,True
65374,0.7774804282188416,1,True
73505,0.7774746870994568,1,False
43350,0.7773966217041015,1,True
47513,0.7773691594600678,1,True
99839,0.7773527121543884,1,True
63730,0.7773250472545623,1,True
5528,0.7773245835304261,1,True
54553,0.7773069989681244,1,True
26840,0.7773011887073518,1,True
71507,0.7772926676273346,1,True
25158,0.7772888433933258,1,True
99781,0.7772661173343658,1,True
97806,0.7772049164772034,1,True
39388,0.7771973085403443,1,True
19627,0.7771828579902649,1,True
54437,0.7771789395809174,1,True
94783,0.7771743464469909,1,True
40808,0.7771724474430084,1,True
93459,0.7771705758571625,1,True
65987,0.7771515119075776,1,True
85613,0.7771397411823273,1,True
97253,0.7771208715438842,1,True
27387,0.7770728623867035,1,True
58834,0.777034068107605,1,True
73161,0.7770323300361633,1,True
17511,0.7769600093364716,1,True
14991,0.7769590306282044,1,True
53886,0.7769312369823456,1,True
28524,0.7769074738025665,1,True
2556,0.7768761217594147,1,True
69671,0.776874955892563,1,True
85325,0.7768492221832275,1,True
82719,0.7767784976959229,1,True
23383,0.7767484366893769,1,False
29854,0.7767217838764191,1,True
17253,0.7766798591613769,1,True
94944,0.7766720080375671,1,False
3329,0.7766539132595063,1,False
82813,0.7766207826137543,1,False
4859,0.7765721845626832,1,True
82316,0.7765047800540924,1,True
6976,0.7764961397647858,1,True
14669,0.7764731025695801,1,True
39765,0.7764370608329774,1,True
3849,0.7764006459712982,1,True
3919,0.7763942265510559,1,True
53416,0.7763868904113769,1,True
72428,0.7762943589687348,1,True
33508,0.7762756776809692,1,True
12527,0.7762010896205902,1,True
75888,0.7761921882629395,1,True
62759,0.7761886918544769,1,True
96967,0.7761762881278992,1,True
8665,0.7761418259143829,1,True
3418,0.7761268520355225,1,True
57641,0.7761253273487091,1,True
23560,0.7761072278022766,1,True
5598,0.7760961997509003,1,True
69872,0.7760874569416046,1,True
69400,0.7760795521736146,1,True
5122,0.7760362267494202,1,True
12792,0.7760110902786255,1,False
4725,0.7760086607933044,1,True
87374,0.7760078835487365,1,True
52318,0.7760071194171905,1,True
32512,0.7759946382045746,1,True
82910,0.7759814643859864,1,False
4454,0.7759465527534485,1,True
46437,0.7758785486221313,1,True
17753,0.7758446395397186,1,False
83648,0.7758015298843384,1,True
16249,0.7757695949077605,1,True
89407,0.7756474530696869,1,True
32690,0.7756390976905823,1,True
63923,0.7756050992012025,1,False
36969,0.7755753636360169,1,False
45119,0.7755568087100982,1,True
36681,0.7755047547817231,1,False
55738,0.7754845356941222,1,False
46961,0.7754807019233704,1,True
82207,0.7754359948635101,1,True
16849,0.7754223179817199,1,True
68958,0.7753425514698029,1,True
28232,0.7752952539920808,1,True
23576,0.7752854824066162,1,False
62692,0.7752600717544555,1,True
59923,0.7752045249938965,1,True
72623,0.7751884615421295,1,True
92832,0.7751781618595124,1,False
2273,0.7751643013954163,1,True
25976,0.7751557302474976,1,False
22610,0.7751500940322875,1,True
13395,0.7751474189758301,1,False
41380,0.7751016438007354,1,True
39999,0.7750254726409912,1,True
73564,0.7749185252189636,1,True
79362,0.7749031007289886,1,True
62909,0.7748900079727172,1,True
42191,0.7748453891277314,1,False
36837,0.7748236763477325,1,True
44476,0.7748007881641388,1,True
46956,0.7747320258617401,1,True
13419,0.774698747396469,1,True
92984,0.7746753132343291,1,True
77873,0.7746635687351227,1,True
57929,0.7746363174915314,1,True
79824,0.7745717406272888,1,True
98081,0.7744928777217865,1,True
8749,0.7744624757766724,1,True
35902,0.77443359375,1,True
33456,0.7744044518470764,1,False
19961,0.7743854844570159,1,True
33909,0.7743757617473602,1,True
33044,0.7743635010719299,1,True
42606,0.774361046552658,1,False
4319,0.7743271994590759,1,True
2992,0.7743191623687744,1,True
5829,0.7743057548999787,1,True
93601,0.7742971563339234,1,True
5435,0.7742425036430358,1,True
42650,0.7741907560825347,1,True
32528,0.7741693067550659,1,True
23648,0.7741470074653625,1,True
53453,0.7741233789920807,1,True
76927,0.7741164684295654,1,True
98627,0.774115310907364,1,True
45416,0.7740871560573578,1,True
73403,0.7740477204322815,1,True
12316,0.7740457165241241,1,True
84053,0.7740401566028595,1,True
22987,0.7739858782291412,1,True
23532,0.7739753699302674,1,False
23918,0.7739492428302766,1,True
13695,0.7739336347579956,1,True
95565,0.7739329957962036,1,True
95997,0.7739265334606171,1,True
31502,0.773821632862091,1,True
85168,0.7738144290447235,1,True
76483,0.7737900006771088,1,True
62536,0.77377898812294,1,False
69775,0.7737155425548554,1,False
39768,0.7736835622787476,1,True
82463,0.7736406230926514,1,True
62969,0.77360027551651,1,True
44481,0.7735866153240204,1,True
43253,0.7735821044445037,1,True
53465,0.7735430979728699,1,False
59010,0.7735404443740845,1,True
15969,0.7735168468952178,1,True
64028,0.7734927177429199,1,True
39571,0.7734761667251586,1,True
63526,0.7734613943099975,1,True
12618,0.7733910310268401,1,False
24133,0.7733584034442902,1,True
13114,0.7733559894561768,1,True
55983,0.7733275985717774,1,False
89975,0.7733001708984375,1,True
44206,0.7732785260677337,1,True
82369,0.773256824016571,1,True
22977,0.7732451713085174,1,True
27499,0.7732219004631042,1,True
62794,0.7732086861133576,1,False
83718,0.7731916952133179,1,True
49369,0.7731852924823761,1,True
45804,0.7730967354774475,1,True
63131,0.7730779111385345,1,True
22517,0.7730775725841522,1,True
3650,0.7730747866630554,1,True
22377,0.773070877790451,1,True
83492,0.7730390405654908,1,True
52567,0.7730047225952148,1,True
44918,0.7729977452754975,1,True
87635,0.7729884827136994,1,True
32418,0.7729582786560059,1,False
52415,0.7728640520572663,1,True
17749,0.7728488087654114,1,True
65806,0.7728387379646302,1,True
75311,0.7728372740745544,1,True
16938,0.772602128982544,1,False
95941,0.772569991350174,1,False
83802,0.7725082242488861,1,True
94939,0.7724987840652466,1,True
74320,0.7724956309795379,1,True
94095,0.7724933910369873,1,True
7964,0.7724353635311128,1,True
29460,0.7723660671710968,1,True
5651,0.772341994047165,1,False
5955,0.7723222696781158,1,True
53631,0.7723058438301087,1,False
32760,0.7723006582260132,1,False
12955,0.7722970283031463,1,True
48583,0.7722846496105193,1,True
62628,0.7722571647167206,1,True
52885,0.7722399389743805,1,True
44015,0.7722136390209198,1,True
99573,0.7721743535995483,1,True
82696,0.7720991921424866,1,True
22958,0.7720988070964814,1,False
88391,0.7720579779148102,1,True
95926,0.7719875013828277,1,True
92986,0.7719702851772308,1,True
44051,0.7719607937335968,1,True
58261,0.7718784022331238,1,True
33993,0.7718546545505524,1,True
48006,0.7718505334854127,1,True
5298,0.7718421018123627,1,True
52379,0.7718009531497956,1,True
33724,0.7717906308174134,1,True
59629,0.7717325270175934,1,True
14642,0.771723792552948,1,True
33284,0.7717025554180146,1,True
94475,0.7716964304447174,1,True
3862,0.7716871750354767,1,False
67499,0.7716248750686645,1,False
88234,0.7716117763519288,1,True
52455,0.7715381395816803,1,True
73802,0.7715173768997192,1,False
3196,0.7715058636665344,1,True
65716,0.7714825642108918,1,True
16877,0.7714769971370696,1,False
47870,0.7714717030525208,1,True
72467,0.7714299118518829,1,True
94889,0.7714150130748749,1,True
85932,0.7713957953453063,1,False
31160,0.7713741326332093,1,True
31736,0.7713631677627564,1,True
83829,0.771349651813507,1,True
33610,0.7712753212451935,1,True
77917,0.7712166321277618,1,True
28661,0.771207137107849,1,True
33740,0.7711853516101836,1,True
94610,0.7711831438541412,1,True
68338,0.7711810767650604,1,True
83398,0.7711021649837494,1,True
95189,0.7710534346103668,1,True
89451,0.7710441696643829,1,True
49329,0.7710297894477844,1,True
33697,0.7710213446617127,1,True
67747,0.7709848797321319,1,False
73109,0.7709785652160644,1,True
72261,0.7709655165672302,1,False
32256,0.7709511196613312,1,True
3419,0.7709509778022766,1,True
33334,0.7709258043766022,1,True
75664,0.7708633637428284,1,True
62732,0.7708621299266816,1,True
70706,0.7708228194713593,1,True
82973,0.7708225977420806,1,True
55630,0.7707800436019898,1,True
42357,0.7706463193893432,1,True
94820,0.7706424748897552,1,True
26257,0.7706253039836883,1,True
5859,0.7706131839752197,1,False
5662,0.7705852329730988,1,True
78951,0.7705656695365906,1,True
3503,0.7705215716361999,1,True
35798,0.7705152881145477,1,True
95949,0.7705120408535004,1,True
53155,0.7705089211463928,1,True
12513,0.7704991161823272,1,True
42538,0.7704907763004303,1,True
3487,0.7704181039333344,1,True
93559,0.7704153883457183,1,True
75069,0.770383243560791,1,True
25991,0.7703727960586548,1,False
55495,0.7703697085380554,1,True
49566,0.7703251647949219,1,True
28815,0.7703187990188598,1,True
82263,0.7702638983726502,1,True
42595,0.7702375745773316,1,True
82779,0.7701958453655242,1,True
34576,0.7701547074317932,1,True
4168,0.7701335060596466,1,True
32447,0.7701137125492096,1,True
65707,0.7700389146804809,1,True
18373,0.7700226426124572,1,True
84338,0.7699951374530792,1,True
18475,0.7699830853939056,1,True
89622,0.769908230304718,1,True
35992,0.7699043095111847,1,True
4410,0.7698348069190979,1,True
92613,0.7698332941532136,1,False
86978,0.7697958624362946,1,True
7924,0.7697758316993714,1,True
25474,0.7696544051170349,1,True
42716,0.769627549648285,1,True
18611,0.7695823061466217,1,True
12421,0.7695385003089905,1,True
43573,0.7695374643802643,1,False
23563,0.7695231342315674,1,True
94081,0.7695121014118195,1,True
57666,0.7695020925998688,1,True
52160,0.7694572901725769,1,True
49536,0.7694153535366058,1,True
42668,0.7693694925308228,1,True
65184,0.7693665599822999,1,True
7522,0.7693250584602356,1,True
3545,0.7692956554889678,1,True
74988,0.7692947208881378,1,True
23366,0.7692830979824066,1,True
97896,0.7692425429821015,1,False
32426,0.769237060546875,1,False
84740,0.7691947734355926,1,False
93586,0.7691827344894409,1,False
64799,0.7691395056247712,1,True
75570,0.7691277050971985,1,True
72896,0.7690801870822906,1,True
65481,0.7690418863296509,1,True
16322,0.7690030753612518,1,True
95891,0.7690008890628814,1,True
92280,0.7689871466159821,1,True
59785,0.7689681875705718,1,True
93977,0.7689524328708648,1,True
97518,0.7689459669589996,1,False
33789,0.7689334607124328,1,True
1204,0.7689314579963684,1,True
72612,0.768904881477356,1,False
81782,0.7688327074050904,1,True
17936,0.7687864637374877,1,False
54635,0.7687663662433624,1,True
43931,0.7686849164962768,1,True
40014,0.7686485576629638,1,True
79907,0.7686430287361146,1,True
25994,0.7686338913440705,1,True
24992,0.7686108338832855,1,True
83476,0.7685899209976197,1,True
35618,0.7685633373260499,1,True
92470,0.7685385870933532,1,True
66950,0.7684733426570892,1,True
62476,0.7684502732753753,1,True
54933,0.7684463191032409,1,False
72728,0.7683953094482422,1,False
13867,0.7683759713172913,1,True
22519,0.7683142805099488,1,True
42618,0.7682939624786377,1,True
85961,0.7682846474647522,1,True
13831,0.7682647562026977,1,True
46464,0.7682511925697326,1,True
73381,0.7682229161262513,1,True
7296,0.7681924605369568,1,True
66873,0.7681866037845612,1,True
52953,0.768171181678772,1,True
7983,0.7681186401844025,1,True
93673,0.7681117749214172,1,True
23903,0.7680949354171753,1,True
4147,0.7680527973175049,1,True
74197,0.7680441820621491,1,True
22706,0.7680335676670074,1,True
48630,0.7679816377162934,1,True
88359,0.7679496037960052,1,True
54731,0.767920699119568,1,True
25135,0.767918165922165,1,True
34601,0.7679140996932983,1,True
67887,0.7679030764102937,1,False
23989,0.7678856134414673,1,True
57967,0.767883894443512,1,True
12856,0.7678748059272766,1,True
73887,0.7678393578529358,1,True
67685,0.7678307199478149,1,True
32632,0.7678296375274658,1,False
72397,0.767827776670456,1,True
84984,0.767824524641037,1,True
79829,0.7678062462806702,1,True
12217,0.7677926325798035,1,True
28292,0.7677856242656708,1,True
5249,0.7677654886245728,1,True
55994,0.7677620851993561,1,True
38329,0.7677501404285432,1,True
82500,0.7677312719821929,1,True
35736,0.7677195477485657,1,False
3704,0.7676998269557953,1,False
61170,0.7675491845607758,1,True
53587,0.767537350654602,1,True
62540,0.7675126028060912,1,True
59219,0.767504791021347,1,True
33539,0.7674901068210602,1,False
95049,0.7674871897697448,1,True
23884,0.767463926076889,1,True
97506,0.7674555194377899,1,True
53725,0.7674508357048035,1,True
58929,0.7674424874782562,1,True
72996,0.7674285137653352,1,True
63677,0.7674182081222534,1,True
73949,0.7674072277545929,1,True
87837,0.7673714971542358,1,True
87977,0.7673696553707123,1,True
23711,0.7673461902141572,1,False
28323,0.7673268604278565,1,True
72886,0.7673144745826721,1,True
89940,0.7673055875301361,1,True
77377,0.7672936761379242,1,False
18205,0.7672422134876251,1,True
32508,0.7672193133831025,1,True
14359,0.7672085130214692,1,True
32641,0.7672041821479798,1,False
86913,0.7671740865707397,1,False
28501,0.7671501159667968,1,True
14505,0.7671491241455077,1,True
12817,0.7670625555515289,1,True
48846,0.7670028603076935,1,True
96404,0.7670015072822571,1,True
92490,0.766979113817215,1,True
24280,0.7669482946395874,1,True
93920,0.7669421815872193,1,True
42657,0.7668928503990173,1,True
8626,0.7668562853336334,1,True
96913,0.7667617297172546,1,True
22606,0.7667569255828857,1,True
47914,0.7667264032363892,1,True
36981,0.7666964066028594,1,False
71190,0.766696025133133,1,True
93988,0.7666927409172057,1,True
2742,0.7666893327236175,1,True
73180,0.7666864824295043,1,True
14277,0.76664914727211,1,True
72636,0.7665954113006592,1,True
5806,0.7665273535251618,1,True
9980,0.7665070152282715,1,True
9976,0.7664996469020844,1,True
69252,0.7664193165302277,1,True
65169,0.7663825428485871,1,True
55433,0.766369994878769,1,True
35107,0.7663631641864777,1,True
92418,0.7663622856140136,1,True
49201,0.7663156116008758,1,True
86933,0.7663060760498046,1,True
78909,0.7662961304187774,1,True
76084,0.7662869298458099,1,True
35995,0.7662370634078979,1,True
64928,0.7661948204040527,1,False
33604,0.7661741685867309,1,True
2648,0.766159485578537,1,True
84993,0.766148886680603,1,True
76841,0.7661285614967346,1,True
93607,0.7660866022109986,1,True
23762,0.7660643172264099,1,True
25483,0.7660374331474304,1,True
22694,0.7660002517700195,1,True
48747,0.7659895014762879,1,True
73713,0.7659412407875061,1,True
75188,0.765929673910141,1,True
69009,0.7659269726276398,1,True
28169,0.7659127736091613,1,True
78982,0.7658994770050049,1,True
24425,0.7658112132549286,1,True
67705,0.7657700645923615,1,True
62786,0.7657675552368164,1,False
62319,0.7657057452201843,1,True
33545,0.7657010614871979,1,True
83738,0.7656457233428955,1,True
52618,0.7656358623504639,1,True
48953,0.7655826723575592,1,True
32653,0.765580382347107,1,False
37204,0.7655553126335144,1,True
73625,0.7655454623699188,1,False
3170,0.7655301380157471,1,True
38195,0.7655079877376556,1,True
1192,0.7654911446571351,1,True
97934,0.7653878843784332,1,True
12322,0.7653737473487854,1,True
83602,0.7653487718105316,1,True
39908,0.7652874624729156,1,True
65678,0.7652840173244476,1,True
33651,0.7652809047698974,1,True
42136,0.7652474236488342,1,True
72855,0.7652381420135498,1,True
43621,0.7652234661579131,1,True
47896,0.7652230846881867,1,True
73653,0.7652216362953186,1,True
12530,0.7652208828926086,1,True
88913,0.7652145981788635,1,True
26397,0.7651806175708771,1,True
74992,0.7651674389839173,1,True
52678,0.765140722990036,1,True
82709,0.765137596130371,1,True
43418,0.7651322793960571,1,True
74936,0.765131754875183,1,False
42734,0.7651199853420257,1,True
32687,0.7650766360759735,1,True
97638,0.7650505709648132,1,True
89745,0.7650463783740997,1,True
17527,0.7650425374507904,1,True
47905,0.7650418770313263,1,True
69507,0.7650413024425506,1,True
27705,0.7649690878391266,1,True
86899,0.7648704099655151,1,True
22374,0.7648693776130676,1,True
98984,0.764830971956253,1,True
98362,0.7648138499259949,1,True
29255,0.7647713613510132,1,True
17335,0.764771283864975,1,True
24958,0.7647396254539489,1,False
77827,0.7647280812263488,1,False
84972,0.7647252094745636,1,True
63908,0.7647116792201996,1,True
32887,0.7646577417850494,1,True
13440,0.7646285593509674,1,True
9882,0.7645888781547546,1,True
25685,0.7645841026306153,1,True
39564,0.7645824790000916,1,True
7660,0.7645434725284577,1,False
2743,0.7645293843746186,1,False
62733,0.7645208215713502,1,True
85891,0.764512550830841,1,False
36376,0.7645054030418397,1,True
28999,0.7644849157333373,1,True
68503,0.7644699847698211,1,True
49667,0.7644449281692505,1,True
67636,0.764426474571228,1,True
76504,0.7643991541862487,1,True
86958,0.7643501055240631,1,True
45629,0.7643306267261505,1,True
89682,0.7643154907226563,1,True
92431,0.7642927169799805,1,True
53807,0.7642631316184998,1,True
12925,0.7642263436317445,1,True
73751,0.7641440534591675,1,True
83521,0.764121127128601,1,True
74336,0.7641155278682709,1,True
19799,0.7640967524051666,1,True
48673,0.7640793347358703,1,True
39909,0.7640062439441682,1,True
57601,0.7639430320262909,1,True
46878,0.7639392256736756,1,False
3356,0.763891909122467,1,True
99819,0.7638574850559234,1,True
95212,0.7638372075557709,1,True
13572,0.7638198637962341,1,True
86966,0.7638063895702363,1,True
48413,0.763795815706253,1,True
24610,0.7637728393077851,1,True
48858,0.763706899881363,1,True
97151,0.7636495971679688,1,True
58480,0.7636321592330932,1,True
53553,0.7636058092117309,1,True
73987,0.76359938621521,1,True
29873,0.7635871362686157,1,True
47559,0.7635706794261932,1,True
33970,0.7635448729991913,1,True
50127,0.7635053980350495,1,True
33801,0.7634722864627839,1,False
24984,0.7634634232521057,1,False
87617,0.7634429597854615,1,False
9269,0.7634387981891633,1,True
27909,0.7634285283088684,1,True
26654,0.7634252536296844,1,True
19798,0.763413257598877,1,True
35025,0.7634053909778595,1,True
28390,0.7634025061130524,1,True
5026,0.7633880686759948,1,True
76374,0.7633474445343018,1,True
28395,0.7633191204071045,1,True
59993,0.7631658446788787,1,True
45180,0.7631649899482726,1,True
7581,0.7631631183624268,1,False
43726,0.7631461560726166,1,True
82646,0.7631433761119842,1,True
63594,0.7631377184391022,1,True
2544,0.7631167984008789,1,True
23524,0.7630804085731506,1,True
92947,0.763008953332901,1,True
27949,0.7629408180713654,1,False
27686,0.7629110550880431,1,True
74193,0.7629029762744903,1,True
35143,0.7628789162635803,1,True
63187,0.7628342115879059,1,True
26936,0.7628130459785462,1,True
28888,0.7628052258491516,1,True
79942,0.7628050744533539,1,True
24977,0.7628049802780151,1,False
83328,0.7627674055099487,1,True
64495,0.7627652919292449,1,True
64943,0.7627379107475281,1,True
55072,0.7626886808872223,1,True
7853,0.7626610112190246,1,True
79936,0.7626081562042236,1,True
9767,0.7625944244861602,1,True
26312,0.7625921666622162,1,True
63578,0.7625157248973846,1,False
54659,0.7624296677112579,1,False
32387,0.7624196124076843,1,True
53531,0.7624189519882203,1,True
62375,0.7623806953430176,1,True
71781,0.7623340666294098,1,True
42996,0.7623305702209473,1,True
33929,0.7623130738735199,1,True
23399,0.7623024117946624,1,True
2240,0.7622894954681396,1,True
93484,0.7622668838500977,1,True
62665,0.7622663414478301,1,True
73707,0.7622433578968049,1,False
87632,0.7621701753139496,1,True
18907,0.7621672523021699,1,True
3858,0.7620919311046601,1,True
73720,0.7620658802986144,1,True
78412,0.7620649480819702,1,True
27829,0.7620640933513642,1,False
57941,0.7620499229431152,1,True
22763,0.762007212638855,1,True
32215,0.7619904708862304,1,True
78749,0.7619836950302123,1,True
32671,0.761980402469635,1,True
13189,0.7619784820079804,1,True
98963,0.7619701302051545,1,True
72259,0.7619653630256653,1,True
73541,0.7619556164741517,1,False
96776,0.761937928199768,1,False
55247,0.761907125711441,1,True
35058,0.7618752110004425,1,True
54994,0.7618522238731384,1,True
14097,0.7618102860450744,1,True
93461,0.7617702865600586,1,False
65691,0.7617640626430511,1,True
77511,0.7617394053936004,1,True
88465,0.7617252695560455,1,True
29643,0.7617129588127136,1,True
46446,0.7617050909996033,1,True
12849,0.7616910946369171,1,True
12240,0.7616671812534332,1,True
68677,0.7616620564460754,1,True
90703,0.7616351687908173,1,True
91196,0.7616309142112732,1,True
88880,0.7616062593460082,1,True
28600,0.761604688167572,1,True
56972,0.7615750765800475,1,True
46808,0.761554012298584,1,True
68493,0.7613820040225983,1,True
37293,0.7612999475002289,1,True
82846,0.7612439751625061,1,True
33289,0.7612154197692871,1,True
99591,0.7612055468559265,1,False
27718,0.7612037920951844,1,False
42533,0.7611896872520447,1,True
64875,0.7611860370635986,1,True
29303,0.7611615717411041,1,True
83540,0.7610829091072082,1,True
83746,0.7610314774513245,1,True
72672,0.7609829437732696,1,True
37939,0.7609174704551697,1,True
29829,0.76090935587883,1,False
98959,0.7608311438560487,1,True
97726,0.7608223843574524,1,False
99919,0.7608199310302735,1,True
16684,0.7608149445056915,1,True
55271,0.7607947432994843,1,True
32775,0.7607924938201904,1,False
18544,0.7607832396030426,1,True
67680,0.7607466733455658,1,True
13430,0.7607364308834076,1,True
93412,0.7607351279258727,1,True
29425,0.7607343626022338,1,True
88825,0.7606792998313904,1,True
47424,0.7606774127483368,1,True
92934,0.7606242609024048,1,True
27961,0.7606022739410401,1,False
47933,0.7605876302719117,1,True
13443,0.7605661904811859,1,True
34465,0.7605647110939027,1,True
86931,0.760460000038147,1,True
48421,0.7604225218296051,1,True
26165,0.760422511100769,1,True
62385,0.7603587841987609,1,True
83233,0.7603511321544647,1,True
7840,0.7603461635112763,1,True
82662,0.7603162717819214,1,True
43609,0.7602901864051819,1,True
65855,0.7602856564521789,1,True
84455,0.7602752947807312,1,True
32790,0.7602573716640473,1,True
15989,0.7602451956272125,1,True
98677,0.760234112739563,1,True
56721,0.7602318453788757,1,False
68518,0.7601581358909607,1,True
17915,0.7601413536071777,1,True
62878,0.7601325523853302,1,False
72965,0.7600684654712677,1,True
84099,0.76005699634552,1,True
99630,0.7600545454025269,1,True
13904,0.7600372111797333,1,True
2749,0.7599739706516266,1,True
37976,0.7599506831169128,1,True
63319,0.759934538602829,1,True
73316,0.7598528790473937,1,True
23974,0.7597728633880616,1,True
82717,0.7597638070583344,1,False
6901,0.7597392535209655,1,True
16506,0.7596924710273742,1,True
48364,0.7596440804004669,1,True
23835,0.7596404385566711,1,False
35154,0.7596314418315888,1,True
12507,0.7596307742595673,1,True
97418,0.7596262192726135,1,True
37882,0.7595853781700135,1,True
88172,0.7595758247375488,1,True
54095,0.7595729100704194,1,True
3738,0.7595302414894104,1,False
52994,0.7594928824901581,1,True
83997,0.7594725143909454,1,True
9979,0.7593632400035858,1,True
86804,0.75935063123703,1,False
68333,0.7593376851081848,1,True
2661,0.7593267512321472,1,True
65895,0.7592919695377349,1,True
52414,0.7592657506465912,1,True
43570,0.7592333507537842,1,True
64313,0.7591708922386169,1,True
39882,0.7591382777690887,1,True
64913,0.7591372108459473,1,True
6427,0.7591185927391052,1,True
2735,0.7591102743148803,1,False
56568,0.7590793561935425,1,True
98782,0.7590657389163971,1,True
4827,0.7590527760982513,1,True
45541,0.7590286457538604,1,True
32364,0.7589974963665009,1,True
73387,0.7589800322055817,1,True
18464,0.7589684391021729,1,True
47613,0.7589510333538055,1,False
62777,0.7589294290542603,1,False
34385,0.7589193761348725,1,False
90648,0.7589155364036559,1,True
72908,0.7589099574089051,1,True
5167,0.758868602514267,1,True
32505,0.7588668942451477,1,True
47469,0.7588494217395783,1,True
87971,0.7588064503669738,1,True
82781,0.7587654268741608,1,False
37491,0.7587411284446717,1,True
23622,0.7587211751937866,1,True
23624,0.7586256766319275,1,False
63207,0.7586110520362854,1,True
64998,0.7585730445384979,1,True
13692,0.7585618901252746,1,True
99848,0.7585267782211303,1,True
35550,0.7585250413417817,1,True
29589,0.7584918332099915,1,True
2299,0.7584731829166412,1,True
62407,0.7584335684776307,1,True
55538,0.7584195256233215,1,True
93346,0.7583981621265412,1,True
48488,0.758377947807312,1,True
73714,0.7583774542808532,1,True
63458,0.7583262133598327,1,False
99577,0.7583234083652497,1,True
27185,0.7582941925525666,1,True
33734,0.7582620787620544,1,True
22709,0.7582390511035919,1,True
17592,0.7582323038578034,1,True
93591,0.7582318091392517,1,False
82169,0.7582298564910889,1,True
5997,0.7581599116325378,1,True
37619,0.7581589198112488,1,False
92763,0.7581311225891113,1,True
43743,0.7580974674224854,1,False
42838,0.7580926871299744,1,True
22264,0.7580614495277405,1,True
25966,0.75803719997406,1,True
86801,0.7580322587490083,1,False
47963,0.7580233633518219,1,False
16471,0.7580157458782196,1,True
74536,0.7580103027820587,1,True
13564,0.7580056512355804,1,True
21913,0.757933692932129,1,True
87438,0.7579320168495178,1,True
19885,0.7579298281669617,1,True
3477,0.7578436481952667,1,True
22856,0.7578310191631317,1,True
93641,0.7578192901611328,1,True
1456,0.7578182792663575,1,True
83349,0.75776358127594,1,True
27717,0.7577247488498688,1,False
92754,0.7577175307273865,1,False
54459,0.7576739299297333,1,True
66724,0.7576335763931275,1,True
26965,0.7575778603553772,1,True
63950,0.7575722098350525,1,True
84095,0.7575204658508301,1,True
34992,0.757512583732605,1,True
62247,0.757508909702301,1,True
25890,0.7574123966693878,1,True
82452,0.7573786437511444,1,True
7978,0.7573565447330475,1,True
29785,0.7573417031764984,1,True
2631,0.7572181129455566,1,True
76784,0.7572063255310059,1,True
24605,0.7572056293487549,1,True
27458,0.7571768069267273,1,True
33703,0.7570778405666352,1,True
22707,0.7570726585388183,1,True
39840,0.7570027637481689,1,True
85220,0.7569137823581695,1,True
27903,0.7568799924850464,1,True
3573,0.7568550503253937,1,False
76515,0.7568437683582305,1,True
55457,0.7568035316467285,1,False
52498,0.7567666804790496,1,True
72664,0.7567361283302307,1,True
54921,0.7567192399501801,1,False
32713,0.7566861486434937,1,True
34991,0.756682686805725,1,True
42714,0.756625269651413,1,False
38473,0.7566080939769745,1,True
98245,0.756601619720459,1,True
75608,0.7565919816493988,1,True
66936,0.7565719807147979,1,True
23575,0.7565457880496979,1,True
58963,0.7565324521064758,1,True
37938,0.756532187461853,1,False
3259,0.7565233194828034,1,False
92773,0.7564610314369202,1,True
96957,0.7564517903327942,1,False
9468,0.7564478623867035,1,True
62942,0.7564453136920929,1,True
86900,0.7564208352565766,1,True
62658,0.7563867080211639,1,True
53386,0.7563722193241119,1,True
48912,0.7563272058963776,1,True
32314,0.75632643699646,1,True
44806,0.7563196790218354,1,True
86737,0.7563146233558655,1,True
7919,0.7563046240806579,1,True
83585,0.756284990310669,1,True
66971,0.756267648935318,1,True
78730,0.7562506818771362,1,True
43804,0.7562273299694061,1,True
53715,0.7562211358547211,1,True
3505,0.7561956906318665,1,False
32834,0.756115630865097,1,True
23409,0.7560902845859527,1,False
14686,0.7560560286045075,1,True
52294,0.7560505247116089,1,True
87428,0.7560257351398467,1,True
54798,0.7560040807723999,1,True
2606,0.7559704720973969,1,True
79407,0.7559575319290162,1,True
79834,0.7558855271339416,1,True
3211,0.7558721613883972,1,True
72630,0.7558716177940369,1,True
84404,0.7558568835258483,1,True
53892,0.7558450400829315,1,False
98439,0.7558296775817871,1,True
43812,0.7557984280586243,1,True
42395,0.7557885408401489,1,True
45163,0.7557820868492127,1,True
88704,0.7557800042629241,1,True
96416,0.7557546770572663,1,True
88784,0.7557316935062408,1,True
82533,0.7557083177566528,1,True
26958,0.7556725323200226,1,False
52683,0.7556446230411529,1,True
53895,0.7555808436870575,1,True
57549,0.7555575335025788,1,True
2500,0.7554454123973846,1,True
82693,0.7553836369514466,1,True
26848,0.7553428065776825,1,True
22754,0.7553422510623932,1,True
97464,0.7552952420711517,1,True
67454,0.7552817153930664,1,True
99806,0.7552773451805115,1,True
84805,0.7551131582260131,1,True
5994,0.7551062262058258,1,False
34714,0.7550083518028259,1,True
17973,0.7549202764034271,1,False
3959,0.7549086427688598,1,True
53355,0.7548758423328399,1,True
72268,0.7548598754405975,1,True
93613,0.7548215615749359,1,True
33796,0.7548205888271331,1,True
26670,0.754800910949707,1,True
94639,0.7547847664356231,1,True
72883,0.7546930968761444,1,True
79985,0.7546830511093139,1,True
93549,0.7546554100513458,1,False
12699,0.7546170604228973,1,False
33705,0.7546045839786529,1,True
63532,0.7546013247966766,1,True
43993,0.7545800340175628,1,True
91419,0.7545376193523408,1,True
6949,0.7545342564582824,1,True
73060,0.7545327353477478,1,True
27692,0.7545221996307373,1,True
95713,0.7545166397094727,1,True
58166,0.7544293022155761,1,True
2505,0.7544127893447876,1,False
89470,0.7543779146671294,1,True
82988,0.7543476974964142,1,True
98689,0.7543259298801421,1,True
42732,0.7542545557022095,1,False
29476,0.7542422306537628,1,True
2766,0.7542127168178558,1,False
25045,0.7542035698890686,1,True
78832,0.754183212518692,1,True
32192,0.754173731803894,1,True
73236,0.7541730558872223,1,False
4986,0.7541575622558594,1,True
58849,0.7541396677494049,1,True
79737,0.7541302740573883,1,True
15038,0.7541169834136963,1,True
73712,0.7540679562091828,1,True
65911,0.7540615451335907,1,True
35177,0.7540529310703278,1,True
56767,0.7540527677536011,1,True
99884,0.75405069231987,1,True
83592,0.7539917171001435,1,True
19699,0.7539583206176758,1,True
12760,0.7539341533184052,1,True
69366,0.7538671612739563,1,True
63853,0.7538502669334411,1,True
34757,0.7537930393218994,1,True
26977,0.7537840461730957,1,True
47956,0.7537402379512788,1,True
88502,0.7537383890151977,1,True
63549,0.753712887763977,1,True
62747,0.7537077462673187,1,True
96736,0.753605694770813,1,True
42215,0.7535123288631439,1,True
13377,0.7534824991226197,1,True
26610,0.7534554171562196,1,True
67494,0.7534148049354553,1,True
39357,0.7534049797058106,1,True
16958,0.7533700644969941,1,True
99892,0.753369619846344,1,True
28917,0.7533680236339568,1,True
23906,0.7533249402046204,1,False
52827,0.7533137583732605,1,True
17696,0.7532873821258546,1,True
63544,0.7532798779010772,1,True
42976,0.7532601070404052,1,True
86854,0.7532447707653045,1,True
89721,0.7532368767261506,1,True
33447,0.7532249355316163,1,True
12301,0.7531990718841552,1,True
39177,0.7531786572933197,1,True
24141,0.7531731235980987,1,True
13742,0.7531527817249298,1,True
37982,0.7531071174144746,1,False
97413,0.7529934740066528,1,True
84342,0.7529866015911102,1,True
47621,0.7529835665225983,1,False
49189,0.752935562133789,1,True
63411,0.7529268550872803,1,True
32770,0.7528836834430694,1,True
77718,0.7528577482700347,1,True
82629,0.752792843580246,1,True
82641,0.7527586901187897,1,True
62865,0.7527528858184814,1,True
42558,0.752731558084488,1,True
62994,0.7527147674560547,1,True
90423,0.7527076077461243,1,True
9433,0.7526884055137635,1,True
68890,0.7526659071445465,1,True
2811,0.7526300394535065,1,True
50361,0.7526250600814819,1,True
58968,0.7526008999347686,1,True
67964,0.7525687634944915,1,False
68379,0.7525538921356201,1,True
43447,0.7525051188468933,1,True
23196,0.7524869382381439,1,True
42876,0.7524510133266449,1,True
43708,0.7524502432346344,1,True
32144,0.7524393427371978,1,True
65952,0.7523539972305298,1,True
73968,0.7523354351520538,1,True
92573,0.752253886461258,1,False
92196,0.7522276210784913,1,True
7929,0.7521708619594574,1,False
45432,0.7521706175804138,1,True
22912,0.7521448755264282,1,True
14909,0.752112283706665,1,False
27518,0.7520631408691406,1,True
82685,0.7520624601840973,1,True
42655,0.75204305768013,1,True
92144,0.7520240807533265,1,True
93589,0.7519454491138458,1,False
73996,0.7518957519531251,1,True
83325,0.7518720746040344,1,True
43692,0.7518262493610381,1,True
3706,0.7517981207370759,1,True
97974,0.7517477250099183,1,False
23617,0.7517444050312042,1,True
3813,0.7517314636707306,1,True
12146,0.7516896688938142,1,True
16690,0.7516748917102813,1,False
22899,0.7516433382034302,1,True
93702,0.7516225028038025,1,False
23523,0.7516180765628815,1,True
63944,0.7516167843341828,1,True
15877,0.7516071057319641,1,True
89954,0.7516036105155945,1,True
44907,0.7515884923934937,1,False
72417,0.7515768897533417,1,True
15446,0.7515763747692108,1,True
75522,0.7514893150329589,1,True
62699,0.7514465737342835,1,True
53790,0.7514302790164947,1,True
52590,0.7514283716678619,1,True
95133,0.7514274680614472,1,True
13598,0.7514227890968324,1,True
33911,0.7514204144477844,1,False
52339,0.7514193367958069,1,True
56895,0.7513986670970917,1,True
52952,0.7513881313800812,1,True
96590,0.7513672304153443,1,True
43754,0.7513248980045318,1,False
2718,0.751303584575653,1,True
28880,0.751303527355194,1,True
47630,0.7513008558750153,1,True
95952,0.751257631778717,1,False
58977,0.7512574219703674,1,True
28911,0.7512413346767426,1,True
86836,0.7512305867671967,1,True
5983,0.7512225925922393,1,True
93739,0.7512148404121399,1,True
54940,0.7511804068088532,1,False
32427,0.7511668658256531,1,True
53579,0.7511453592777253,1,True
55309,0.7511350595951081,1,True
89022,0.7510579502582551,1,True
47973,0.7510448968410492,1,False
36836,0.7510377049446106,1,False
12670,0.7509715890884399,1,True
96631,0.750929559469223,1,True
3998,0.7508522510528565,1,True
7561,0.7508503639698029,1,False
24533,0.7508490920066834,1,True
88998,0.7508132719993592,1,True
12771,0.750780611038208,1,True
96607,0.7507767212390899,1,True
19869,0.7507756376266479,1,True
22255,0.7507645678520203,1,True
65979,0.7507597005367279,1,False
72388,0.7507140803337098,1,True
78124,0.7506586503982544,1,True
54918,0.7505976414680481,1,True
2549,0.7505835652351379,1,True
74325,0.750506991147995,1,True
75707,0.75046555519104,1,False
59745,0.750440936088562,1,True
6359,0.750418484210968,1,True
13782,0.7503690695762635,1,True
13731,0.750357711315155,1,True
93893,0.7503013575077058,1,True
6971,0.7502646017074586,1,True
38941,0.7502258694171906,1,True
82534,0.7501987600326538,1,True
53090,0.7500907409191131,1,False
96982,0.7500343692302704,1,False
65160,0.7500168776512146,1,True
73670,0.7499811697006226,1,True
62693,0.7499739909172058,1,True
3979,0.7499490368366242,1,True
58494,0.7499459123611449,1,True
78536,0.749943778514862,1,True
92565,0.7499368798732757,1,True
32382,0.7499296605587006,1,True
59336,0.7499031937122345,1,True
72506,0.7498379588127136,1,False
58310,0.7498042714595794,1,True
79492,0.749783935546875,1,True
32902,0.7497291660308838,1,True
53411,0.749672485589981,1,False
76073,0.7496665978431702,1,True
28223,0.7496662819385529,1,True
54410,0.7495944797992706,1,True
82444,0.7495529782772063,1,True
48484,0.7495467019081116,1,True
7443,0.7495212233066559,1,False
35986,0.7494968485832214,1,True
52814,0.749461122751236,1,True
62426,0.7493494665622711,1,True
13771,0.7493471372127534,1,True
62315,0.7493422043323517,1,True
41671,0.7493310916423798,1,True
63675,0.7493205320835113,1,True
63925,0.7492769718170166,1,True
85197,0.7491853213310242,1,True
14935,0.7491791141033173,1,True
2417,0.749166464805603,1,True
33534,0.7491615331172943,1,True
34192,0.7491584086418153,1,True
48768,0.7491397798061371,1,True
44869,0.7491360640525817,1,False
36462,0.7490845966339111,1,False
33956,0.7490645658969879,1,True
13502,0.7490529656410218,1,False
46845,0.7490392744541168,1,False
72068,0.7490121114253998,1,True
12902,0.748991470336914,1,True
69981,0.7489338660240173,1,True
24967,0.7489067685604096,1,False
63117,0.7489051985740662,1,True
10464,0.7488780701160431,1,True
3760,0.7488649547100067,1,False
73221,0.7488267958164215,1,True
18773,0.7487867903709411,1,True
43413,0.748667278289795,1,True
73534,0.7486459887027741,1,True
95780,0.748544421195984,1,True
53821,0.7485373306274414,1,True
43674,0.7484773564338685,1,False
33476,0.7483336663246154,1,True
52256,0.7483128225803375,1,True
2784,0.7482958126068116,1,True
96911,0.7482673013210297,1,True
17684,0.7482413387298583,1,True
69135,0.748236438035965,1,True
63959,0.7482349634170532,1,True
82741,0.7481973886489868,1,True
34731,0.7481287443637847,1,True
82503,0.7481154835224151,1,False
36627,0.7481148743629455,1,True
87547,0.7481096017360687,1,False
22457,0.7480367708206177,1,True
43867,0.7480366563796996,1,True
46985,0.747958859205246,1,True
28959,0.7479416918754578,1,True
14312,0.7479304897785186,1,True
30226,0.7478622615337371,1,True
23842,0.7478170430660247,1,True
3787,0.7478130197525024,1,False
77076,0.7478104007244111,1,True
63295,0.7477936971187591,1,False
75213,0.7477848768234253,1,True
38467,0.7477848589420318,1,True
83706,0.7477673280239105,1,True
66894,0.7477184545993805,1,True
87931,0.7476792621612549,1,True
69906,0.7476673769950867,1,True
32907,0.7476640796661377,1,True
42954,0.7476358270645141,1,False
26951,0.7476122689247131,1,True
74442,0.7475951850414276,1,True
99856,0.7475849032402039,1,True
46967,0.7475404024124146,1,True
32266,0.7475137507915497,1,True
99517,0.7475130939483643,1,True
97275,0.7474839043617248,1,True
7554,0.7473632466793061,1,True
2973,0.7472730112075805,1,True
73256,0.7472610187530517,1,True
24740,0.7472533345222473,1,True
87425,0.7472504341602326,1,True
16948,0.7472400653362274,1,False
59716,0.7472260594367981,1,True
61453,0.747208195924759,1,True
72181,0.7471997427940369,1,True
52227,0.747187420129776,1,True
36574,0.7471800148487091,1,True
46949,0.7471755170822143,1,True
53678,0.7471137058734894,1,True
93805,0.7471045410633087,1,False
84823,0.7470949399471283,1,True
32928,0.7470438599586486,1,True
63455,0.7469869291782378,1,True
92443,0.746967808008194,1,True
63249,0.7469386494159698,1,True
22726,0.7469384002685546,1,False
65559,0.7469164156913757,1,True
62877,0.7469019377231598,1,True
84983,0.7468974113464355,1,False
66480,0.7468960976600647,1,True
69905,0.7468868672847748,1,True
72313,0.7468634819984437,1,True
43907,0.7468279123306274,1,True
47899,0.7468244373798371,1,True
64946,0.7468162846565247,1,True
96943,0.7467708504199981,1,True
82611,0.7467447423934936,1,True
16900,0.7467148697376251,1,True
7880,0.7466911625862122,1,False
86398,0.7466810655593872,1,True
69435,0.7466611528396607,1,False
16274,0.7466085720062257,1,True
27979,0.7465764534473419,1,False
89473,0.746532279253006,1,True
65995,0.7464978086948395,1,True
65818,0.7464518427848816,1,True
18687,0.7464492154121398,1,True
36612,0.7463936328887939,1,True
39997,0.7463678407669068,1,False
22544,0.7463566994667052,1,True
22390,0.7463036382198334,1,True
57942,0.746301782131195,1,True
43299,0.7462776696681976,1,True
92350,0.7462591445446014,1,True
56970,0.7462476694583893,1,True
63828,0.7462167286872864,1,True
74311,0.7461512291431427,1,True
54993,0.7461438238620758,1,False
32938,0.7461170971393585,1,True
8029,0.7461007606983185,1,True
53328,0.7460693657398224,1,True
63806,0.7460499536991119,1,True
23849,0.7460460293292999,1,True
69972,0.7460443401336669,1,True
49129,0.7460283124446869,1,True
93386,0.7460172772407532,1,True
88418,0.7459939754009246,1,True
59952,0.7459813845157623,1,True
38602,0.7459807169437409,1,True
56123,0.7459649848937988,1,True
88613,0.7459210538864136,1,True
22574,0.7459025323390961,1,True
67960,0.7458897268772124,1,False
12987,0.7458449113368988,1,True
43753,0.7458327651023865,1,False
36958,0.7458305084705352,1,True
13822,0.7458180320262908,1,True
94823,0.7458080732822419,1,True
62960,0.7458041417598724,1,False
48887,0.7457959306240082,1,True
19262,0.7457918965816498,1,True
42612,0.7457713651657105,1,True
82204,0.7457557666301727,1,True
27262,0.7457532966136933,1,True
98748,0.7457282447814941,1,True
27751,0.7457145524024964,1,False
27392,0.7457094275951386,1,True
82628,0.7457059299945832,1,True
66309,0.7456678915023804,1,True
72524,0.7456328558921814,1,False
39354,0.7455689132213592,1,True
55928,0.7455525088310242,1,True
66970,0.7455285608768463,1,False
12348,0.7454929733276368,1,True
92500,0.7454783654212951,1,True
18585,0.7454604351520538,1,True
73626,0.745453200340271,1,True
82384,0.745444781780243,1,True
52689,0.745385274887085,1,True
73850,0.7453150188922881,1,False
83965,0.7452520513534546,1,True
67983,0.7452519679069519,1,True
23765,0.7452287340164185,1,True
72484,0.7452275371551513,1,False
83783,0.7452195274829865,1,True
99837,0.7451713860034943,1,True
23447,0.7451666796207428,1,False
64999,0.7451637208461761,1,True
65053,0.7450907170772553,1,True
32509,0.7450733685493469,1,True
65504,0.7450134968757629,1,True
62801,0.7449889075756073,1,True
3722,0.7449741566181183,1,False
55806,0.7448861575126648,1,True
13989,0.744865391254425,1,True
36957,0.7448473989963531,1,False
16885,0.744837191104889,1,True
18725,0.744836391210556,1,True
3310,0.7448346567153931,1,True
28532,0.7448031783103943,1,True
2387,0.7447895419597625,1,True
36922,0.7447779667377472,1,True
12648,0.7447353494167328,1,False
75988,0.7447216427326202,1,True
83474,0.7446988260746001,1,True
17823,0.7446318256855011,1,True
16973,0.744584538936615,1,True
62578,0.7445763695240021,1,True
98036,0.7445653486251831,1,True
18055,0.7445363008975983,1,True
75645,0.7444718778133392,1,True
42167,0.7444638669490814,1,True
82409,0.7444362533092499,1,True
32996,0.7443810236454009,1,True
13441,0.7443339037895202,1,True
59680,0.7443231272697448,1,True
52296,0.7442860329151153,1,True
35356,0.7442519044876099,1,True
57235,0.7442236459255218,1,True
56775,0.744166921377182,1,False
3683,0.7441577589511872,1,True
43975,0.7441557800769806,1,True
73473,0.7441483008861542,1,True
68764,0.7441476333141327,1,True
17748,0.7441407382488251,1,True
66940,0.7441110122203827,1,True
98087,0.7441067934036255,1,True
72654,0.7440741515159607,1,True
18741,0.7440591824054719,1,True
89692,0.7440226042270661,1,True
12981,0.7440204036235809,1,True
58319,0.7438952171802521,1,True
33354,0.7438883018493652,1,True
82986,0.7438680374622345,1,True
72586,0.7438654494285584,1,True
22854,0.7438139355182647,1,False
33554,0.7438029658794403,1,True
77864,0.7438024652004243,1,True
92758,0.743788901567459,1,False
82956,0.743785766363144,1,True
92940,0.7437315320968627,1,True
2792,0.7436890470981599,1,True
3265,0.7436665511131286,1,True
3885,0.7436346423625946,1,True
15441,0.7435891342163086,1,True
63889,0.7435803246498107,1,True
97943,0.7435446143150329,1,True
72945,0.743523998260498,1,True
15965,0.7435220456123353,1,True
23772,0.743517541885376,1,True
12669,0.7434710764884949,1,True
4177,0.7434259104728699,1,True
53782,0.743401780128479,1,True
76829,0.7433469295501709,1,False
22753,0.743292270898819,1,False
73355,0.7432578897476196,1,False
72412,0.7432551097869873,1,False
3451,0.7432238101959229,1,True
85977,0.7432021617889404,1,False
72045,0.7431637239456177,1,True
53849,0.7431522953510284,1,True
14899,0.7431484794616698,1,True
66934,0.7431433939933777,1,True
92746,0.7431356346607207,1,True
2877,0.7431275928020478,1,True
93452,0.7431016898155212,1,True
87089,0.7430694353580475,1,True
65991,0.7430671739578247,1,True
38353,0.7429915726184845,1,True
46559,0.742991133928299,1,True
37949,0.7429884195327758,1,False
44974,0.7429744815826416,1,False
78757,0.7429245555400849,1,True
97978,0.7429070997238159,1,True
72835,0.742899043560028,1,False
3484,0.7428820037841797,1,False
53947,0.7428320789337158,1,True
95393,0.7428194487094879,1,True
23453,0.7428124344348908,1,False
43853,0.7427708232402801,1,True
3183,0.742720195055008,1,True
83559,0.7427104079723359,1,True
63717,0.742626576423645,1,False
83604,0.7425633776187897,1,True
15555,0.742512217760086,1,True
58592,0.7425043714046478,1,True
33180,0.7424648213386535,1,True
98798,0.7424347400665283,1,True
63852,0.742431128025055,1,True
12871,0.7424248826503754,1,False
62480,0.7423822700977325,1,False
38776,0.7423631358146667,1,True
79640,0.7423531210422516,1,True
39068,0.7423464059829712,1,True
76712,0.7423168551921844,1,True
2867,0.7423160636425019,1,True
68309,0.742315878868103,1,True
23945,0.7422929334640502,1,True
82939,0.7422579026222229,1,True
22450,0.7422572946548462,1,False
59915,0.7422109079360961,1,True
18929,0.7421804857254028,1,True
38318,0.74216778755188,1,False
14144,0.7421457493305206,1,True
5847,0.7421380758285523,1,False
35504,0.7421323645114899,1,True
82205,0.7421219229698182,1,False
74155,0.7420944118499756,1,True
78866,0.7420825254917145,1,True
36620,0.7420483100414277,1,True
95976,0.742036018371582,1,True
57931,0.7420349514484406,1,True
39524,0.7420092976093292,1,True
39874,0.7419972002506257,1,True
2833,0.7419711768627166,1,False
25967,0.7419585549831391,1,False
13656,0.7418995332717895,1,True
35174,0.7418963527679443,1,True
75531,0.7418659591674805,1,True
58569,0.7418630182743072,1,True
78966,0.7418317127227783,1,True
61459,0.7418178415298462,1,True
77509,0.7417972588539123,1,True
82865,0.7417852759361268,1,True
3693,0.7417678987979889,1,False
61593,0.7417116117477417,1,True
29784,0.741707183122635,1,True
35516,0.7416584086418152,1,True
12909,0.7416260254383087,1,False
84953,0.7415957140922547,1,False
72807,0.7415746116638184,1,True
89766,0.7415630888938904,1,True
73332,0.7415466952323914,1,True
29984,0.7415066587924957,1,True
33783,0.741503003835678,1,False
92598,0.7414807641506196,1,True
6520,0.7414458072185517,1,True
52808,0.74144282579422,1,True
16544,0.7414206945896149,1,True
78969,0.7414166867733002,1,False
88221,0.7413981127738953,1,True
12165,0.7413385403156281,1,False
97945,0.7413156723976135,1,True
72739,0.741312940120697,1,True
33365,0.7413073563575745,1,True
43963,0.7412996792793274,1,True
83428,0.7412703597545625,1,True
12420,0.7412643706798554,1,True
92697,0.7412607109546661,1,True
96656,0.7412258279323578,1,True
53137,0.7412006235122681,1,True
8044,0.7411701619625092,1,True
49963,0.7411229634284973,1,True
57661,0.7411102139949799,1,True
63872,0.7411089670658111,1,False
96956,0.7411041176319122,1,False
92827,0.7410984492301941,1,True
32404,0.74107692360878,1,True
35791,0.7410540652275086,1,True
26566,0.7409758567810059,1,True
95895,0.7409570682048798,1,False
14582,0.7409528613090515,1,False
47420,0.7408778738975526,1,True
6691,0.7408673298358917,1,True
33214,0.7408543169498444,1,True
7825,0.7408338904380798,1,True
19162,0.7408277606964111,1,True
64199,0.740811665058136,1,True
34200,0.7407957017421722,1,True
95112,0.7407814681529998,1,True
72930,0.7407813632488252,1,False
15905,0.740711760520935,1,True
95931,0.740670907497406,1,True
65926,0.7406321668624878,1,False
5976,0.7405960130691529,1,False
66880,0.7405555629730225,1,True
19472,0.7405482637882232,1,True
12483,0.7404744791984559,1,True
33563,0.7404572093486785,1,True
94301,0.74045196890831,1,False
89884,0.7404337489604951,1,True
35567,0.7404113018512726,1,True
62718,0.7404058110713958,1,False
22798,0.7403977477550507,1,True
94846,0.7403808760643005,1,True
91570,0.7403773546218873,1,True
75997,0.7403654372692108,1,True
26202,0.7403313505649567,1,True
12368,0.7403297805786133,1,True
3624,0.7403114676475525,1,True
57961,0.7402625286579132,1,True
96136,0.7402144622802734,1,True
47955,0.7401772737503052,1,False
56266,0.7401053559780121,1,True
56699,0.740077315568924,1,True
98667,0.7400614333152771,1,True
68987,0.7400579118728638,1,True
18628,0.7400501716136932,1,True
91405,0.7400393080711365,1,True
59478,0.7400387287139892,1,True
52636,0.7400286304950714,1,False
59900,0.7400281500816346,1,True
86743,0.7400114572048186,1,True
13801,0.7399951088428498,1,False
45010,0.7399681413173675,1,True
98623,0.7399514639377593,1,True
4770,0.7399310886859893,1,False
64907,0.739923825263977,1,False
35400,0.7398816061019897,1,True
3894,0.7398657202720642,1,False
48385,0.7398592865467071,1,True
45536,0.7398358654975892,1,True
63964,0.7397788894176482,1,True
87920,0.7397594082355499,1,False
57089,0.7397324955463409,1,True
54983,0.7397135007381439,1,False
42710,0.7397068619728089,1,True
78247,0.7396976613998414,1,True
98020,0.739688355922699,1,True
44080,0.7396800577640533,1,True
53732,0.7396660327911377,1,True
32933,0.7396419084072112,1,False
92995,0.7396225380897522,1,True
43985,0.739551409482956,1,True
22999,0.7395491600036621,1,True
62949,0.7395425951480865,1,True
25013,0.7395043420791626,1,True
29724,0.7394874310493469,1,True
8386,0.739440280199051,1,True
14431,0.739425882101059,1,True
17940,0.7394143855571746,1,False
25936,0.7393760132789612,1,True
37298,0.7393388891220093,1,True
49512,0.7393007040023803,1,True
23950,0.7392171406745911,1,False
32838,0.7392160880565644,1,True
43932,0.7391986393928528,1,True
63848,0.7391722035408019,1,True
99393,0.739162756204605,1,True
32346,0.739146192073822,1,True
93222,0.739118344783783,1,True
23881,0.7390319836139678,1,True
56347,0.7389861929416657,1,True
52178,0.7389800989627838,1,True
83146,0.7389182770252227,1,True
93714,0.7388909304141998,1,True
13662,0.7388877391815185,1,True
68191,0.7388729155063629,1,True
43261,0.7388409602642059,1,True
16907,0.73882000207901,1,False
97827,0.7388026762008667,1,False
89995,0.7387806510925292,1,False
52784,0.7387321126461028,1,True
63873,0.7387294721603394,1,False
62636,0.7387291848659515,1,True
86980,0.7387090229988098,1,True
97913,0.7386122095584869,1,False
33836,0.7386116302013397,1,True
13962,0.7385794854164123,1,True
68226,0.7385784137248993,1,True
29167,0.7385628008842469,1,True
85903,0.7385568225383758,1,True
47741,0.7385321974754333,1,True
86428,0.738529806137085,1,True
11475,0.7384940934181213,1,True
5104,0.7384886348247528,1,True
43819,0.7384695446491241,1,True
67967,0.7384621369838715,1,False
17980,0.7384217953681946,1,True
89948,0.7384137618541717,1,True
13788,0.7384070920944215,1,False
58353,0.7383894085884094,1,True
97957,0.738358246088028,1,False
4401,0.7383384191989899,1,True
26638,0.7383316254615784,1,True
73801,0.7383170878887176,1,True
55016,0.7382832860946655,1,True
42965,0.7382799398899078,1,True
67980,0.7382786774635315,1,True
82908,0.7382784843444824,1,True
63790,0.7382740223407745,1,False
2619,0.7382668137550354,1,True
33711,0.7382580316066742,1,True
24490,0.7382434153556824,1,True
78566,0.7382274627685547,1,True
78940,0.7381886565685272,1,True
25790,0.7381845343112945,1,False
42072,0.73817298412323,1,True
96596,0.7381547451019287,1,True
42662,0.7381521511077881,1,True
57950,0.7381025111675262,1,False
19711,0.7381002116203308,1,True
76628,0.7380305552482604,1,False
63624,0.7379709899425506,1,True
52802,0.737930406332016,1,True
11162,0.7379303324222565,1,True
99895,0.7378525400161744,1,True
33701,0.7377668535709381,1,True
93595,0.7377599203586578,1,False
32189,0.7377531743049621,1,True
96836,0.7377402698993683,1,False
24353,0.7377370190620423,1,True
72967,0.7376997184753418,1,False
52192,0.7376751220226287,1,True
55702,0.7376190888881684,1,False
3987,0.7375357210636139,1,False
4709,0.7375103437900543,1,False
53338,0.7375001573562623,1,True
14965,0.7374620127677918,1,False
57337,0.737460616827011,1,True
94616,0.7374578523635864,1,False
66262,0.7374536299705505,1,False
67355,0.7374168968200683,1,True
83356,0.7373992490768433,1,True
66737,0.7373959994316102,1,True
75262,0.7373827493190765,1,True
87974,0.7372993075847626,1,True
3150,0.7372914266586303,1,True
93631,0.7372887682914734,1,True
2979,0.7372874963283539,1,True
87822,0.7372271466255188,1,True
68544,0.7372257149219512,1,True
42901,0.7372170805931091,1,True
3430,0.7372118544578552,1,False
28548,0.7372113859653473,1,True
36838,0.737173810005188,1,True
3781,0.7371230471134186,1,True
73781,0.7370929861068726,1,True
45818,0.7370605206489562,1,True
9481,0.7370464265346527,1,True
6278,0.7370192408561707,1,False
48351,0.7370081615447999,1,True
62547,0.7369825208187104,1,True
2783,0.7369146311283112,1,True
95939,0.736905118227005,1,True
14477,0.7368965888023377,1,True
13722,0.7368771851062774,1,True
14841,0.7368345463275909,1,False
72293,0.7368220269680024,1,True
58790,0.7367929255962371,1,True
7744,0.7367821907997132,1,True
6179,0.7367553031444549,1,False
82964,0.7367264020442963,1,True
90259,0.7367225539684296,1,True
22344,0.7366991126537323,1,True
13998,0.7366960108280182,1,True
19212,0.7366923224925994,1,True
67505,0.736675478219986,1,True
24879,0.7366734945774078,1,False
8934,0.7366307330131531,1,True
18496,0.7365989029407501,1,True
73532,0.7365507626533508,1,False
42983,0.7365403091907501,1,True
34917,0.736530339717865,1,False
83972,0.7365189909934997,1,True
53662,0.7364799511432647,1,False
12564,0.7364626550674438,1,False
25878,0.7364358770847321,1,False
16339,0.7364220738410949,1,True
16368,0.7363730728626251,1,True
64952,0.7363599336147308,1,False
58996,0.7362982368469237,1,False
44933,0.7362689435482025,1,False
14709,0.7361448919773101,1,True
89519,0.7361428868770599,1,True
27417,0.7361001551151276,1,True
18512,0.7359852361679078,1,True
69448,0.7359703207015991,1,True
58219,0.7359527087211608,1,True
26631,0.7359441471099853,1,True
72994,0.7359250354766846,1,True
53689,0.7359167146682739,1,True
12629,0.7359023344516754,1,False
15035,0.7358414328098297,1,True
83921,0.735828194618225,1,False
84968,0.7357423269748689,1,False
72990,0.7357371413707734,1,True
65478,0.7357251775264739,1,True
28545,0.7356824362277985,1,True
82555,0.735663001537323,1,True
58639,0.7356467151641846,1,True
86938,0.73562917470932,1,False
86726,0.7355569732189178,1,False
88669,0.7355465364456177,1,True
67675,0.7355255389213562,1,True
30751,0.7355203282833099,1,True
94223,0.7355177700519562,1,True
97441,0.7355155372619628,1,True
3321,0.7354874122142792,1,False
83186,0.7354862141609192,1,True
98292,0.7354613554477691,1,True
53529,0.7354384827613831,1,True
36785,0.735409871339798,1,False
12655,0.7353952288627624,1,True
2998,0.7353891170024871,1,True
74223,0.73535973072052,1,True
72912,0.7353448581695556,1,True
68321,0.7352637410163879,1,True
6597,0.7352345860004426,1,False
25201,0.7352146399021149,1,True
53831,0.7351566421985627,1,True
50420,0.7351425504684448,1,True
23980,0.7351235020160676,1,True
3303,0.7351079201698303,1,True
28786,0.7350925230979919,1,True
2705,0.7350758159160614,1,True
68730,0.7350686383247376,1,True
93905,0.7350352263450622,1,True
62325,0.7350219488143921,1,True
46070,0.7349793612957001,1,True
53611,0.7349631977081299,1,True
75968,0.734942296743393,1,False
63512,0.7349266409873962,1,True
65934,0.7349217545986175,1,False
16936,0.734914209842682,1,True
87429,0.7348905801773071,1,True
88204,0.7348563635349274,1,True
53742,0.7347503411769867,1,True
23615,0.7347492539882661,1,True
69844,0.7347202312946319,1,True
96872,0.7347127544879913,1,True
58754,0.7346453261375427,1,True
83943,0.7346421194076538,1,True
96981,0.7346353924274445,1,True
98695,0.7346221446990967,1,True
99240,0.7345291662216187,1,True
93985,0.7344932472705841,1,False
33097,0.7344926023483276,1,True
32476,0.7344568359851837,1,True
53220,0.7344567918777466,1,False
46667,0.7344546723365784,1,True
69624,0.7344300103187561,1,True
93833,0.734386488199234,1,True
56963,0.7343642783164979,1,True
12374,0.7343579638004303,1,True
42648,0.7343157172203064,1,False
73770,0.7343083274364471,1,True
83200,0.7343036532402039,1,True
29347,0.7342789709568024,1,True
62064,0.7342514514923095,1,True
47323,0.7342461574077606,1,True
62935,0.7342429077625274,1,True
92882,0.7342364549636841,1,True
67287,0.7342214334011078,1,True
99222,0.7341935777664185,1,True
84251,0.734187296628952,1,True
91410,0.7341760575771332,1,True
47944,0.7341693019866944,1,False
79366,0.7341435623168946,1,True
7288,0.7341416609287261,1,True
96969,0.7340670943260192,1,False
42694,0.7340311706066132,1,True
75999,0.7340217554569244,1,True
82707,0.7340109050273895,1,False
49831,0.7340044140815735,1,True
22097,0.7339988219738007,1,True
42999,0.7339881432056428,1,True
31581,0.7339111435413361,1,True
33198,0.7339090192317963,1,False
76947,0.7338982665538788,1,True
93865,0.7338206851482392,1,True
2959,0.733817138671875,1,True
43315,0.7338080132007598,1,True
43885,0.7337916874885559,1,False
84164,0.7337907326221467,1,True
92515,0.733744980096817,1,True
23834,0.7337279784679414,1,False
52592,0.7336966156959533,1,True
68236,0.7336884713172913,1,True
53149,0.7336762082576751,1,True
83239,0.7336577367782593,1,True
75196,0.7336448919773102,1,True
98175,0.7336432123184204,1,True
29297,0.7336352074146271,1,True
18894,0.7336064159870148,1,True
65828,0.7336063718795776,1,True
93458,0.733594776391983,1,True
93991,0.7335730230808257,1,True
3319,0.7335676586627959,1,True
67282,0.7335648012161256,1,True
78849,0.7335408878326416,1,True
84873,0.7335308814048767,1,False
92622,0.7334428977966309,1,True
72998,0.7333975255489349,1,True
56581,0.73338702917099,1,True
76501,0.7333601415157318,1,True
82982,0.7333554768562317,1,True
18872,0.7333234441280365,1,True
49399,0.7333015537261962,1,True
47874,0.7332956361770631,1,True
98151,0.7332786655426025,1,True
53610,0.7331897032260895,1,False
82458,0.733153713941574,1,False
92838,0.7331457948684692,1,False
63269,0.7331139504909515,1,False
43626,0.7330499160289765,1,True
73414,0.7330348074436188,1,True
5335,0.7330272912979126,1,True
62870,0.7330067586898803,1,False
43576,0.7329334139823913,1,True
29316,0.7328952932357788,1,True
83800,0.7328435969352722,1,False
67740,0.7327608633041383,1,True
2975,0.7327483820915222,1,True
7397,0.7327130222320557,1,True
56985,0.732672896385193,1,True
52690,0.7326226949691772,1,False
66866,0.7325478887557983,1,True
59548,0.7325386941432953,1,True
95633,0.7325185549259186,1,True
97954,0.7325137007236481,1,True
35466,0.7324527573585511,1,True
68555,0.7324183595180511,1,True
78520,0.7323802673816682,1,True
97958,0.7323670184612274,1,True
57463,0.7323405194282532,1,True
53242,0.7323398303985595,1,True
42966,0.7323314094543457,1,False
92355,0.7322505044937133,1,False
82801,0.7322464227676392,1,False
43765,0.732232164144516,1,True
3975,0.7322042274475098,1,True
2465,0.7321890413761138,1,True
38821,0.7321855235099792,1,True
72762,0.7321817302703857,1,True
71621,0.7321702921390534,1,True
7683,0.732165402173996,1,True
23990,0.7320820116996765,1,True
47799,0.7320773303508759,1,True
73728,0.7320761477947235,1,True
73516,0.7319971096515656,1,True
2456,0.7319857847690583,1,True
22325,0.7319577765464782,1,True
64951,0.7319494724273682,1,True
29819,0.7319256794452667,1,False
27209,0.7318574261665345,1,True
68574,0.7318323802947998,1,True
28716,0.7318145227432251,1,True
33242,0.7318000304698944,1,False
97949,0.7317899394035339,1,True
78140,0.7317563009262085,1,True
34994,0.7317556035518646,1,True
42262,0.7317453944683074,1,True
50381,0.7317007875442505,1,True
32901,0.7316455280780791,1,False
24784,0.7316426670551299,1,True
33995,0.7316351127624512,1,False
36707,0.7316148149967194,1,True
33469,0.7315916907787323,1,False
87969,0.7315903162956238,1,True
92709,0.7315748643875122,1,False
51635,0.7315504837036133,1,True
52968,0.7315232121944428,1,True
23574,0.7314789509773254,1,True
46941,0.7314693033695221,1,True
39807,0.7314583432674409,1,True
43829,0.7314396166801453,1,False
53277,0.7314078748226166,1,True
46972,0.7313747429847717,1,True
33319,0.7313258337974549,1,True
27642,0.731323926448822,1,True
65744,0.7313206446170807,1,True
82998,0.7312707924842834,1,True
73909,0.7312671101093292,1,False
12820,0.7312568926811218,1,False
93596,0.7312524330615997,1,True
7886,0.7312409770488739,1,True
67883,0.7312332940101623,1,False
49791,0.7312229347229005,1,True
35102,0.7312015354633331,1,True
82739,0.7311180865764617,1,False
27950,0.7311143100261688,1,True
56565,0.7310546493530273,1,True
92678,0.7310096752643584,1,False
28931,0.7309427046775818,1,True
57802,0.7308809769153595,1,True
93906,0.7308768773078919,1,False
69935,0.7308607399463654,1,True
22925,0.7307892847061157,1,True
37501,0.7307568764686585,1,True
57819,0.7307499861717224,1,False
47954,0.7306773960590363,1,True
73789,0.7306337893009186,1,False
38209,0.7306316518783569,1,True
76881,0.7306007039546967,1,False
86932,0.7305600392818451,1,False
36830,0.730500054359436,1,True
27350,0.7304912650585175,1,True
95995,0.7304895114898682,1,True
93575,0.7304465067386627,1,False
27424,0.7304386472702027,1,True
22654,0.7304198479652404,1,True
99539,0.7304194247722626,1,True
38300,0.7304109454154968,1,True
99719,0.7304001724720002,1,True
2605,0.7303662121295929,1,True
12793,0.7303336441516877,1,False
13215,0.7302718150615692,1,True
46920,0.7302523279190063,1,True
451,0.7302287411689758,1,True
58858,0.7302218699455261,1,True
13088,0.7302121937274932,1,False
83990,0.7301859259605408,1,True
65220,0.730181725025177,1,True
64915,0.7300999081134796,1,False
92111,0.7300941061973572,1,True
17891,0.7300622248649598,1,True
5007,0.7300409030914307,1,True
55221,0.7300203406810761,1,True
7980,0.730004563331604,1,True
17983,0.7299855601787567,1,False
95824,0.729979954957962,1,False
94962,0.7299752986431122,1,False
24546,0.7299270713329316,1,True
19484,0.7298958969116212,1,True
92944,0.7298433899879455,1,True
46987,0.729830471277237,1,False
99703,0.7297948658466339,1,True
33816,0.7297664642333984,1,False
91334,0.7297524070739746,1,True
76917,0.7297191452980041,1,True
46811,0.7296832895278931,1,True
12557,0.7296746790409088,1,True
18602,0.7296551072597504,1,True
3376,0.7296507775783538,1,False
67795,0.7296374487876892,1,False
56685,0.7296077525615692,1,True
13063,0.7295353055000305,1,True
49692,0.7294704926013946,1,True
17836,0.7294483876228333,1,True
75237,0.7294113314151764,1,True
84265,0.7293961584568024,1,True
22853,0.7293782842159271,1,True
92999,0.7292853915691375,1,True
52734,0.7292704617977142,1,True
33659,0.729243655204773,1,False
13881,0.7292371499538421,1,False
32999,0.7292251408100128,1,True
23511,0.7292227971553802,1,True
73724,0.7291776609420777,1,True
86645,0.7291637980937957,1,True
37981,0.72915185213089,1,True
43587,0.7291483771800995,1,False
56540,0.7291356933116913,1,True
13530,0.729116348028183,1,True
59134,0.7290405106544495,1,True
11422,0.7290285885334015,1,True
22246,0.7290133595466614,1,True
23760,0.7289906775951385,1,False
13837,0.7289256453514099,1,True
22838,0.7289008831977843,1,False
12359,0.7288974320888519,1,True
3480,0.7288957905769349,1,True
82879,0.728879759311676,1,True
83982,0.7288785672187805,1,True
36949,0.7288312339782714,1,True
68982,0.7288278019428254,1,True
18653,0.7287988901138306,1,True
63952,0.7287912583351135,1,True
28419,0.728768413066864,1,True
37126,0.7287680697441101,1,True
33555,0.7287463772296905,1,True
38210,0.7286958873271943,1,True
93164,0.728674920797348,1,True
9391,0.7286573183536529,1,True
62334,0.7286536705493927,1,True
23985,0.7285862505435944,1,True
57949,0.7285318994522094,1,True
36931,0.7285243272781372,1,False
32320,0.7285161876678468,1,True
3154,0.7285120368003846,1,True
43529,0.7285041534900665,1,True
68821,0.7284919226169586,1,True
53335,0.7284807324409485,1,True
53700,0.7284724569320679,1,True
36759,0.7284715795516967,1,False
7829,0.7284331560134888,1,True
52863,0.7284317517280579,1,True
92258,0.7284294283390045,1,True
97325,0.7284274315834045,1,True
30329,0.7284117877483368,1,True
49788,0.7283591139316559,1,True
15405,0.7283486545085907,1,True
67891,0.7283273482322693,1,True
49320,0.7282176184654237,1,True
53973,0.72820210814476,1,True
33020,0.728191111087799,1,True
2645,0.7281826758384704,1,False
67929,0.728138347864151,1,True
59485,0.7281306970119477,1,True
72610,0.7280946028232574,1,True
48314,0.7280489099025726,1,True
54987,0.7280362141132355,1,True
9947,0.727982794046402,1,True
93860,0.727978494167328,1,True
74774,0.7279600489139557,1,False
69597,0.7279583764076233,1,True
92731,0.7279491126537323,1,False
82550,0.7279215145111084,1,False
53999,0.727855978012085,1,True
83668,0.7278140556812287,1,True
48966,0.7278034126758575,1,True
3995,0.7277820897102356,1,True
75515,0.7277777564525605,1,False
16918,0.7277537024021148,1,False
83747,0.7277461957931519,1,True
57981,0.727734888792038,1,False
62757,0.7277176368236542,1,False
77750,0.7277085530757904,1,True
22963,0.7276560533046723,1,True
12658,0.7275850582122803,1,True
13931,0.7275650632381438,1,True
63968,0.7275593674182892,1,True
13313,0.7275209069252014,1,False
12578,0.7275074326992035,1,False
67686,0.7274819219112396,1,True
82559,0.7274679863452911,1,True
72322,0.7274658536911011,1,True
87123,0.7274552285671234,1,True
25897,0.727382390499115,1,False
7930,0.7273577761650085,1,False
39456,0.7273524928092956,1,True
34524,0.7273075199127197,1,False
63879,0.7272781205177308,1,True
9797,0.7272446084022521,1,True
73764,0.7272438108921051,1,True
82954,0.7272169435024262,1,False
33999,0.7272026467323303,1,True
69262,0.7271799910068513,1,True
7882,0.7271482408046722,1,False
28964,0.7271342658996582,1,True
73477,0.7270617556571961,1,True
8219,0.7270493328571319,1,True
72740,0.7270418465137481,1,False
54808,0.7270402216911316,1,True
14973,0.7270095467567443,1,False
42602,0.7270014405250549,1,True
82033,0.7269437062740326,1,True
7585,0.7268921792507171,1,False
57930,0.7268897628784179,1,False
62943,0.7268131017684937,1,True
90396,0.7267534112930298,1,True
59577,0.7267513763904572,1,True
9095,0.7267394304275513,1,True
94523,0.7267099845409393,1,False
43998,0.726698637008667,1,True
42673,0.7266813695430756,1,True
58740,0.7266693794727326,1,True
96391,0.726662974357605,1,True
33969,0.7266450560092925,1,True
2567,0.7266296315193177,1,True
75969,0.7266131508350373,1,False
96279,0.7265945339202882,1,True
68810,0.7265905797481537,1,True
70449,0.7265591275691986,1,True
6956,0.7265519177913666,1,False
17935,0.7264948177337647,1,True
38012,0.7264775586128235,1,True
23817,0.7264208555221557,1,True
56816,0.7263849759101868,1,True
92989,0.7263782799243927,1,True
14989,0.7263645815849304,1,False
46978,0.7263443398475646,1,True
5965,0.7263346886634827,1,False
23921,0.7263061487674713,1,False
94019,0.7262868750095368,1,True
52772,0.7262699580192566,1,False
12809,0.7262558162212371,1,False
72311,0.7262548303604126,1,True
43047,0.7262144458293915,1,True
98373,0.7262094581127168,1,True
43756,0.7261725580692291,1,True
52777,0.7261649429798126,1,True
17962,0.7261615526676177,1,True
29152,0.7261421036720276,1,True
72543,0.7261399376392365,1,False
6897,0.7261048126220704,1,False
87981,0.7261036121845246,1,True
42164,0.7260840225219727,1,True
76939,0.7260835981369018,1,False
32758,0.726059455871582,1,True
62562,0.7260586631298065,1,True
52063,0.7260529577732087,1,True
13365,0.7260467755794525,1,True
2958,0.7260085880756378,1,True
26901,0.7259716725349425,1,True
6281,0.7259643244743348,1,True
52084,0.7259536027908325,1,True
33312,0.7259343266487122,1,True
29944,0.7259314131736756,1,True
74967,0.7259245705604553,1,True
93989,0.7259183192253114,1,True
74999,0.7258407127857208,1,True
82079,0.7257596254348755,1,True
23853,0.7257540726661682,1,True
53741,0.7256481623649598,1,True
38895,0.7256442523002624,1,True
46587,0.7256338477134705,1,True
68361,0.7255807030200958,1,True
23426,0.7255755758285523,1,True
83750,0.7255546319484711,1,False
2835,0.7255088961124421,1,False
26971,0.725488224029541,1,False
37758,0.7254826951026916,1,False
32741,0.7254474425315858,1,True
92840,0.7253824448585511,1,False
13347,0.7253609097003937,1,True
41329,0.7253586733341217,1,True
72349,0.7253303182125092,1,True
48797,0.7253091359138488,1,True
2506,0.7252754509449005,1,False
23823,0.7252489972114563,1,True
18806,0.7251985239982606,1,True
97392,0.7251911222934723,1,True
23782,0.7251744055747986,1,False
68970,0.7251602435111999,1,True
77963,0.7251363790035248,1,True
84915,0.7251202607154846,1,False
38983,0.7250907981395722,1,True
26969,0.7250899648666382,1,False
93949,0.7250794529914856,1,True
27295,0.725065735578537,1,False
62051,0.7250576579570771,1,True
95994,0.7250245928764343,1,True
92638,0.7249701988697053,1,True
62999,0.7249285256862641,1,False
54597,0.7248771440982819,1,False
7762,0.7248504650592804,1,False
57951,0.7248432087898254,1,True
33357,0.7248355638980866,1,True
92222,0.7248094081878662,1,True
9890,0.7248028433322906,1,True
79185,0.724756692647934,1,True
19046,0.7247517490386963,1,True
56552,0.7246580529212951,1,True
27611,0.7246564865112305,1,True
79607,0.724631096124649,1,True
22251,0.7246307826042175,1,True
93650,0.7245552980899811,1,True
74256,0.7245287859439851,1,False
15844,0.724512927532196,1,False
13254,0.7245073616504669,1,True
84963,0.7245037674903869,1,False
70148,0.7244972717761993,1,True
83767,0.7244822406768798,1,True
73788,0.7244822323322296,1,True
37411,0.724480390548706,1,True
97825,0.7244434320926667,1,False
11611,0.7244422447681427,1,True
22288,0.7244395518302917,1,True
46982,0.7244017922878265,1,True
23590,0.7243628990650177,1,True
42638,0.7243509435653687,1,False
31064,0.724307073354721,1,True
8880,0.7242787969112396,1,True
89081,0.7242630338668823,1,True
54280,0.7242552280426026,1,True
32731,0.724249668121338,1,True
14274,0.7242353522777558,1,True
7802,0.7242269253730773,1,True
47305,0.7241968274116516,1,False
52075,0.7241584169864654,1,True
14715,0.7241538226604461,1,True
84965,0.7241151642799377,1,False
28504,0.7240889048576356,1,True
12325,0.7240770936012269,1,True
13642,0.724048879146576,1,False
62931,0.7240391707420348,1,True
2995,0.7240104377269745,1,False
73081,0.7240061116218567,1,False
98005,0.7239807260036468,1,True
63666,0.7239375627040863,1,True
26898,0.7239053618907929,1,True
34890,0.723873575925827,1,False
92578,0.7238683378696442,1,True
42597,0.7238393604755402,1,True
33517,0.7238183009624481,1,False
28746,0.7238163185119628,1,True
42845,0.723776124715805,1,False
92821,0.7237317693233489,1,True
52623,0.7237010812759399,1,True
85830,0.723664379119873,1,False
81511,0.723639714717865,1,True
52857,0.7236010324954987,1,True
26817,0.7235925114154815,1,True
43788,0.7235912573337555,1,True
99805,0.7235807859897614,1,True
79976,0.7235345160961151,1,True
83730,0.7235203349590302,1,True
67755,0.7235192930698395,1,True
56459,0.7234871792793274,1,True
67870,0.7234743058681488,1,True
32625,0.7234318208694458,1,False
86941,0.7234273827075959,1,True
9221,0.723388957977295,1,True
12796,0.7233785903453827,1,True
13980,0.7233564698696137,1,True
17750,0.7233484494686127,1,True
75354,0.7233277344703675,1,True
32607,0.7232979929447174,1,False
45876,0.7232674741744995,1,True
92337,0.7231384217739105,1,True
52175,0.7231031012535095,1,True
12802,0.7230993628501892,1,True
36847,0.7230970108509064,1,False
95982,0.7230362141132355,1,False
37755,0.7229621958732605,1,True
73368,0.7228844213485718,1,True
40620,0.7228594219684601,1,True
38117,0.7228351068496703,1,True
42175,0.722797269821167,1,True
33965,0.7227881121635438,1,True
13970,0.7227870416641236,1,True
63769,0.7227780759334564,1,True
38354,0.7227774667739868,1,True
89373,0.722752982378006,1,True
64640,0.7227341103553773,1,False
72295,0.722716224193573,1,False
46899,0.7226904964447021,1,False
46776,0.7226832628250122,1,True
52265,0.7226793015003204,1,True
12631,0.7226455235481262,1,True
2907,0.7226256918907166,1,True
7945,0.7225055515766143,1,True
62292,0.7224976360797882,1,True
28850,0.7224911856651306,1,True
12991,0.7224732005596162,1,True
39941,0.7224730563163757,1,True
13728,0.7224684524536134,1,True
93770,0.7224594354629517,1,True
83168,0.7223937249183654,1,True
64374,0.7223593389987946,1,True
44845,0.7223512947559356,1,False
82484,0.7223417055606842,1,True
86666,0.7222843337059022,1,True
13711,0.7222822916507721,1,True
61730,0.7222712886333466,1,True
14534,0.7222607207298279,1,True
6545,0.7222426080703735,1,True
67865,0.7222339797019959,1,True
72619,0.7222205781936646,1,False
88780,0.7222053360939026,1,True
92797,0.7221962749958039,1,True
64993,0.7221930742263794,1,False
63811,0.7221472072601318,1,True
2997,0.7220906782150269,1,True
66844,0.7220321786403656,1,True
76811,0.7220242357254028,1,True
15986,0.721988445520401,1,False
83940,0.7219438946247101,1,True
27966,0.7219335901737214,1,True
63995,0.7219327759742737,1,True
89054,0.7218898177146912,1,False
28093,0.7218568730354309,1,True
32088,0.7218242228031159,1,True
68391,0.7218058431148529,1,True
55974,0.7217348635196685,1,True
28388,0.7217338848114014,1,True
92439,0.7217018687725067,1,False
73623,0.7216780173778534,1,False
52300,0.7216668081283569,1,True
26975,0.7216651690006256,1,True
66770,0.7216480112075805,1,True
88278,0.7216457152366638,1,True
28824,0.7216100466251374,1,True
37819,0.7215617895126343,1,True
59970,0.7215579259395599,1,True
44068,0.7215525412559509,1,True
73957,0.7215242183208466,1,True
83140,0.7214993703365327,1,False
23923,0.7214805364608765,1,False
72535,0.7214731967449188,1,True
12766,0.7214704966545105,1,True
56967,0.7214647388458252,1,True
3892,0.7214579641819,1,True
82966,0.7214133930206299,1,False
18817,0.7214050912857055,1,True
44377,0.7213820946216583,1,True
52675,0.721381070613861,1,True
42079,0.7213611054420471,1,True
97749,0.7213556337356568,1,True
93681,0.721312085390091,1,True
87990,0.7212989437580108,1,False
33325,0.7212984204292298,1,True
39801,0.7212742614746094,1,True
67532,0.7212717521190644,1,False
78816,0.7212186944484711,1,True
82466,0.721197589635849,1,True
98477,0.721185222864151,1,True
75756,0.7211707866191863,1,True
37391,0.7211366951465606,1,True
2394,0.7211098372936249,1,False
3999,0.7211035513877868,1,False
95991,0.7210910093784333,1,False
43832,0.7209251141548156,1,True
62823,0.7209043765068055,1,False
53310,0.7208935713768005,1,True
27513,0.7208080780506134,1,False
62341,0.7207728540897369,1,True
23451,0.720704927444458,1,True
24996,0.7207041275501251,1,True
87919,0.7206610095500946,1,True
2962,0.7206508886814118,1,True
24468,0.7206219351291656,1,True
62997,0.7206023335456848,1,True
73888,0.7205873596668244,1,True
92360,0.7205788004398346,1,False
3966,0.7205734694004059,1,True
63407,0.720573228597641,1,True
72796,0.7205467700958252,1,True
52213,0.7205238425731659,1,True
22780,0.7205230629444122,1,True
58556,0.7204817640781402,1,True
22998,0.720409837961197,1,True
73860,0.7204080200195313,1,True
59333,0.7204030585289001,1,True
78476,0.720388172864914,1,True
46921,0.7203557252883911,1,True
37441,0.7203353512287141,1,True
77680,0.7203301417827606,1,True
63849,0.7202689969539642,1,True
9637,0.7202505171298981,1,True
39628,0.7202279293537139,1,False
63807,0.7202143812179566,1,False
33827,0.7202115964889526,1,True
65206,0.7202075636386871,1,True
26818,0.7201902604103088,1,False
68602,0.720186196565628,1,True
1633,0.7201843523979188,1,True
43895,0.7201656663417817,1,False
28391,0.7201616144180298,1,True
5779,0.7201585531234741,1,True
23748,0.7201456332206726,1,False
508,0.7201132261753083,1,True
89541,0.7200899350643157,1,True
39900,0.7200067472457885,1,False
2703,0.7199984681606293,1,False
67966,0.7199827289581299,1,True
23613,0.7199662899971009,1,False
63777,0.719960926771164,1,False
43893,0.7199598836898804,1,True
12730,0.719957982301712,1,True
24968,0.7199193155765533,1,True
24900,0.7198664724826813,1,True
43255,0.7198583030700684,1,True
96437,0.7198486149311065,1,True
17506,0.7198412477970123,1,True
79542,0.7198289048671722,1,True
23186,0.7198232579231263,1,True
67752,0.7198186242580413,1,True
33863,0.719794442653656,1,True
72833,0.7197367453575134,1,False
6638,0.7197070586681367,1,True
59195,0.7197014379501343,1,True
60406,0.7196948540210724,1,True
62528,0.7196887993812562,1,True
66975,0.7196778512001037,1,True
92936,0.719675966501236,1,True
99127,0.7196536302566529,1,True
57935,0.719570550918579,1,True
36335,0.7195319497585297,1,True
29751,0.7195224976539611,1,False
63945,0.7195129454135895,1,True
66765,0.7195105695724487,1,True
57365,0.7194856059551239,1,True
16485,0.7194671773910523,1,True
27981,0.7194664108753204,1,False
43280,0.719450318813324,1,True
48777,0.719432430267334,1,True
67508,0.719406555891037,1,True
3990,0.7193852710723877,1,True
28187,0.7193829488754273,1,True
2310,0.7193662238121032,1,True
46981,0.7193653464317322,1,True
68974,0.7193552482128143,1,True
78624,0.7193329572677613,1,True
23732,0.7193164122104645,1,True
92771,0.7192898344993591,1,True
92489,0.7192819237709045,1,True
3239,0.719269186258316,1,True
83719,0.7192499172687531,1,False
67610,0.7192112386226654,1,False
16458,0.7191957330703735,1,True
62972,0.7191903305053711,1,True
77980,0.7191829788684845,1,False
83148,0.7191691863536835,1,True
83855,0.7191456770896911,1,False
99179,0.7191049623489381,1,True
53888,0.7190931904315949,1,True
35985,0.7190913724899293,1,True
16738,0.7190765726566315,1,True
53009,0.719066115617752,1,True
77632,0.7190424764156342,1,True
57401,0.7190368974208832,1,True
22313,0.718962025642395,1,True
17487,0.7189394199848176,1,True
68194,0.7189242136478424,1,True
99436,0.718897522687912,1,True
24994,0.7188971281051636,1,False
57959,0.7188811826705932,1,False
77180,0.7188588440418243,1,True
12861,0.7188498759269715,1,False
73997,0.7188382744789124,1,True
43669,0.7188365638256073,1,True
16581,0.7188356983661652,1,True
18542,0.7187928414344787,1,True
8588,0.7187760376930237,1,True
53507,0.7187728953361512,1,True
55996,0.7187376713752747,1,False
22944,0.718679678440094,1,True
93718,0.7185606086254119,1,True
76709,0.7185330498218536,1,True
75961,0.7185189116001129,1,False
63704,0.718385843038559,1,False
22695,0.7183512520790101,1,True
76382,0.7183094763755798,1,True
84372,0.7183066868782044,1,True
46977,0.7182908487319946,1,True
7909,0.7182762026786804,1,True
63197,0.718260600566864,1,False
12597,0.7182315599918365,1,True
82490,0.7182096016407014,1,False
62761,0.7181769490242005,1,False
77993,0.7181411647796632,1,True
92228,0.7181385636329651,1,True
56428,0.7180779433250427,1,False
43987,0.7180497431755066,1,False
65024,0.7180338108539581,1,True
37890,0.7180337536334991,1,True
32788,0.71799919962883,1,False
33938,0.7179930651187897,1,True
52759,0.7179666316509247,1,True
37361,0.7179592227935792,1,True
89989,0.7179311525821686,1,True
33753,0.7179251956939697,1,False
38648,0.7178957498073577,1,False
99380,0.7178755772113801,1,True
64810,0.7178614091873169,1,True
26856,0.7178531312942504,1,True
3730,0.7178402602672577,1,False
48083,0.7178083789348602,1,True
62455,0.7177440178394318,1,True
83751,0.7177416825294495,1,True
38755,0.717714706659317,1,True
53767,0.7177068531513214,1,True
62109,0.7176887857913972,1,True
79952,0.7176703369617462,1,True
32983,0.7176613974571229,1,True
28119,0.7176036095619202,1,True
58202,0.7175993788242341,1,True
85531,0.7175897884368896,1,True
19986,0.7175861275196076,1,True
34807,0.7175798797607422,1,True
93930,0.7175797832012176,1,True
72592,0.7175721478462219,1,True
29694,0.717551748752594,1,True
98124,0.7175123620033264,1,True
59886,0.7175033104419708,1,True
84221,0.7173246550559997,1,True
52597,0.7173069500923157,1,False
46777,0.7173048985004424,1,True
7979,0.7172984635829925,1,False
98089,0.7172913348674774,1,True
62563,0.7172868287563323,1,True
64986,0.7172580003738404,1,False
96934,0.7172240793704987,1,True
67267,0.7171937692165375,1,True
8611,0.7171282601356506,1,True
67860,0.7171084845066071,1,True
83174,0.7171081447601318,1,False
26981,0.7170724129676819,1,False
52855,0.7170528876781463,1,True
77766,0.7170461702346802,1,True
43979,0.7170291233062744,1,True
59059,0.7170226299762725,1,True
49604,0.7170096266269683,1,True
72604,0.7170063877105712,1,False
53130,0.7169674921035767,1,False
3518,0.7168962955474854,1,True
43899,0.7168641567230225,1,False
53976,0.71682377576828,1,True
19457,0.7168164443969727,1,True
58607,0.7167331075668335,1,True
69615,0.7167079651355743,1,True
49613,0.7166792631149292,1,True
89414,0.7166374623775482,1,True
53944,0.7166268193721772,1,False
97542,0.7166133797168732,1,True
63325,0.7165988647937775,1,True
23952,0.7165976703166962,1,True
83466,0.7165958523750305,1,False
38370,0.7165599691867828,1,True
61807,0.7165346097946167,1,True
922,0.7165299963951111,1,True
46145,0.7164859819412231,1,True
35597,0.7164635741710663,1,False
73113,0.7164343059062958,1,True
10497,0.7164109635353089,1,True
23510,0.7164065420627594,1,True
72294,0.716331548690796,1,False
13754,0.7163300967216492,1,True
69885,0.7162689077854156,1,True
40927,0.7162686157226563,1,True
11261,0.7162586283683777,1,True
85025,0.716245756149292,1,True
26385,0.7162322556972504,1,True
35872,0.7162213134765625,1,True
26874,0.7161652648448944,1,True
43949,0.7161614918708801,1,True
12836,0.7161280477046967,1,True
35996,0.7161195993423461,1,True
92872,0.716079933643341,1,False
7511,0.7160752940177917,1,True
22789,0.7160632562637329,1,False
63900,0.716039115190506,1,False
58397,0.7160360431671142,1,True
53196,0.7160134041309356,1,True
23439,0.716009966135025,1,True
33179,0.7159184777736665,1,False
74554,0.7159087419509887,1,True
12307,0.7159074366092681,1,True
18366,0.7159031522274018,1,True
45917,0.7158999741077423,1,False
88344,0.7158892393112183,1,True
72014,0.7158427906036378,1,True
83425,0.7157930755615234,1,True
5804,0.7157511126995086,1,False
83078,0.715747743844986,1,True
77536,0.7157227802276611,1,True
2782,0.7157124090194702,1,False
43135,0.7157098472118377,1,True
3965,0.715693986415863,1,False
16972,0.7156932663917541,1,False
84174,0.715684198141098,1,True
2386,0.7156491351127625,1,True
65405,0.7156239926815033,1,False
27889,0.7155699396133424,1,True
59765,0.7155469298362732,1,False
9038,0.7155138862133026,1,True
83743,0.7155078113079071,1,False
6985,0.7154767286777497,1,True
16837,0.7154684448242188,1,False
46753,0.7154497075080872,1,False
63170,0.7154278206825256,1,True
42891,0.7154229044914245,1,False
2692,0.7154129958152771,1,True
66982,0.7154059565067291,1,True
53535,0.7153916931152344,1,False
29457,0.7153843295574188,1,True
97167,0.715378760099411,1,True
43431,0.7153757655620575,1,False
16631,0.7153584516048431,1,True
7247,0.7153316605091096,1,True
66977,0.7153224527835846,1,True
83879,0.7153171849250793,1,False
74862,0.7152451395988464,1,False
36750,0.7152293002605439,1,False
26718,0.715225830078125,1,True
43100,0.7152013432979584,1,True
29834,0.715169336795807,1,True
3279,0.7151597964763641,1,True
67895,0.7151513075828553,1,True
7465,0.7151215100288391,1,True
66663,0.7150756299495697,1,True
53189,0.7150741314888001,1,True
42995,0.7150211608409882,1,True
92259,0.7150158298015594,1,False
43278,0.715011670589447,1,False
47316,0.7149870538711548,1,True
53714,0.714982441663742,1,True
11452,0.714975951910019,1,True
53072,0.714962557554245,1,True
53984,0.7149544918537141,1,True
48643,0.7149501264095306,1,True
67972,0.7149070858955383,1,False
52384,0.7148527884483338,1,False
16922,0.7148477053642273,1,False
39917,0.7147692930698395,1,True
86868,0.7147577953338623,1,False
33893,0.7147140765190125,1,False
86890,0.7147134387493134,1,True
83704,0.7146973443031311,1,True
63739,0.7146584165096284,1,False
78724,0.7146541500091552,1,True
98331,0.7146526443958283,1,True
23650,0.7146493756771088,1,False
67567,0.714641215801239,1,True
39502,0.7146294867992401,1,True
14998,0.7146159207820892,1,False
92846,0.7146138453483581,1,True
6838,0.7145824015140534,1,False
59438,0.7145752120018005,1,True
69863,0.71456658244133,1,True
59948,0.7145567119121552,1,True
56961,0.71452685713768,1,True
76817,0.7145187556743622,1,True
32812,0.7145087385177613,1,True
34131,0.7145011293888093,1,True
73918,0.7144595718383788,1,True
62924,0.7144510269165039,1,True
42615,0.71444460272789,1,True
83766,0.714444431066513,1,False
62445,0.7144164657592773,1,True
73969,0.7143641602993012,1,True
82136,0.7143527662754059,1,True
12379,0.7143284320831299,1,False
32893,0.7143096709251404,1,True
93824,0.7142456126213074,1,True
52983,0.714210216999054,1,True
22898,0.7141878604888916,1,True
29446,0.7141746079921723,1,True
76832,0.7141386842727662,1,False
69733,0.7139666032791138,1,True
69611,0.7139609169960022,1,True
7630,0.7139374423027038,1,True
69147,0.7139181804656982,1,True
16265,0.7137846076488494,1,True
22541,0.713734325170517,1,False
86817,0.7137135672569275,1,True
39936,0.7137017393112183,1,True
76618,0.7136924540996552,1,True
22640,0.7136901414394379,1,True
60638,0.7136678314208984,1,True
54997,0.713648897409439,1,True
52701,0.7136420953273773,1,False
73998,0.7136238241195678,1,True
71337,0.713470665216446,1,True
13169,0.7134607005119324,1,True
23778,0.7134452223777771,1,True
63477,0.7134268975257874,1,True
10703,0.7134082019329071,1,True
72730,0.7133986961841583,1,False
65846,0.7133960509300232,1,False
23420,0.7133811867237091,1,True
91909,0.7133709967136384,1,True
35051,0.7133297753334045,1,True
43996,0.7133265483379364,1,False
43052,0.7133230805397034,1,True
56854,0.713248027563095,1,True
97793,0.7132208669185638,1,True
12847,0.7131925117969513,1,True
88491,0.7131708478927612,1,True
3333,0.7130533003807068,1,True
94112,0.7130414354801178,1,True
93628,0.7130040252208709,1,False
62916,0.7129914450645447,1,False
32206,0.7129720318317414,1,False
72803,0.712922261953354,1,False
32138,0.7128784430027009,1,True
25580,0.7128694915771485,1,True
92467,0.7128320252895355,1,True
47610,0.7127518725395203,1,True
3127,0.7127169001102447,1,True
19895,0.712696406841278,1,False
82362,0.7126836967468262,1,True
76782,0.7126633286476135,1,False
62852,0.7126437675952911,1,True
59819,0.7126122033596038,1,True
12585,0.7125583899021148,1,True
9578,0.7125374507904052,1,True
37673,0.7125200831890106,1,True
77908,0.7125096464157105,1,False
59172,0.7124963843822479,1,True
63475,0.7124409294128418,1,False
96966,0.7124048578739166,1,False
42362,0.7123966848850249,1,True
27563,0.7123930013179779,1,False
89443,0.7123626911640167,1,True
12995,0.7123567140102387,1,True
3400,0.7123408937454223,1,True
37905,0.7123391819000244,1,False
65905,0.712337177991867,1,False
68870,0.7123342716693879,1,False
2967,0.7123162019252778,1,True
67971,0.712270644903183,1,False
46943,0.7122603559494018,1,True
82985,0.712231047153473,1,True
74166,0.7122067642211913,1,True
73102,0.7121593284606933,1,True
78400,0.712155259847641,1,True
12979,0.7121091103553772,1,False
25373,0.7120684921741486,1,True
28607,0.7120545673370362,1,True
73863,0.7120332598686219,1,True
69588,0.7119716656208038,1,True
62338,0.7119623446464538,1,True
55875,0.7119598817825317,1,False
69143,0.7119549715518951,1,True
39124,0.7119521951675415,1,True
39703,0.7119425845146179,1,True
48055,0.7119418108463287,1,True
53996,0.711899801492691,1,False
4993,0.7118640530109406,1,False
46980,0.7118435883522034,1,False
82961,0.711832001209259,1,True
32470,0.7117910969257355,1,True
86730,0.7117655384540558,1,True
23998,0.711700313091278,1,True
26929,0.7116680753231048,1,False
83827,0.7116371381282807,1,True
52880,0.711616415977478,1,True
26730,0.7115886032581329,1,False
13072,0.7115227746963502,1,True
9635,0.7114583551883698,1,True
46510,0.7114565718173981,1,True
33881,0.7114521312713623,1,True
92110,0.7114075613021851,1,True
15366,0.7114040148258209,1,True
62637,0.7113757276535034,1,True
68160,0.7113205683231354,1,True
36979,0.7113174593448639,1,True
38533,0.7112986159324646,1,True
63999,0.7112809824943542,1,False
2842,0.7112720370292663,1,False
17062,0.7112239289283753,1,True
83185,0.7112054085731506,1,True
73296,0.7111910057067872,1,True
21692,0.7111592197418213,1,True
12956,0.7111308491230011,1,True
487,0.711106938123703,1,True
84864,0.7110822510719299,1,True
98844,0.7110641539096832,1,True
67528,0.7110625052452088,1,True
76943,0.7109948372840882,1,True
79911,0.7109927582740784,1,True
92970,0.7109897410869599,1,True
33987,0.7109346461296082,1,True
37329,0.7109209895133972,1,True
82401,0.7108856189250946,1,False
71562,0.7108637857437134,1,True
16329,0.7108536374568939,1,True
45680,0.7108525407314301,1,True
23822,0.7108213663101196,1,False
97285,0.7107553243637085,1,True
73777,0.7107509684562683,1,False
34671,0.710742665529251,1,True
43872,0.7107222199440002,1,False
45714,0.7106715667247772,1,False
26238,0.7106335401535034,1,True
47977,0.7105858755111694,1,True
99093,0.7105758380889893,1,True
62853,0.7105643165111541,1,True
80093,0.7105419051647186,1,True
22990,0.7105351340770721,1,True
65082,0.710527502298355,1,True
13819,0.7105187880992889,1,True
42490,0.71046808719635,1,True
73365,0.7104569578170776,1,False
48800,0.7104149723052979,1,True
57840,0.7103999805450439,1,True
39120,0.7103971827030182,1,True
92861,0.7103150749206544,1,False
2296,0.7103146898746491,1,False
92221,0.7103016448020936,1,False
93802,0.7102900874614715,1,True
59339,0.7102582883834838,1,True
52916,0.7102506923675538,1,False
63609,0.7102249360084534,1,True
3563,0.7101922392845154,1,False
43188,0.7101828145980835,1,True
26920,0.7101700067520141,1,True
2920,0.7101486504077912,1,True
75883,0.7101396524906158,1,False
29916,0.7101345849037171,1,True
57831,0.7101309823989868,1,True
19757,0.7101205933094025,1,True
89284,0.7101190626621247,1,True
55336,0.7101102912425995,1,True
12993,0.7100505530834198,1,True
13059,0.7100382220745087,1,True
85082,0.7100048220157623,1,True
6963,0.7100027823448181,1,False
5995,0.7099850893020629,1,True
97886,0.7099720430374146,1,True
99925,0.7099696266651154,1,True
63796,0.7099597668647766,1,True
53697,0.7099455153942108,1,False
75551,0.7099224841594696,1,True
37948,0.7099101626873017,1,False
74958,0.7099094259738923,1,True
56508,0.7098939228057861,1,True
24918,0.709877028465271,1,False
79757,0.70987553358078,1,True
48429,0.7098746716976165,1,True
62927,0.7098633515834809,1,False
22989,0.7098540961742401,1,True
22595,0.7096747088432311,1,True
22872,0.7096272802352905,1,True
66827,0.7096254563331603,1,True
62515,0.709602712392807,1,True
6931,0.7095754611492158,1,True
37377,0.709507874250412,1,True
82156,0.7094896852970123,1,True
62107,0.7094592154026031,1,True
43995,0.7094491326808929,1,True
57766,0.7094488799571991,1,False
6932,0.7094156515598298,1,True
83915,0.7093579030036926,1,True
32990,0.7093414592742919,1,True
52236,0.7093157756328583,1,True
83754,0.7092500603199006,1,False
52659,0.7092405319213867,1,True
83635,0.7091967189311981,1,True
66966,0.7091827762126923,1,False
26909,0.7091737699508667,1,False
77983,0.7091534101963044,1,True
78537,0.7091321361064911,1,True
12720,0.7091154193878173,1,True
39338,0.7091018998622894,1,True
72920,0.7090791773796081,1,False
97795,0.7090733015537263,1,True
8187,0.7090617287158967,1,True
17751,0.709046584367752,1,False
12923,0.7090177035331726,1,True
63533,0.7089985644817353,1,False
79089,0.7089734613895416,1,True
91308,0.7089670968055726,1,True
13214,0.7089496409893036,1,True
52155,0.7089336693286896,1,True
44993,0.7088945305347443,1,True
18398,0.7088346290588379,1,True
47131,0.7088187170028686,1,True
6132,0.7087936961650849,1,True
33971,0.7087792408466339,1,True
62744,0.7087464439868927,1,False
16991,0.7087210953235626,1,True
63757,0.7087063610553741,1,False
72282,0.7087026059627533,1,True
47331,0.7086916053295136,1,True
55116,0.7086863803863526,1,True
93649,0.7086380815505982,1,True
92504,0.7085801446437836,1,False
83973,0.708580127954483,1,True
72953,0.7085055780410767,1,False
82721,0.7084863233566284,1,True
22996,0.7084596729278565,1,True
63869,0.7084337782859802,1,False
56035,0.7084247255325318,1,True
62727,0.7083499705791474,1,True
53982,0.7083486580848695,1,True
53702,0.7083390593528748,1,False
23999,0.7083349406719208,1,True
98484,0.7083049654960633,1,True
12996,0.7082889795303344,1,False
42368,0.7082881045341491,1,True
3401,0.7082869064807892,1,False
52993,0.7082820260524749,1,False
36683,0.7082449793815613,1,True
56131,0.7082275867462158,1,True
83094,0.7082124936580658,1,True
73586,0.7081964313983917,1,True
14783,0.7081891119480133,1,True
23984,0.7081594979763031,1,False
3632,0.7081492960453033,1,True
5170,0.7081196761131286,1,True
67584,0.7081156146526337,1,True
54998,0.7081002414226532,1,True
63965,0.7080592548847199,1,True
72987,0.7080182838439941,1,True
52921,0.7080126535892487,1,True
92341,0.7079885280132294,1,True
74393,0.7079846596717834,1,False
97854,0.707961597442627,1,True
93886,0.7079315400123596,1,True
92710,0.707915667295456,1,False
92560,0.7078974151611328,1,True
66961,0.7078834426403046,1,True
23325,0.7078734564781188,1,True
56713,0.7078549146652222,1,True
32809,0.7078431606292724,1,False
36439,0.7077796876430511,1,True
41815,0.7077772617340088,1,True
42942,0.7077595639228821,1,True
53347,0.7077103412151337,1,True
84047,0.7077055203914642,1,True
86983,0.7076973485946656,1,True
82434,0.7076741445064545,1,True
26889,0.707661509513855,1,False
56485,0.7076526033878326,1,True
52271,0.7076519978046417,1,True
27907,0.7076363205909729,1,False
78613,0.7076128923892975,1,True
72760,0.7075829815864563,1,True
87972,0.7075042581558227,1,True
33764,0.7074990510940552,1,True
32957,0.7074968504905701,1,True
48210,0.7074851930141449,1,True
66424,0.7074803853034973,1,True
98422,0.7074786758422851,1,True
98831,0.7074781966209411,1,True
43716,0.7074773597717285,1,False
83650,0.707429941892624,1,True
68263,0.7074239814281464,1,True
39952,0.7074207091331481,1,True
73325,0.7074054527282715,1,True
86505,0.7074043846130371,1,True
13991,0.7074013698101044,1,True
86747,0.7073496818542481,1,True
83907,0.7072948563098908,1,True
39469,0.707220550775528,1,True
37495,0.7072121942043305,1,False
86606,0.7071884346008301,1,False
63997,0.707175898551941,1,True
13694,0.7071494102478028,1,True
89700,0.7071166408061982,1,True
12690,0.7071124768257141,1,False
92569,0.7070957362651825,1,False
10183,0.7070774149894714,1,True
57952,0.7070494937896729,1,False
46284,0.7070347940921784,1,True
54546,0.7070254290103912,1,False
13880,0.7070021951198577,1,False
42963,0.7069857215881348,1,True
93820,0.7069455254077912,1,True
83799,0.7069370353221893,1,True
92030,0.7069351518154144,1,True
63275,0.7069083249568939,1,False
72571,0.706835958957672,1,False
44647,0.7068193602561951,1,False
82686,0.706760345697403,1,True
43459,0.7067377853393555,1,True
63771,0.7067240786552429,1,False
82570,0.7067143797874451,1,True
78652,0.7066658222675324,1,True
32733,0.7066450119018555,1,True
42886,0.7065758180618287,1,False
61980,0.7065720188617706,1,True
66983,0.7064317393302917,1,True
16982,0.7064292216300965,1,True
25911,0.7064025712013244,1,False
73676,0.7063495755195618,1,True
6708,0.7063449370861054,1,True
13406,0.7063154006004333,1,True
22321,0.7063140511512757,1,True
39866,0.7063119292259217,1,False
93997,0.7062942063808442,1,True
39612,0.7062372088432312,1,True
7463,0.7062273728847503,1,False
7892,0.7061831486225127,1,True
78595,0.7061783969402313,1,True
58184,0.7061776566505432,1,True
26404,0.7061683917045594,1,True
53148,0.7061474347114562,1,True
6954,0.706112835407257,1,False
58298,0.7061029589176178,1,True
72540,0.7060902619361877,1,True
74361,0.7060874152183533,1,True
31432,0.7060455119609832,1,True
7579,0.7060248780250549,1,True
42998,0.7060196769237519,1,True
68789,0.7060053062438965,1,True
66931,0.7060043060779572,1,False
12500,0.7058243608474731,1,True
62630,0.7057938969135285,1,True
37975,0.7057485127449036,1,False
43912,0.7057352662086487,1,False
17985,0.7057145547866821,1,True
89547,0.7056926465034485,1,True
27971,0.7056739294528962,1,True
73825,0.7056674921512605,1,True
39109,0.70564896941185,1,True
82989,0.7056396830081939,1,True
15092,0.7055946755409241,1,True
26983,0.7055837500095368,1,True
76872,0.705569281578064,1,False
83755,0.7055509400367737,1,True
62663,0.7055503606796265,1,False
37693,0.7055443012714386,1,True
15831,0.7055403482913971,1,False
92966,0.7055244660377502,1,True
91430,0.7055035507678986,1,True
23378,0.7055000650882721,1,True
79636,0.705479201078415,1,True
96925,0.7054476034641266,1,True
64121,0.7054349815845489,1,True
23294,0.7054286360740661,1,True
87503,0.7053905344009399,1,True
13884,0.7053896796703338,1,False
46521,0.705383425951004,1,False
22769,0.7053824925422669,1,True
82482,0.7053796720504761,1,True
42547,0.7053448498249054,1,True
26964,0.7053366649150848,1,False
6695,0.7052816998958588,1,True
36584,0.705265736579895,1,False
97979,0.7052617132663727,1,True
95988,0.7052516090869904,1,True
83998,0.7052268195152283,1,True
93692,0.7051848101615905,1,False
27866,0.7051611161231994,1,True
29729,0.7051568818092346,1,True
83624,0.7051490640640259,1,True
33985,0.7051278305053711,1,True
72256,0.7051223874092102,1,False
32406,0.7050947773456573,1,True
74526,0.70506631731987,1,True
17969,0.7050233912467956,1,True
53878,0.7050215077400208,1,True
8912,0.7050026667118072,1,True
8821,0.7049950015544891,1,True
28518,0.7049526560306549,1,True
57885,0.7049408054351807,1,False
72824,0.7049046528339387,1,True
34938,0.7048241448402405,1,False
37961,0.7048228991031646,1,True
82348,0.7048014104366302,1,False
62954,0.7047955250740051,1,True
96786,0.7047849011421203,1,True
49858,0.7047816574573517,1,True
50186,0.7047816061973572,1,True
96632,0.7047283625602723,1,True
42354,0.7046379387378693,1,True
46699,0.7046278131008148,1,True
93788,0.7046122741699219,1,False
93966,0.7045924258232117,1,True
13988,0.7045518279075622,1,True
51082,0.7045508885383606,1,True
71571,0.7045466148853302,1,True
2935,0.7045177567005158,1,True
67897,0.7044974851608277,1,True
83779,0.7044742166996002,1,False
96979,0.704469654560089,1,True
18510,0.704457037448883,1,True
12134,0.7044544994831086,1,True
18307,0.7044119477272034,1,True
16992,0.704390504360199,1,True
36413,0.7043318998813629,1,True
42523,0.7043122029304505,1,False
69641,0.7042952609062194,1,True
93993,0.7042671167850494,1,False
49932,0.704212816953659,1,True
92919,0.7042088007926941,1,True
70687,0.7041829097270966,1,True
93945,0.7041803038120269,1,False
3574,0.7041544592380524,1,False
97963,0.704150413274765,1,True
98385,0.7041326594352721,1,True
13220,0.7040670168399811,1,True
38888,0.7040599501132965,1,True
59318,0.704045420885086,1,True
36983,0.7040065932273865,1,True
82999,0.7039913940429687,1,True
62940,0.7039706552028656,1,True
93940,0.703931325674057,1,True
95425,0.7039300513267517,1,True
12876,0.7039160287380218,1,True
6966,0.703907618522644,1,True
97919,0.7038846707344055,1,True
88847,0.7038664329051971,1,True
73999,0.703831866979599,1,True
17988,0.7038312911987304,1,True
66935,0.7038255929946899,1,False
87913,0.7038163387775421,1,False
52881,0.7038089299201966,1,True
37840,0.7037504780292512,1,True
90384,0.7037327158451081,1,False
82430,0.7037220942974091,1,True
76843,0.7036986553668976,1,True
62613,0.703670996427536,1,True
67575,0.7036706948280335,1,True
38646,0.7036597335338592,1,True
2256,0.7036389827728271,1,True
72958,0.7035927844047547,1,True
29084,0.703560380935669,1,True
55951,0.7035176014900207,1,True
96846,0.7034843826293946,1,False
34737,0.7034726774692535,1,True
51023,0.7034637475013733,1,True
29835,0.7034159505367279,1,True
38857,0.7033804881572723,1,True
56285,0.703378529548645,1,True
5545,0.7033752393722534,1,True
67898,0.7033582830429077,1,False
89913,0.7033296561241149,1,True
52519,0.7033173561096191,1,True
49477,0.7032706415653229,1,True
14776,0.7032455039024352,1,True
3918,0.7031347453594208,1,True
83455,0.7030979418754577,1,True
63476,0.7030946052074433,1,True
82959,0.703031724691391,1,False
13357,0.7030142319202424,1,True
18946,0.7029969990253448,1,True
39311,0.7029936158657074,1,True
23956,0.702932014465332,1,True
65833,0.7028971910476685,1,False
72558,0.7028746592998505,1,True
41922,0.7028528118133546,1,True
53143,0.7027936446666718,1,True
72290,0.7027777338027954,1,True
32881,0.7026860535144805,1,True
82927,0.7026608419418335,1,False
97929,0.7026530683040619,1,True
96950,0.7026165699958802,1,True
52972,0.7025687968730927,1,True
26976,0.7025568866729737,1,True
43275,0.7025555980205536,1,True
62996,0.7025330150127411,1,True
45893,0.7024810719490051,1,False
52854,0.702479156255722,1,True
63785,0.7024753952026368,1,True
34296,0.7024168491363525,1,True
56717,0.7023932337760925,1,True
81891,0.7023894941806793,1,True
37945,0.7023869943618775,1,True
47917,0.7023800086975098,1,True
77978,0.7023637974262238,1,False
83390,0.7023117828369141,1,False
12663,0.7022535371780396,1,False
62724,0.7022380363941193,1,True
52905,0.702211515903473,1,False
87982,0.7021951150894166,1,False
96991,0.7021863389015197,1,False
18353,0.7021173095703125,1,True
18259,0.7020761537551881,1,True
68213,0.7020626509189606,1,True
12384,0.7020520949363709,1,True
96728,0.7020260858535767,1,True
86976,0.7020228898525238,1,False
18182,0.7020122313499451,1,True
53993,0.7019867622852325,1,False
43859,0.7019531095027924,1,False
73572,0.7019436693191529,1,False
33968,0.7019230318069458,1,True
82948,0.7019076967239379,1,False
73935,0.7018876004219055,1,True
7417,0.7018806886672974,1,True
32888,0.701866888999939,1,True
7676,0.701860966682434,1,True
68917,0.7018383741378784,1,True
99272,0.7018283069133758,1,True
68905,0.7018147909641266,1,True
63858,0.7018107795715331,1,True
67352,0.7017993724346161,1,True
90532,0.701757664680481,1,True
65651,0.7017571759223937,1,True
16698,0.7017381143569946,1,True
69661,0.7017350828647613,1,True
63877,0.7017315173149109,1,False
59700,0.7017025220394135,1,True
19946,0.7016654384136201,1,False
21633,0.701648372411728,1,True
29811,0.7016116404533386,1,True
12712,0.7015758395195008,1,True
2672,0.7015564799308777,1,False
92471,0.701551902294159,1,False
2704,0.7015326237678527,1,True
42953,0.7014987933635712,1,True
2807,0.7014727866649628,1,True
82440,0.7014607477188111,1,False
53365,0.701438945531845,1,True
11391,0.7013891422748566,1,False
57342,0.7013694405555725,1,True
22997,0.7013499665260314,1,True
52753,0.7013100957870484,1,True
42990,0.7012524402141571,1,True
38920,0.7012420797348022,1,True
21662,0.7012413012981416,1,True
6906,0.701240336894989,1,True
53887,0.7012177073955537,1,False
58236,0.7011783802509308,1,True
23170,0.7011716973781585,1,False
33962,0.7011531555652619,1,True
63679,0.7011348855495453,1,True
46915,0.7011167323589325,1,True
19415,0.701044293642044,1,True
73745,0.7010275459289551,1,False
86656,0.701024831533432,1,True
33812,0.7010140383243562,1,False
2803,0.7009784519672394,1,False
66989,0.7009368669986724,1,False
74534,0.7009242177009583,1,True
76933,0.7008825540542603,1,True
93821,0.7008730733394624,1,False
92916,0.7008687877655029,1,False
46866,0.7008581507205963,1,True
36980,0.7008487939834595,1,True
42451,0.7008438754081726,1,False
86371,0.7008318996429443,1,False
83785,0.7008239209651947,1,False
67696,0.7007946574687958,1,True
62041,0.7007856667041779,1,True
76715,0.7007758188247681,1,True
80990,0.7007739567756652,1,True
13133,0.7007660472393036,1,True
48363,0.7007251214981078,1,True
22538,0.7006642186641694,1,True
12696,0.700646677017212,1,True
38049,0.7006164836883545,1,True
52648,0.7006021773815154,1,True
46257,0.7005225241184234,1,True
68640,0.7004974889755249,1,True
22976,0.7004800653457641,1,True
53835,0.7004790818691253,1,True
22993,0.7003940796852112,1,True
99286,0.7003698134422303,1,True
99171,0.700326406955719,1,True
62213,0.7002398347854615,1,True
53458,0.7002203357219696,1,True
39647,0.7001784551143646,1,True
22962,0.7001418137550355,1,True
79828,0.7001365876197815,1,True
57525,0.700126166343689,1,False
47926,0.7001078975200653,1,True
83722,0.7000801587104797,1,True
37434,0.7000798964500428,1,True
33795,0.7000714206695557,1,True
68735,0.7000313639640808,1,True
82798,0.6999832236766815,1,False
52566,0.6999782705307007,1,True
48664,0.699929313659668,1,True
82639,0.6999033331871033,1,False
38692,0.6998924541473388,1,True
12775,0.6998705089092254,1,False
2999,0.6998477458953858,1,True
62204,0.6998289501667023,1,True
25475,0.6998093712329865,1,True
32910,0.6997866177558899,1,True
53687,0.6997815990447998,1,True
72878,0.6997429919242859,1,True
82887,0.6997243189811706,1,False
28196,0.6997105801105499,1,True
66822,0.6996790170669556,1,True
77896,0.6996786308288574,1,True
92850,0.6996756458282472,1,True
95682,0.6996574175357819,1,True
73699,0.6996541535854339,1,False
2694,0.6996408593654633,1,False
67775,0.6996277618408203,1,False
46706,0.6995772647857665,1,True
89400,0.6994604647159577,1,True
66972,0.6994508302211762,1,False
46442,0.6994463288784027,1,False
98602,0.6994402647018433,1,True
12388,0.6994358372688294,1,False
3839,0.6994120872020722,1,True
23807,0.6993560206890106,1,True
69792,0.6993177974224091,1,True
16536,0.6993067741394043,1,True
27982,0.6992934632301331,1,True
43719,0.6992873013019562,1,True
34953,0.6992681384086609,1,True
22170,0.699214563369751,1,True
73134,0.6992006516456604,1,True
63674,0.6991999971866607,1,True
93136,0.6991889023780823,1,False
39131,0.6991763937473296,1,True
68212,0.6991075170040131,1,True
83959,0.6990751898288727,1,True
57513,0.6990628230571747,1,False
22995,0.6990617835521697,1,True
72818,0.6990302288532257,1,False
58398,0.699018394947052,1,True
29959,0.6990131688117981,1,True
4806,0.6990047752857208,1,False
362,0.6989982748031616,1,True
22846,0.6989352369308472,1,False
36985,0.6989129662513733,1,True
45882,0.6989008104801178,1,False
28903,0.6988345420360564,1,True
2572,0.698814035654068,1,True
18862,0.6988008868694305,1,True
4619,0.6987838315963746,1,False
57924,0.6987372457981109,1,False
88641,0.698714575767517,1,True
16636,0.6986585581302642,1,True
67465,0.6986550939083099,1,False
47984,0.6985874259471894,1,True
3495,0.6985713469982147,1,True
28765,0.6985590493679046,1,True
86951,0.698524100780487,1,True
92218,0.6985218143463134,1,False
89716,0.69840141415596,1,True
32855,0.6983533096313477,1,True
32085,0.698348160982132,1,True
33998,0.6982751595973968,1,True
42570,0.698257747888565,1,True
3841,0.698256767988205,1,True
19696,0.6982496821880341,1,True
82818,0.6982460689544678,1,True
22182,0.6982409071922302,1,False
12628,0.6982407212257385,1,True
93832,0.6982269370555878,1,True
62832,0.6982081961631774,1,False
76974,0.6981766927242279,1,False
26988,0.6981663095951081,1,False
28730,0.6981574177742005,1,True
70152,0.6981504869461059,1,True
88837,0.6981193435192108,1,True
52996,0.6980948626995087,1,True
70676,0.6979992318153381,1,True
59550,0.6979895651340484,1,True
68828,0.6979821407794953,1,True
23557,0.6978969848155976,1,True
37969,0.697888777256012,1,True
18389,0.6978705728054047,1,True
49340,0.6978699457645416,1,True
46698,0.6976937413215637,1,True
33335,0.6976503348350525,1,False
48913,0.6976428210735321,1,True
17817,0.6975953578948975,1,False
54603,0.6975663173198701,1,True
92454,0.697485078573227,1,False
92957,0.6974435734748841,1,True
93981,0.6974341344833375,1,True
37600,0.697392282485962,1,False
2426,0.6973423445224762,1,True
74980,0.6973085153102875,1,False
20523,0.6972858130931854,1,True
93807,0.6972570323944092,1,True
40513,0.6972260499000549,1,True
29148,0.6972218871116638,1,True
42617,0.6971836876869202,1,True
88446,0.6971805953979493,1,True
23843,0.6971465861797332,1,True
49580,0.6971438944339752,1,True
27978,0.6971310710906982,1,True
27964,0.6970215451717376,1,True
27921,0.6970131731033324,1,True
72830,0.6970067059993743,1,False
43986,0.6969959843158722,1,False
73837,0.6969567251205444,1,True
13868,0.6969452726840972,1,False
82720,0.6969386672973632,1,True
25947,0.6969255077838898,1,False
67754,0.6969119429588317,1,True
98739,0.696893231868744,1,True
42190,0.6968794000148772,1,True
6442,0.6968688297271728,1,True
63793,0.6968405711650849,1,True
5954,0.6968286836147308,1,True
2964,0.6967937302589416,1,True
3290,0.6967746305465699,1,True
13154,0.6967734432220459,1,True
14888,0.6966829776763916,1,True
14919,0.6966216325759887,1,False
63262,0.6965575754642487,1,False
94370,0.6965420019626618,1,True
41740,0.6965145397186279,1,True
4815,0.696475043296814,1,False
16915,0.6964661347866059,1,True
42132,0.6964563810825348,1,True
77278,0.6964245820045472,1,False
27835,0.6964075207710266,1,False
6978,0.6963886201381684,1,False
19776,0.6963814103603363,1,True
3481,0.6963485765457154,1,False
33857,0.6963392782211304,1,True
82405,0.6963107407093048,1,False
32924,0.6962751829624176,1,False
26839,0.6962741851806641,1,True
55817,0.6962634575366974,1,True
89016,0.6962234330177307,1,True
28942,0.6961794531345367,1,True
77780,0.6961720788478851,1,True
58832,0.6961246192455292,1,True
68711,0.6961106407642365,1,True
26139,0.696089016199112,1,True
72438,0.6960724914073944,1,True
3845,0.6959995186328888,1,True
63990,0.6959792327880859,1,True
24108,0.6959688138961793,1,True
53181,0.6959647035598755,1,True
62734,0.6959282350540161,1,False
73812,0.695911363363266,1,False
7925,0.6958822786808014,1,True
92396,0.6958781814575195,1,False
46314,0.6958657133579254,1,True
47547,0.6958478236198425,1,False
78470,0.6958385062217712,1,True
50966,0.6957712376117706,1,True
3264,0.6957251513004303,1,False
22342,0.695715103149414,1,True
78910,0.69568981051445,1,True
32405,0.6956833171844483,1,False
22205,0.695681289434433,1,False
13781,0.6956799614429474,1,False
46317,0.6956525528430939,1,True
7157,0.6956447422504425,1,True
72214,0.695642718076706,1,True
9823,0.6956382966041565,1,True
94984,0.6956203556060792,1,False
93998,0.6956155455112457,1,False
3785,0.695586359500885,1,True
28761,0.6955808866024018,1,True
19983,0.695569533109665,1,True
77969,0.6955115699768066,1,False
73885,0.6954894554615021,1,True
92993,0.6954364311695099,1,False
22915,0.6954296875,1,True
3997,0.6954110789299011,1,True
10928,0.6954062318801879,1,True
3755,0.6954054892063141,1,False
19362,0.6953588879108429,1,True
32466,0.695284069776535,1,False
64890,0.6952425849437713,1,True
78278,0.6952324450016022,1,True
73447,0.6951957094669342,1,False
17882,0.6951917397975922,1,False
66960,0.6951809930801391,1,False
53379,0.695154938697815,1,False
77025,0.6951440262794495,1,True
88424,0.695139479637146,1,True
32480,0.6950975775718689,1,False
22234,0.6950759565830231,1,False
18765,0.6950576901435852,1,True
62722,0.6950374162197113,1,True
28695,0.6950363683700562,1,True
7851,0.695030506849289,1,False
46668,0.6950259304046631,1,True
32393,0.6950237107276916,1,True
98149,0.6950101816654206,1,True
47788,0.6950036919116973,1,False
93297,0.6949920988082885,1,True
36552,0.6949703216552734,1,True
68272,0.6949637186527252,1,True
64514,0.6949264323711395,1,True
85587,0.6949194383621216,1,True
13999,0.6949142062664032,1,True
17884,0.6948855602741242,1,False
63663,0.6948535704612733,1,False
92512,0.6946984004974366,1,True
83333,0.6946847414970398,1,True
92961,0.6946281170845032,1,True
16334,0.694610686302185,1,True
83970,0.6945816421508789,1,True
69330,0.6945560348033906,1,True
2905,0.6945548033714295,1,True
43811,0.6945517897605896,1,True
57956,0.6945099425315857,1,True
26758,0.6945034682750701,1,False
34431,0.6945025968551636,1,False
97899,0.694469404220581,1,True
43940,0.6944689178466796,1,False
52991,0.6944601237773895,1,True
14205,0.694381902217865,1,True
52143,0.6943422210216522,1,True
87876,0.6942820584774017,1,False
82952,0.6942629444599151,1,True
67631,0.694237654209137,1,True
11691,0.6942062377929688,1,True
67788,0.6941938960552216,1,False
56510,0.6941934311389923,1,True
66510,0.6941839492321014,1,True
73879,0.6941565942764283,1,False
16558,0.6940767109394074,1,True
8750,0.6940722668170929,1,True
94928,0.6940715944766997,1,True
53995,0.6940655469894409,1,False
23282,0.694021441936493,1,True
53613,0.694020916223526,1,False
85804,0.6940169596672059,1,False
22981,0.6939492762088776,1,False
43769,0.6939322292804718,1,False
16941,0.6938708567619324,1,True
57964,0.6938438630104065,1,True
69948,0.6938376855850219,1,True
4849,0.6938041746616364,1,True
92937,0.6938038790225982,1,True
83519,0.6937571156024933,1,True
79260,0.6937292265892029,1,True
32979,0.6937121689319611,1,False
53842,0.6936879694461823,1,True
79332,0.6936545896530151,1,True
72415,0.6936379551887513,1,True
88440,0.6935938000679016,1,True
2647,0.693578896522522,1,False
3855,0.693475227355957,1,False
85781,0.6934655201435089,1,False
23216,0.6934502387046815,1,True
93475,0.6934292900562287,1,False
9940,0.6934171426296234,1,True
58208,0.6934058356285095,1,True
69810,0.6933715295791626,1,True
96742,0.6933496642112732,1,True
62499,0.6933020281791686,1,False
33639,0.6932736229896546,1,False
35812,0.6932659077644348,1,False
25940,0.6932157361507416,1,False
68242,0.6931402909755706,1,True
42220,0.6930995535850525,1,True
92939,0.6930848062038422,1,True
6952,0.693068220615387,1,True
72869,0.6930514311790466,1,True
2831,0.6930441105365753,1,False
18707,0.6930397379398345,1,True
22494,0.6930371999740601,1,True
67981,0.6929484760761261,1,True
28467,0.6929385471343994,1,True
54852,0.6929358267784118,1,False
87786,0.6929092419147491,1,False
65999,0.6928743195533753,1,True
73177,0.6928713989257813,1,True
2937,0.6928590726852417,1,False
73965,0.6928453588485718,1,True
79294,0.692842036485672,1,True
26968,0.6928412663936615,1,True
52153,0.6928332149982452,1,True
42817,0.6927752315998077,1,True
17828,0.6927628886699677,1,True
2852,0.6926916110515595,1,False
67206,0.6926885926723481,1,True
62821,0.6926659750938415,1,True
22774,0.692646827697754,1,False
18916,0.6926347219944,1,True
90521,0.6926144111156464,1,True
77764,0.6925999414920807,1,True
90718,0.6925998389720917,1,True
28427,0.6925877869129181,1,True
98702,0.6925834488868714,1,True
26504,0.6925467693805695,1,True
92541,0.6925337624549865,1,True
82995,0.6925243270397187,1,True
59519,0.6925126242637634,1,True
70192,0.6924092197418212,1,True
36869,0.692356264591217,1,False
93195,0.692353664636612,1,True
52997,0.6923506343364716,1,True
66672,0.6923167550563812,1,True
82981,0.6923092436790467,1,False
46617,0.6922928857803345,1,False
2614,0.6922570371627808,1,True
92405,0.6922246968746185,1,True
6737,0.6921794545650481,1,True
13687,0.6921208477020264,1,False
20254,0.6920895946025849,1,False
8184,0.6920846867561341,1,True
86929,0.6920823097229004,1,False
82888,0.6920822477340698,1,False
46875,0.6920742857456208,1,False
88828,0.6920421051979064,1,True
12821,0.6920022535324097,1,False
35999,0.6919870507717132,1,True
97366,0.6919435966014862,1,True
33042,0.6919357931613922,1,True
83995,0.6918809521198273,1,True
22591,0.6918615281581879,1,False
63969,0.6918465578556061,1,True
59646,0.6918391215801238,1,True
46989,0.6918299782276154,1,False
33449,0.6918261444568634,1,True
42950,0.691756933927536,1,True
72035,0.6917113816738129,1,True
89575,0.6916991651058197,1,True
46897,0.6916926324367523,1,False
66957,0.6916678524017335,1,False
25590,0.6916503381729127,1,False
1922,0.6916378355026245,1,True
75843,0.6916347897052765,1,False
93239,0.691631692647934,1,True
39170,0.6916185224056244,1,True
58239,0.6915788912773133,1,True
42730,0.6915694618225098,1,True
23442,0.6915412759780883,1,False
43938,0.6915179252624511,1,False
47958,0.6915000951290131,1,True
53343,0.6914672422409057,1,True
7936,0.6914623796939849,1,True
36202,0.6914108324050903,1,True
95050,0.69139639377594,1,True
24268,0.6913727223873138,1,True
29262,0.6913654923439025,1,True
83992,0.6913287270069122,1,True
9541,0.6912870562076568,1,True
21589,0.6912490117549897,1,True
7953,0.6912335026264191,1,True
3950,0.6912283909320831,1,False
99455,0.691208324432373,1,False
59954,0.6911862647533417,1,True
92688,0.6911840617656708,1,True
27848,0.6911501240730286,1,True
92019,0.69110884308815,1,True
9534,0.6911063659191132,1,True
13720,0.6910978305339813,1,True
53426,0.6910581159591674,1,False
23418,0.6910482490062714,1,True
53997,0.6910255408287048,1,True
93979,0.6909692335128784,1,True
32971,0.6909497427940369,1,True
83509,0.690928317308426,1,False
2632,0.6909167933464051,1,False
57879,0.690880366563797,1,False
66513,0.6908668172359467,1,False
42143,0.6908540904521943,1,False
87914,0.6908356487751007,1,False
72057,0.6908305644989013,1,True
13856,0.6907412278652192,1,False
97987,0.6906975722312927,1,True
31656,0.6906953430175782,1,True
37966,0.6906601858139039,1,True
76215,0.6906522476673127,1,True
47694,0.6906101560592651,1,True
43839,0.6905848503112793,1,True
59252,0.690573353767395,1,True
69687,0.6905444502830506,1,True
13995,0.6905309820175171,1,False
66851,0.6905304300785065,1,False
59937,0.6904791688919067,1,False
46732,0.6904714465141296,1,False
32954,0.6904356420040131,1,True
47901,0.6904084753990174,1,False
32131,0.6904048681259155,1,True
9241,0.6903580546379089,1,True
38912,0.6903563189506531,1,True
16718,0.6903268969058991,1,True
27890,0.6903224575519562,1,True
41950,0.6902361547946929,1,True
33934,0.6902196455001831,1,False
92870,0.6901887345314026,1,False
34701,0.6901387476921081,1,False
84998,0.6900771582126617,1,True
98940,0.6900771105289459,1,False
78423,0.6900599014759063,1,True
28948,0.6900421452522278,1,True
88316,0.6900162935256958,1,True
27385,0.6899983429908753,1,True
62892,0.6899832892417908,1,False
32479,0.6899810338020325,1,True
3197,0.6899507248401642,1,True
15958,0.6899378371238709,1,False
63978,0.6899274790287018,1,True
93362,0.6899111247062684,1,True
53299,0.6899083042144776,1,True
95752,0.6898842906951904,1,False
29909,0.6898625361919404,1,True
99896,0.6898592615127563,1,False
23678,0.6897909975051879,1,True
70578,0.6897886574268342,1,True
79727,0.6897886466979981,1,True
7700,0.6897884368896484,1,True
79124,0.689762282371521,1,True
73934,0.6897502160072326,1,True
87956,0.6896874368190765,1,False
22567,0.6896353960037231,1,False
35093,0.6896044898033142,1,True
799,0.6895705139636994,1,True
82678,0.6894972681999206,1,True
33461,0.6894880270957947,1,True
2966,0.6894833362102508,1,True
26731,0.6894663000106811,1,False
2780,0.6894601500034332,1,True
92508,0.6894595408439637,1,True
27974,0.6894526982307434,1,False
42973,0.6894495987892151,1,False
2689,0.689438853263855,1,False
13586,0.6894331443309785,1,True
44502,0.6894183218479156,1,True
83154,0.6893633830547332,1,True
70664,0.6893372893333435,1,True
87973,0.6893302297592163,1,True
88397,0.6893280184268951,1,True
15997,0.6892866861820222,1,True
52887,0.6892849850654602,1,True
28754,0.689273201227188,1,True
92316,0.6892602777481078,1,True
19248,0.6892176926136017,1,True
67985,0.6892154645919799,1,True
9694,0.6891827726364136,1,True
33351,0.6891800940036774,1,True
52995,0.6891743004322052,1,True
85898,0.6891393733024598,1,True
83275,0.6891257882118225,1,True
92994,0.6890782392024994,1,True
39473,0.689063937664032,1,True
37648,0.6889844930171967,1,True
53833,0.6889515173435211,1,True
62186,0.6889418256282807,1,True
9853,0.6889145135879516,1,True
28696,0.6889044380187987,1,True
62085,0.6889014911651612,1,False
70577,0.6888972580432892,1,True
69631,0.6887987613677978,1,True
72662,0.6887910425662994,1,False
58943,0.6887766790390015,1,True
90453,0.6887702608108521,1,True
53856,0.6887297570705414,1,False
87858,0.6887272763252259,1,True
43376,0.6887170529365539,1,True
33979,0.6887039256095886,1,True
79131,0.6886863088607789,1,True
41531,0.688685222864151,1,True
15112,0.6886829018592835,1,True
13818,0.6886686503887176,1,True
73739,0.688661425113678,1,True
45833,0.6886609005928039,1,False
63985,0.6886574625968933,1,True
32808,0.6886564004421234,1,False
72915,0.688645430803299,1,False
31808,0.6886403799057007,1,True
86829,0.6886359548568726,1,True
82635,0.6886083626747131,1,True
36298,0.6886067080497742,1,True
46865,0.6885675501823425,1,False
17814,0.6884781587123872,1,True
32841,0.6884763133525849,1,True
98946,0.6884741830825806,1,True
53405,0.688458069562912,1,False
87979,0.6884033691883087,1,True
13865,0.6883919370174407,1,True
76886,0.6883764517307281,1,True
92557,0.6883726716041565,1,True
67425,0.688370589017868,1,True
93639,0.6883348071575165,1,False
29168,0.6883227634429931,1,False
52876,0.6883190989494323,1,True
73881,0.6883160555362702,1,False
78227,0.6883009254932404,1,True
48879,0.6882838308811188,1,True
88759,0.6882263469696045,1,True
66791,0.68822199344635,1,True
28894,0.6881442308425904,1,False
29269,0.688132905960083,1,True
94500,0.6881115305423737,1,True
89961,0.6881008148193359,1,True
73661,0.6880828154087066,1,False
96992,0.6880725979804992,1,True
42926,0.6880589735507965,1,False
12415,0.6880585420131683,1,False
29249,0.6880544054508209,1,True
63365,0.6880232238769531,1,True
26960,0.6880115020275116,1,True
26536,0.688000408411026,1,True
92273,0.6879940783977508,1,True
62975,0.687956063747406,1,True
8239,0.6879239869117737,1,True
93538,0.6879121255874634,1,True
27985,0.6878905498981476,1,True
77642,0.6878174030780793,1,True
93344,0.6877880668640137,1,True
72867,0.6877585709095001,1,True
67556,0.6877215552330017,1,True
51927,0.6877071499824524,1,True
2088,0.6876938021183014,1,True
23943,0.6876884615421295,1,True
13952,0.6876842164993286,1,False
42997,0.6876608335971832,1,True
3344,0.6876197385787963,1,True
17505,0.687619240283966,1,True
9328,0.6875864219665527,1,True
16933,0.6875764179229736,1,False
12162,0.6875563824176789,1,False
43288,0.6874822628498077,1,True
46343,0.6874707746505737,1,True
63124,0.6873926270008087,1,True
18964,0.6873644971847535,1,True
80589,0.6873405694961547,1,True
46422,0.6873157596588135,1,True
49889,0.6872719204425812,1,True
32740,0.6872402966022492,1,True
93488,0.6872187256813049,1,False
57441,0.6872004508972168,1,False
33428,0.6871857190132141,1,True
73427,0.6871652066707611,1,True
92996,0.6871486830711364,1,True
88827,0.6871389639377594,1,False
32486,0.6871104109287263,1,False
12998,0.6870717310905456,1,True
52136,0.6870549499988556,1,True
61927,0.6870509922504425,1,True
3980,0.6870379638671875,1,False
13888,0.687034901380539,1,False
56114,0.6869911384582519,1,True
53850,0.6869248068332672,1,True
99212,0.6869189500808716,1,True
47556,0.6869153344631196,1,False
97748,0.6868869483470916,1,True
16987,0.6868821597099304,1,True
99945,0.6868583118915558,1,True
3135,0.6868367981910706,1,True
92073,0.6867552018165588,1,True
36991,0.6867482495307922,1,True
52999,0.6866850757598877,1,False
82740,0.6866637003421783,1,False
92932,0.6866360533237457,1,True
72866,0.6866032838821411,1,True
22221,0.6865828311443329,1,True
13527,0.6865719759464264,1,True
23076,0.6865290081501008,1,True
27820,0.6865280842781067,1,True
26546,0.6864957022666931,1,False
33159,0.6864692437648773,1,True
3748,0.6864672112464905,1,False
75803,0.6864270305633544,1,False
12999,0.6863998234272003,1,True
82027,0.6863916850090027,1,True
43229,0.6863304722309113,1,False
88263,0.6863027513027191,1,True
58880,0.6862948930263519,1,True
29034,0.6862934339046478,1,True
18892,0.6862753045558929,1,False
13810,0.6862126660346985,1,False
63314,0.6862096548080444,1,False
97753,0.6861858594417571,1,True
85047,0.6861732482910157,1,True
16908,0.6861701011657715,1,True
58717,0.6861691439151765,1,True
22227,0.6861668455600738,1,True
53949,0.6861586749553681,1,True
16951,0.686151338815689,1,True
26458,0.6861028349399567,1,True
87424,0.6861024332046508,1,True
22435,0.6860589635372162,1,False
8708,0.6860242390632629,1,True
93359,0.6859998190402985,1,True
84994,0.6859666335582733,1,False
92713,0.6859550440311433,1,False
89750,0.6859055638313294,1,False
38940,0.6859004294872284,1,False
53134,0.6858775568008423,1,True
15489,0.6858566439151763,1,True
22346,0.6858555102348327,1,False
87771,0.6858018267154693,1,True
53931,0.6856841409206391,1,False
10700,0.685679692029953,1,False
43316,0.6856576704978943,1,True
3111,0.6856398570537567,1,True
22811,0.6856037855148316,1,True
66668,0.6855848062038421,1,True
96961,0.6855717122554779,1,False
23654,0.6855715608596802,1,False
13905,0.6855396342277527,1,True
74994,0.68543381690979,1,True
66938,0.6853989255428314,1,True
23824,0.68538130402565,1,True
72634,0.6853646326065064,1,True
42951,0.6853484201431275,1,True
74916,0.6853331565856934,1,False
67699,0.6852568733692169,1,True
43876,0.6852310717105865,1,True
43989,0.6852246379852295,1,True
94172,0.6850915801525116,1,True
83986,0.6850700950622559,1,True
53466,0.6850700151920319,1,True
63572,0.6850469982624054,1,False
89076,0.6850342619419099,1,True
71636,0.6850053310394287,1,True
93707,0.6849971008300781,1,False
73637,0.6849174630641937,1,True
11486,0.6849129021167755,1,True
64851,0.6848382365703582,1,True
68598,0.6848072171211242,1,False
83155,0.6847586214542389,1,True
68039,0.6847530174255372,1,True
96575,0.6847078776359559,1,False
63795,0.6846994125843048,1,False
62310,0.684649646282196,1,False
29960,0.6846220672130585,1,True
43310,0.6846101224422455,1,True
44738,0.6845942294597626,1,True
76985,0.6845891904830932,1,False
74952,0.6845798552036285,1,False
27743,0.6845766746997833,1,True
82983,0.6845594573020934,1,True
92954,0.6845119833946228,1,False
59905,0.684483003616333,1,True
49380,0.6844815182685853,1,True
86965,0.684478509426117,1,False
92890,0.6844317412376404,1,False
77550,0.6844046986103058,1,True
48995,0.6843790507316589,1,True
28853,0.6843766295909881,1,True
8798,0.6843577671051025,1,False
16364,0.6843032252788543,1,False
63441,0.6842825651168823,1,True
37246,0.6842650699615478,1,True
52837,0.6842385661602021,1,False
39896,0.6841930985450745,1,False
53626,0.6841907119750976,1,True
83288,0.6841334843635559,1,True
65770,0.684127277135849,1,False
43533,0.6841122508049011,1,False
52844,0.6840928602218628,1,True
79633,0.6840451169013977,1,True
32810,0.6839645743370056,1,True
90068,0.6839306724071503,1,True
87992,0.683926876783371,1,False
6747,0.683917144536972,1,True
10830,0.6838812553882598,1,True
14653,0.6838780701160431,1,False
43160,0.6838180863857269,1,False
25906,0.6837853097915649,1,True
52029,0.6837698817253113,1,True
23586,0.6837528991699219,1,False
17390,0.6837013161182404,1,True
47150,0.6836867570877075,1,True
59780,0.6836272513866424,1,True
17970,0.6836125361919403,1,True
76971,0.6836099433898926,1,True
38850,0.683598735332489,1,True
85969,0.683581886291504,1,True
63876,0.683534516096115,1,True
2264,0.6835153198242188,1,True
68808,0.6834865033626556,1,True
64014,0.6834710025787354,1,True
12997,0.6834198987483978,1,True
2827,0.6834180128574372,1,True
52013,0.6833930623531341,1,True
42239,0.6833864212036133,1,False
99877,0.6833101522922516,1,True
33493,0.6832651114463806,1,True
77154,0.6832536315917969,1,True
1657,0.6832495391368866,1,True
63935,0.6832191395759583,1,False
22950,0.6831835806369781,1,True
36986,0.6831568193435669,1,True
17287,0.6831448531150818,1,True
26426,0.6831319940090179,1,True
26491,0.68309152841568,1,False
29364,0.6830750012397766,1,True
84259,0.6830686926841736,1,False
9620,0.6830650913715363,1,True
72974,0.6830506765842438,1,False
37974,0.6830351185798644,1,False
39830,0.683033173084259,1,False
92730,0.6830312693119049,1,True
83927,0.6829712927341461,1,False
43856,0.6829165339469909,1,True
78771,0.6828920328617096,1,False
73690,0.6828764390945434,1,True
46676,0.6828594386577607,1,True
5163,0.6827906572818756,1,False
22978,0.6827446985244752,1,True
81690,0.6827295088768006,1,True
69859,0.6827275133132935,1,True
89780,0.6827230107784271,1,True
55991,0.6827168965339661,1,False
67426,0.6827000367641449,1,True
42260,0.6826803767681122,1,True
59689,0.6826743626594544,1,True
22387,0.6826636445522308,1,True
69833,0.6826626634597779,1,True
99956,0.6826524841785431,1,False
77968,0.6826303923130035,1,True
43974,0.6826264321804046,1,True
50275,0.6826257562637329,1,True
92633,0.6826162159442901,1,False
12634,0.6826049041748047,1,False
12886,0.6825562524795532,1,False
29983,0.6825441229343414,1,False
93035,0.682535275220871,1,True
25901,0.6825249111652374,1,False
78224,0.6824925827980042,1,True
84724,0.6824468457698822,1,False
36702,0.6824393820762634,1,True
83946,0.6824152255058289,1,True
92529,0.6823838520050048,1,False
4997,0.6823821067810059,1,False
92318,0.6822550511360168,1,True
56988,0.6822424590587616,1,True
16699,0.6822419881820678,1,True
25869,0.6822292637825011,1,False
3840,0.6821666371822357,1,True
12916,0.6821574139595032,1,False
32692,0.6821506667137146,1,True
39037,0.6821335649490357,1,True
37983,0.6820528495311737,1,False
87702,0.6819912266731263,1,True
35294,0.6819179034233094,1,False
29869,0.6819029617309571,1,True
47782,0.6818863189220428,1,False
68773,0.6818719696998596,1,False
912,0.6818398869037627,1,True
52907,0.6817938256263734,1,True
96196,0.6817903411388397,1,True
97061,0.6817647790908814,1,True
82341,0.6817533838748933,1,True
12608,0.6817377519607544,1,True
46945,0.6817258417606353,1,True
19977,0.6817134606838227,1,True
40930,0.6816472077369691,1,True
82949,0.6816322243213653,1,True
49912,0.6815741741657257,1,False
78970,0.6815373289585114,1,True
91769,0.6815181279182434,1,True
61490,0.6814903140068054,1,True
90953,0.6814879333972931,1,True
42944,0.6814393973350525,1,False
13222,0.6814385175704956,1,True
65745,0.6813970911502838,1,True
78361,0.6813966703414918,1,True
18803,0.6813828766345977,1,True
47990,0.6813650786876678,1,True
8868,0.6813431191444397,1,True
87927,0.6813185012340546,1,True
12988,0.681317367553711,1,True
2919,0.6812706756591798,1,False
2837,0.6812633764743805,1,True
53526,0.6812628078460694,1,False
11329,0.6812484490871429,1,True
12029,0.6812463164329529,1,True
36834,0.6812436854839325,1,False
77505,0.6812371516227722,1,True
67572,0.6811803781986236,1,True
83221,0.6811768734455108,1,True
63837,0.6811590111255645,1,True
36850,0.6811478769779205,1,True
28898,0.6811159181594848,1,True
92614,0.6811100590229034,1,False
93583,0.6810390150547028,1,False
87986,0.6810389339923859,1,False
68886,0.6810260927677154,1,True
3930,0.6810189604759216,1,True
62833,0.6810110521316528,1,False
89298,0.6809455335140229,1,True
57903,0.680921493768692,1,True
7972,0.6808854055404663,1,False
856,0.6808751225471497,1,True
23739,0.6808552968502044,1,False
52990,0.6808458399772644,1,True
28871,0.6807514381408691,1,True
68670,0.6806767857074738,1,True
85890,0.6806621897220612,1,False
92106,0.6806567978858948,1,True
34987,0.6806419789791107,1,False
77823,0.6806310689449311,1,True
77752,0.6806292974948883,1,True
83287,0.6806278204917908,1,True
76981,0.6805917036533355,1,False
59232,0.680589463710785,1,True
22849,0.6805442833900452,1,False
79404,0.6805419719219208,1,True
99210,0.6805348348617554,1,True
78805,0.6805346202850342,1,True
2686,0.6805136895179749,1,False
62267,0.68047886967659,1,True
57735,0.6804787385463715,1,False
36845,0.6804139935970306,1,True
96978,0.6804041969776153,1,False
62871,0.6803416574001313,1,True
42804,0.6803312218189239,1,True
75195,0.6803197503089905,1,True
33491,0.6802176332473755,1,False
86822,0.6801739645004272,1,True
72851,0.6801540553569794,1,False
37506,0.6801300871372222,1,True
38400,0.6801050961017608,1,True
53246,0.6800883972644806,1,True
8909,0.6800655782222748,1,True
3606,0.6800641262531281,1,False
73251,0.6799034416675568,1,True
72955,0.6798597645759583,1,True
3572,0.6798587381839752,1,False
7440,0.6798491311073303,1,False
50547,0.67983846783638,1,True
8774,0.6798348188400268,1,False
32732,0.6798254859447479,1,True
87918,0.6797978079319,1,True
83994,0.679792457818985,1,True
53624,0.6797461700439453,1,False
44663,0.6797366905212403,1,False
54973,0.6796897864341735,1,False
38675,0.6796792507171631,1,False
93863,0.6796567690372467,1,True
93982,0.6796501791477203,1,True
82976,0.6796175599098205,1,True
60898,0.6796125042438508,1,False
40860,0.679581937789917,1,False
5992,0.6795748925209045,1,False
82958,0.6795578789710999,1,False
78918,0.6795257246494293,1,True
69813,0.6795090448856353,1,False
27975,0.67944460272789,1,False
26952,0.6794431555271149,1,True
12989,0.6794331991672515,1,False
76572,0.6794319343566895,1,True
82885,0.6793926119804382,1,False
12659,0.679332572221756,1,False
23882,0.67932856798172,1,False
7616,0.6793048822879791,1,False
12978,0.67926029920578,1,True
93894,0.6792560625076294,1,True
67666,0.6792117834091187,1,True
52542,0.6791892850399017,1,False
21887,0.679073840379715,1,True
33957,0.6790561890602111,1,True
43183,0.6790429639816284,1,True
757,0.6789665126800537,1,True
16132,0.6789428031444549,1,True
28782,0.6788972699642182,1,True
67962,0.6788584887981415,1,True
44840,0.6788049924373627,1,False
82244,0.6787914073467255,1,True
93895,0.6787312912940979,1,True
72885,0.6787292540073395,1,False
17785,0.6787175571918487,1,False
16819,0.678709077835083,1,False
78255,0.6786961114406586,1,True
82997,0.6786943709850312,1,True
42968,0.6786811685562133,1,False
47950,0.6786270463466644,1,True
58163,0.6786008143424989,1,True
96770,0.6785655510425568,1,False
3061,0.6785513627529145,1,True
4892,0.6785176181793213,1,False
43752,0.6784962296485901,1,False
47991,0.6784715247154236,1,True
22762,0.6784366488456726,1,False
98957,0.6784266865253448,1,True
17205,0.6784239029884338,1,True
99193,0.6784080457687378,1,True
79342,0.6783265233039856,1,True
17950,0.6782699978351593,1,False
40502,0.6782520031929016,1,True
98453,0.6782497560977936,1,False
57683,0.6781693279743195,1,True
27615,0.6781539916992188,1,True
87984,0.6780994832515717,1,False
80113,0.6780276727676391,1,True
7986,0.6780160307884217,1,False
92854,0.6779794883728028,1,False
17207,0.6779500579833984,1,True
72836,0.6779011809825897,1,True
98811,0.6778898859024047,1,True
32660,0.677830559015274,1,True
97851,0.6778106129169463,1,True
33990,0.6778090333938599,1,True
8971,0.6778040075302124,1,True
86512,0.6777881836891174,1,True
83111,0.6777872061729431,1,True
2765,0.677689801454544,1,True
86383,0.6776736760139466,1,True
6984,0.6776473343372345,1,True
5944,0.67752396941185,1,False
37323,0.6775207126140594,1,True
77257,0.6775129449367523,1,True
7483,0.677468912601471,1,True
39418,0.6774573206901551,1,True
19408,0.6773850154876708,1,True
32429,0.6773305797576905,1,True
89398,0.677326797246933,1,True
56982,0.6773105454444885,1,True
27954,0.6772959411144257,1,True
93897,0.6772870886325837,1,True
73829,0.677280375957489,1,True
27931,0.6772722136974334,1,True
63980,0.6772680509090423,1,True
56802,0.6772221255302429,1,True
47908,0.6771550261974335,1,True
52529,0.6771333527565002,1,True
63931,0.6771041131019593,1,True
42725,0.6770999097824097,1,True
72997,0.6770936977863312,1,True
87965,0.6770823585987091,1,False
93644,0.6770760905742645,1,False
96198,0.6770369005203247,1,True
19987,0.6770179390907287,1,True
52489,0.6770082950592041,1,True
91474,0.67694944024086,1,True
83872,0.6768248248100281,1,False
62438,0.6768106436729431,1,False
77957,0.6767903149127961,1,False
93953,0.6767778062820435,1,True
93927,0.6767590534687042,1,True
8352,0.6767427575588226,1,True
30604,0.6767310702800751,1,True
66678,0.6767209351062775,1,False
33980,0.676680303812027,1,True
68707,0.676652272939682,1,True
67941,0.6766456079483032,1,True
68888,0.676644253730774,1,True
77930,0.6766334164142609,1,False
56991,0.6765802121162414,1,True
29541,0.676542421579361,1,True
2983,0.6765290772914887,1,False
92867,0.6764759004116059,1,True
83619,0.6764751827716827,1,True
26845,0.6764250802993774,1,True
94539,0.6764207136631012,1,True
79850,0.6764172911643982,1,True
48397,0.6764097726345062,1,True
83580,0.6764037239551544,1,True
8553,0.6763901937007903,1,True
31476,0.6763617551326752,1,True
32816,0.67632568359375,1,True
84912,0.6763198113441466,1,False
7698,0.6763039708137513,1,True
71931,0.6762857007980347,1,True
72968,0.6762680232524871,1,True
95932,0.6762378883361817,1,True
23928,0.6762251484394073,1,False
20700,0.6761756038665772,1,True
66164,0.6761631047725678,1,True
58684,0.676160433292389,1,True
67657,0.6761469650268555,1,False
72984,0.6761199772357941,1,True
18998,0.6760548615455628,1,True
27969,0.6760415744781494,1,False
70702,0.6759855127334595,1,True
93992,0.6759417164325714,1,True
12044,0.6759377419948578,1,True
21544,0.6759332156181335,1,True
74489,0.6759263610839843,1,False
19259,0.6759223008155824,1,True
6987,0.6758471882343292,1,True
78353,0.6758278262615204,1,True
23875,0.6757905900478363,1,True
77995,0.6757811820507049,1,False
63504,0.6757753264904023,1,True
92998,0.6756717669963836,1,True
63379,0.6756582689285278,1,True
79963,0.6756473314762115,1,True
16650,0.6756445753574372,1,True
18822,0.6756356203556061,1,True
73979,0.6756338846683503,1,False
18466,0.6755980789661408,1,True
72961,0.6755934953689575,1,True
96970,0.675589908361435,1,True
42962,0.6755650591850281,1,True
23460,0.6754567515850067,1,True
38229,0.6754277062416076,1,True
62897,0.6753856420516968,1,False
59369,0.6753771340847015,1,True
84867,0.6753059840202331,1,False
12275,0.6752681589126587,1,False
97991,0.6752388918399811,1,False
56389,0.6752368831634521,1,False
92250,0.675236234664917,1,False
34999,0.6752357017993926,1,False
23573,0.6752319157123565,1,False
11745,0.6752056789398193,1,True
62874,0.6751818835735321,1,True
68829,0.6751327121257782,1,True
36110,0.675110821723938,1,True
33692,0.6750913071632385,1,True
39658,0.675082929134369,1,True
3682,0.6750581061840057,1,False
3991,0.6750037109851837,1,True
93197,0.6749951040744782,1,True
96988,0.6749621200561524,1,True
29843,0.674952939748764,1,True
33296,0.6749402821063996,1,True
45898,0.6749096894264222,1,False
65951,0.6748979055881501,1,False
92434,0.6748881077766418,1,True
64880,0.6748858857154847,1,False
25829,0.6748858857154847,1,False
97213,0.6748798191547394,1,True
19975,0.6748586928844451,1,True
62484,0.6748229312896729,1,False
36887,0.6747876155376434,1,True
6313,0.6747827756404876,1,True
49767,0.6747790789604187,1,True
36861,0.67474360704422,1,False
17963,0.6747170495986938,1,True
19796,0.6747147381305695,1,True
12533,0.6746863126754761,1,False
78765,0.6746757912635803,1,True
82564,0.6745573210716247,1,False
13986,0.6745495641231537,1,True
82666,0.6744798088073731,1,False
68184,0.6744310176372528,1,True
59602,0.6744141185283661,1,True
73468,0.6744038367271423,1,True
2822,0.674383133649826,1,True
76304,0.6743652665615082,1,True
42830,0.6743615531921388,1,False
13666,0.6743510043621064,1,True
72277,0.6743094682693481,1,True
66441,0.674276750087738,1,True
31723,0.6742565178871155,1,True
66596,0.6742407155036927,1,True
37908,0.6742236185073853,1,True
6909,0.6742155957221985,1,True
76795,0.674186863899231,1,True
76473,0.6741776168346405,1,True
1403,0.6741762137413025,1,True
23820,0.6741531932353974,1,False
32875,0.6741413652896882,1,False
72805,0.674135023355484,1,True
48948,0.6740607762336731,1,True
96559,0.6740401792526245,1,True
59189,0.674039273262024,1,True
52988,0.6740233075618745,1,True
90880,0.6740017867088317,1,True
96990,0.6739867961406707,1,True
85993,0.6739304542541504,1,False
28937,0.673912169933319,1,True
87184,0.673903557062149,1,True
38590,0.6738955175876618,1,True
39300,0.6738732528686524,1,False
27677,0.6738634705543518,1,False
89583,0.6738168811798095,1,True
71889,0.6738156616687775,1,True
57986,0.6737741303443909,1,True
69438,0.6737564027309417,1,True
3076,0.6737448740005494,1,False
60873,0.6737432384490967,1,True
5624,0.6737268209457398,1,False
25785,0.6736904466152192,1,False
32792,0.6735959565639495,1,False
2806,0.6735944247245789,1,False
34996,0.6735854601860046,1,False
49534,0.6735470664501191,1,True
72765,0.6735117661952972,1,True
7510,0.673506453037262,1,True
27176,0.6734979796409607,1,True
99407,0.673470014333725,1,True
8281,0.6734571421146394,1,True
97938,0.6734348714351654,1,False
89351,0.6733918166160584,1,True
32638,0.6733863461017608,1,True
40384,0.673379613161087,1,True
40476,0.6733716535568237,1,True
50195,0.6733639585971832,1,True
26237,0.6733280432224273,1,True
33975,0.6732213032245635,1,False
93705,0.6731677711009979,1,False
12899,0.6731575596332551,1,True
3796,0.6731306886672974,1,True
23954,0.6731303668022155,1,True
22366,0.6731254899501801,1,True
62983,0.6731222355365754,1,True
99322,0.6731193017959595,1,True
44873,0.6731158375740052,1,False
38201,0.6731075847148895,1,True
1660,0.6731018805503846,1,True
73900,0.6729913246631622,1,False
72146,0.672961277961731,1,True
63916,0.6729415869712829,1,True
9894,0.6728825771808624,1,True
77219,0.6728718948364258,1,True
20145,0.6728228211402894,1,True
82923,0.672822766304016,1,False
69678,0.6728094196319581,1,True
23751,0.6727585709095001,1,False
49997,0.6727544975280761,1,True
87993,0.6727508425712585,1,False
33386,0.6727257132530212,1,True
23808,0.6727217161655425,1,True
3768,0.6727136981487274,1,True
92964,0.6726354837417603,1,False
42992,0.6726066756248474,1,False
16826,0.6725912535190582,1,True
26844,0.6725860607624055,1,True
18955,0.6725849258899689,1,True
72904,0.6725798094272614,1,True
33932,0.6725689709186554,1,True
63875,0.6725412917137146,1,True
58944,0.6725404393672942,1,True
27960,0.6724617683887482,1,False
94067,0.6724213826656342,1,True
68855,0.6724011600017548,1,True
12992,0.6723652935028076,1,True
83764,0.6723556399345398,1,True
66718,0.6722995257377624,1,False
82838,0.6722977781295776,1,True
99990,0.6722951745986938,1,True
96780,0.6721839487552643,1,False
63641,0.6721524429321288,1,False
72950,0.6721442091464996,1,True
16263,0.6721397066116332,1,True
96625,0.6721310186386109,1,False
48989,0.6721160912513733,1,True
22477,0.6721071767807008,1,True
24541,0.6720949018001556,1,False
76729,0.6720938861370087,1,True
92948,0.6720844972133637,1,False
32989,0.6720454692840576,1,True
97990,0.6720210266113281,1,True
39694,0.6720167684555054,1,True
87983,0.6719465136528016,1,True
42800,0.6719238555431366,1,False
48951,0.6718934857845307,1,True
57975,0.6718854594230652,1,False
37978,0.6718512034416199,1,False
82899,0.6718352556228637,1,True
91757,0.6718340170383453,1,True
17768,0.6718291139602661,1,True
88581,0.6717589700222015,1,True
83980,0.6717158019542694,1,True
16970,0.6716997289657594,1,False
83945,0.6716718995571136,1,True
62046,0.6716510450839996,1,True
47976,0.671624652147293,1,False
9961,0.6716101396083831,1,True
2987,0.6715822350978852,1,True
3838,0.6715542769432068,1,True
49837,0.671545113325119,1,True
77994,0.671534411907196,1,True
58183,0.6715096044540405,1,True
36443,0.6714913535118103,1,True
19933,0.6714651966094971,1,False
36185,0.6714643967151641,1,True
7644,0.6714460861682892,1,True
8734,0.6713976907730103,1,True
43908,0.6713769292831421,1,True
57958,0.6713185513019562,1,False
62714,0.6712826883792877,1,False
47474,0.6712544000148774,1,False
86992,0.6712287974357605,1,True
66992,0.6711844968795777,1,False
33726,0.6711719870567322,1,False
98998,0.6711635482311249,1,True
6958,0.6710919451713562,1,False
66613,0.6710437607765198,1,True
52845,0.6710314095020294,1,False
59898,0.6710280919075012,1,False
56935,0.6710260701179505,1,True
11963,0.6710205948352814,1,True
32837,0.6710156226158142,1,False
43835,0.6710142934322357,1,True
36581,0.6710005211830139,1,True
39905,0.6709851360321044,1,True
87320,0.6709569096565247,1,True
66730,0.6709534573554993,1,True
72710,0.6709422218799591,1,True
87524,0.6709114694595337,1,True
78397,0.6708920419216156,1,False
43984,0.6708768975734711,1,False
79330,0.6708419704437256,1,True
96510,0.6708352756500244,1,True
2059,0.6708172142505646,1,True
2570,0.6708141577243805,1,False
77979,0.6707829689979553,1,True
83482,0.6707759833335876,1,False
63915,0.6707670497894287,1,True
62783,0.6707655906677246,1,False
92955,0.6706762683391572,1,False
63929,0.6706197011470795,1,True
64906,0.6705973291397095,1,False
20878,0.6705953824520111,1,True
26819,0.6704784095287323,1,True
13866,0.6704695534706115,1,False
48947,0.6704645848274231,1,True
66964,0.6704609668254853,1,False
72466,0.6704487371444703,1,True
41289,0.6704385912418366,1,True
73986,0.6704119801521301,1,False
75994,0.6704000020027161,1,False
89968,0.670388662815094,1,True
97336,0.6703712236881256,1,True
52764,0.6702922987937927,1,False
78962,0.6702583277225495,1,True
42753,0.6701463901996613,1,False
32992,0.6701155889034272,1,False
94997,0.6701050484180451,1,False
46519,0.6701003515720367,1,True
7347,0.6700469374656677,1,False
27827,0.6700162899494171,1,True
62304,0.6699999129772186,1,False
3897,0.6699363911151885,1,True
81874,0.6698972022533416,1,True
2545,0.6697815310955048,1,True
53971,0.66974174618721,1,True
82996,0.6697319281101226,1,False
52966,0.6696857702732086,1,True
98931,0.6696706759929657,1,True
37980,0.6696638071537018,1,False
53693,0.6696433365345001,1,False
76447,0.6696160912513733,1,True
53868,0.6695912039279938,1,False
70961,0.6695651829242706,1,False
13862,0.6695017158985138,1,False
32683,0.6694948983192444,1,True
98807,0.6694833087921143,1,True
79765,0.6694804954528808,1,True
50213,0.6694789958000184,1,True
17991,0.6694544327259064,1,True
70674,0.6694510555267335,1,False
92845,0.6694287896156311,1,False
66509,0.66938849568367,1,True
3850,0.6693834555149079,1,True
2242,0.6693539619445801,1,True
16013,0.6693377017974853,1,True
82347,0.6692531108856201,1,True
12960,0.6692453145980835,1,False
52969,0.6692009270191193,1,True
46430,0.669190970659256,1,True
3943,0.6691900932788849,1,True
97147,0.6691487693786622,1,True
62862,0.6691440141201019,1,True
93603,0.669128805398941,1,False
11967,0.6690714991092681,1,True
87975,0.6690679001808166,1,True
22484,0.6690641486644745,1,True
69260,0.669015156030655,1,True
97984,0.6690087723731994,1,False
76420,0.668966543674469,1,True
70354,0.6689629924297333,1,True
71987,0.6689482474327088,1,False
12626,0.6689227366447449,1,False
57962,0.6689207649230957,1,True
24260,0.6689184772968293,1,False
46290,0.6688676416873932,1,True
82969,0.6688662111759186,1,False
7990,0.6688659179210663,1,True
10733,0.6688594722747803,1,True
2984,0.6688574934005738,1,True
67902,0.6688050878047943,1,True
12826,0.6687947618961334,1,True
47980,0.6687617182731629,1,False
12067,0.6687356615066529,1,True
51893,0.6687286734580994,1,True
83906,0.6687114346027374,1,False
92818,0.668690732717514,1,False
83843,0.6686803126335144,1,False
53890,0.6686781334877014,1,True
67992,0.6686404633522034,1,True
67944,0.6685872876644134,1,False
79651,0.6685148358345032,1,True
62389,0.6684937274456024,1,False
42431,0.6684840130805969,1,False
53988,0.6684152543544769,1,True
25315,0.6684080159664154,1,True
23973,0.6684075689315796,1,True
78648,0.6684074258804321,1,True
82311,0.6683834111690521,1,False
52929,0.6683386933803559,1,False
37838,0.6683004951477051,1,True
43915,0.6682687842845917,1,False
13977,0.6682459735870361,1,True
29945,0.6682324588298798,1,True
73866,0.6682174670696259,1,True
8367,0.6681793785095215,1,True
3201,0.6681435620784759,1,True
41842,0.6681389343738555,1,True
2939,0.6681220948696136,1,False
21684,0.6681093311309814,1,True
93986,0.6680844831466675,1,False
62644,0.6680481266975402,1,True
40831,0.6680335986614228,1,True
32293,0.6680313122272492,1,True
67635,0.6679844737052918,1,True
9923,0.6679664051532745,1,True
88976,0.6679632723331451,1,True
87879,0.6679606032371521,1,False
2874,0.6679381120204926,1,True
66943,0.6679356610774994,1,True
2231,0.6679239809513092,1,True
62057,0.667916897535324,1,True
42898,0.6678604304790496,1,False
82683,0.6678556776046753,1,False
99981,0.6677809238433838,1,True
85968,0.6677788007259369,1,False
66865,0.667701860666275,1,True
57989,0.6676991963386536,1,False
96276,0.6676794946193695,1,True
87533,0.6676433229446411,1,False
43948,0.6676084494590759,1,False
67979,0.6675941407680511,1,False
78241,0.6675774955749512,1,True
17931,0.6675521540641784,1,True
76370,0.6675121808052062,1,True
99454,0.6674997413158417,1,False
73988,0.6674521911144257,1,True
6813,0.667389246225357,1,True
82359,0.6673721098899841,1,False
27344,0.667355101108551,1,True
73665,0.6673164534568787,1,True
36654,0.6672985887527465,1,True
80693,0.6672729969024658,1,True
76979,0.6672266304492951,1,False
16882,0.6672060310840606,1,True
95678,0.6671594750881196,1,False
28449,0.6671300768852234,1,True
57204,0.6671227443218231,1,True
62993,0.66710174202919,1,True
38445,0.6670745038986206,1,True
15784,0.6670447957515717,1,True
32836,0.6670182085037231,1,True
79998,0.6670039200782776,1,True
72129,0.6669924581050872,1,True
92193,0.6669476211071015,1,True
49768,0.6668330347537994,1,True
99853,0.6668115901947022,1,True
97988,0.6667898750305176,1,False
68102,0.6666970694065094,1,True
86990,0.6666779088974,1,True
26948,0.6666350853443146,1,False
89999,0.6666231620311738,1,True
91331,0.6666208076477051,1,True
27968,0.6666104900836944,1,False
61914,0.6665871155261993,1,True
60740,0.6665691590309143,1,True
7081,0.6665690040588379,1,True
47951,0.6665579104423522,1,False
41238,0.6665410482883454,1,True
61958,0.6664898252487182,1,True
46988,0.666469669342041,1,True
37994,0.6664268517494202,1,True
72573,0.6664191961288453,1,True
73201,0.6664012050628663,1,True
71523,0.6664000976085662,1,True
29473,0.6663974785804749,1,True
62790,0.6663973832130432,1,True
52272,0.6663732302188874,1,True
39073,0.6662161898612976,1,True
8347,0.6661974704265594,1,True
98246,0.6661861944198608,1,False
46990,0.666168419122696,1,True
57356,0.666163420677185,1,True
26974,0.6661501526832581,1,False
86957,0.6661473667621612,1,False
47623,0.6661214339733124,1,False
58009,0.6661172747612,1,True
22304,0.6660940301418304,1,False
13638,0.6660771882534027,1,True
93994,0.666075302362442,1,False
4826,0.6660628628730774,1,False
87309,0.6660404813289642,1,True
41735,0.6660355007648469,1,True
73862,0.6660344529151916,1,False
12873,0.6660315036773682,1,True
32994,0.6660157525539399,1,True
32403,0.6660010731220245,1,False
78941,0.6659756660461426,1,False
99512,0.6659622061252595,1,True
58912,0.6659597623348237,1,False
16854,0.6659360766410828,1,False
18145,0.6659280228614808,1,True
66969,0.6659089100360871,1,True
18057,0.6658847105503083,1,True
33084,0.6658634924888611,1,True
57722,0.6658519470691682,1,True
12462,0.6658404123783112,1,False
93990,0.6658361685276032,1,True
83924,0.6658023977279663,1,False
12096,0.6657656979560852,1,True
46898,0.6657454812526703,1,True
66549,0.6657289516925812,1,True
48744,0.6657133948802948,1,True
18900,0.6656951498985291,1,True
16836,0.6656617140769958,1,False
19737,0.6656489062309265,1,True
47974,0.6656475841999054,1,True
63538,0.6656349730491637,1,False
53990,0.6656338846683503,1,True
93987,0.6655960738658905,1,True
43182,0.6655881917476654,1,False
2663,0.6655533719062805,1,False
83097,0.6655513906478883,1,True
13983,0.6655368626117706,1,True
87963,0.6655333948135376,1,True
53935,0.6655237305164337,1,True
51937,0.665479998588562,1,True
2699,0.6654772257804871,1,True
63988,0.6654272663593293,1,True
87985,0.6654210698604583,1,False
27586,0.6654071986675263,1,True
50716,0.6653627228736878,1,True
37972,0.6652924132347107,1,False
94138,0.6652826166152954,1,False
47972,0.66525221824646,1,False
1972,0.6652091801166534,1,False
17807,0.665177196264267,1,True
85999,0.6651247549057007,1,True
67982,0.6650891041755675,1,False
6569,0.6650859570503235,1,True
36666,0.6650548779964447,1,True
17992,0.664933613538742,1,True
13412,0.6648245942592621,1,False
95850,0.6647734677791595,1,False
57279,0.6647675514221192,1,True
76184,0.6647204732894898,1,True
67968,0.6646637499332428,1,True
7458,0.6646619045734405,1,True
62068,0.6646522188186645,1,False
57933,0.6646375226974488,1,False
26517,0.6646244144439697,1,True
83913,0.6646170997619629,1,True
19284,0.6646134626865388,1,True
39914,0.6645268976688385,1,False
7126,0.6644600367546081,1,True
37958,0.664438465833664,1,True
66458,0.664438019990921,1,False
6873,0.6644284594058991,1,True
28010,0.664409122467041,1,True
15526,0.6643688118457793,1,False
49967,0.664343421459198,1,True
48924,0.6643271231651307,1,True
68642,0.6643199181556702,1,True
26883,0.6643125653266907,1,True
92815,0.6643055975437164,1,True
85942,0.6641957843303681,1,False
19449,0.6641759443283082,1,True
77499,0.6641585659980773,1,True
23863,0.6641326940059662,1,True
6687,0.6641183257102966,1,True
22627,0.6641034078598023,1,False
80970,0.6640831971168518,1,True
89977,0.6640679681301117,1,True
56973,0.6640360987186431,1,True
12900,0.664001042842865,1,True
52401,0.663982539176941,1,True
25865,0.6639287543296815,1,False
87394,0.6638636672496796,1,False
67991,0.6638587141036987,1,True
96948,0.6638103699684144,1,False
57945,0.663778235912323,1,False
39946,0.6637545049190521,1,True
28406,0.6637475609779357,1,True
43965,0.6637173259258271,1,True
87951,0.6637102937698365,1,False
41654,0.6637094759941101,1,True
59856,0.6636821603775025,1,True
47560,0.6636090707778931,1,True
43936,0.6635580444335938,1,False
97856,0.6635565280914306,1,False
52796,0.6635289776325226,1,False
32663,0.6634827041625977,1,True
8410,0.6634794509410857,1,True
67969,0.6634649372100829,1,True
89632,0.6634575974941254,1,True
73663,0.6634503960609436,1,False
48911,0.6634448087215423,1,True
62829,0.6634287106990815,1,False
77985,0.6634084486961365,1,False
2911,0.6633818519115449,1,True
92548,0.6633727931976319,1,True
55269,0.6633639550209045,1,True
53998,0.6633412504196167,1,True
13821,0.6633346939086915,1,False
77618,0.6632400131225586,1,False
86788,0.6631793534755707,1,True
37996,0.6631591069698334,1,True
32854,0.6631537330150604,1,True
7734,0.6631150448322296,1,False
32998,0.6630043077468872,1,True
12580,0.6630000293254852,1,False
82134,0.662985874414444,1,False
23182,0.6629615235328674,1,True
77990,0.6629483795166016,1,False
21743,0.662944849729538,1,True
25759,0.6629179263114929,1,False
43371,0.6629158580303192,1,False
7973,0.6628162920475006,1,False
44997,0.6627812016010284,1,True
12888,0.662742896080017,1,True
7206,0.6627258765697479,1,True
33869,0.6625967586040498,1,False
13934,0.6625272166728974,1,True
7796,0.6625187802314758,1,True
87221,0.6624897158145904,1,True
74911,0.6624096894264222,1,False
63296,0.6623678636550904,1,False
7442,0.6623311650753021,1,False
96173,0.6623225438594817,1,True
86988,0.6623139619827271,1,True
98643,0.6622179985046387,1,True
93999,0.6622034227848053,1,True
34883,0.6621927416324616,1,False
53986,0.662090619802475,1,True
98949,0.662012106180191,1,True
72358,0.6620086932182312,1,False
19289,0.6619262254238129,1,True
43540,0.6619178175926208,1,False
62982,0.6618422389030456,1,False
96984,0.6618121206760407,1,True
82938,0.6617515110969543,1,False
11228,0.6617460978031159,1,True
28248,0.6617227756977082,1,True
37856,0.6616995084285736,1,True
82664,0.6616689801216126,1,False
11180,0.6616685378551483,1,True
51752,0.6616365957260132,1,True
28795,0.6616288030147552,1,False
2369,0.6616162753105164,1,True
67899,0.6615837228298187,1,False
36961,0.6615736496448517,1,True
72787,0.6615007686614991,1,True
98929,0.6614802706241607,1,True
96818,0.6614691174030304,1,True
18971,0.6614534330368043,1,True
86831,0.6613772797584534,1,True
27920,0.661364005804062,1,False
53896,0.6612889051437378,1,False
28943,0.6612657117843628,1,True
59352,0.6612547039985657,1,True
7703,0.6612455403804779,1,True
28902,0.6612148523330689,1,True
66536,0.6611757159233094,1,False
23995,0.6611341381072998,1,True
918,0.6610826635360718,1,True
58463,0.6610666882991791,1,True
40941,0.6610567903518676,1,True
98562,0.6610300004482269,1,True
67920,0.6610207903385162,1,True
24641,0.660996710062027,1,False
83691,0.6609417736530304,1,False
93036,0.6609228038787842,1,True
32986,0.6609175407886505,1,True
56653,0.6609139144420624,1,True
43329,0.6609082293510438,1,False
17982,0.6608468604087829,1,False
76936,0.6608443856239319,1,True
83928,0.660762757062912,1,True
99623,0.6607405269145965,1,True
87410,0.6607282555103302,1,True
90808,0.660646698474884,1,True
37995,0.6606220245361328,1,True
4890,0.660548597574234,1,False
96061,0.6605155169963837,1,True
83680,0.6604572248458862,1,False
63953,0.6604181826114655,1,False
58646,0.6604128348827363,1,True
63662,0.6603749334812165,1,True
92981,0.6603597736358643,1,False
90961,0.6603450167179108,1,True
22895,0.660324342250824,1,False
17845,0.6602822482585907,1,False
51746,0.6602769494056702,1,True
515,0.6602649581432343,1,True
47982,0.6602522528171539,1,True
73798,0.6602517783641815,1,True
13885,0.6602199268341065,1,False
53960,0.6602147877216339,1,True
19350,0.6602099692821503,1,False
49755,0.6602035224437713,1,True
83667,0.6601268601417541,1,False
18083,0.6601230919361114,1,True
87909,0.6600814700126648,1,False
63979,0.6599541616439819,1,True
6476,0.6598915493488311,1,True
5946,0.6598683023452758,1,False
69288,0.6598100161552429,1,True
23373,0.6597755038738251,1,True
26945,0.6597591388225555,1,True
17306,0.659753839969635,1,True
23689,0.6596030569076539,1,False
56975,0.6595989954471588,1,False
13950,0.6595982587337494,1,True
96909,0.6595261263847352,1,True
52471,0.6595137023925781,1,False
63485,0.6595007979869842,1,False
12915,0.6594363868236541,1,True
39653,0.659434311389923,1,True
33551,0.6594247663021088,1,True
16925,0.6593868374824524,1,True
48248,0.6593636250495911,1,True
93808,0.6593582355976104,1,False
27967,0.6593017220497132,1,False
42109,0.659298119544983,1,True
72325,0.6592886722087861,1,True
33804,0.659187445640564,1,False
91138,0.6591544282436371,1,True
59883,0.6591389858722687,1,True
23857,0.6590847516059876,1,True
41781,0.6590527939796448,1,True
30868,0.6590191328525543,1,True
30937,0.6590186250209809,1,False
53900,0.6589988887310028,1,True
9880,0.6589079988002777,1,True
96983,0.6588967370986938,1,True
67984,0.6588611388206482,1,False
26934,0.6588399624824524,1,False
83844,0.6588321924209595,1,True
29612,0.6588238775730133,1,True
1950,0.6588204932212829,1,True
53969,0.6588017678260802,1,True
22351,0.6587986159324646,1,True
12555,0.6587631785869599,1,True
67906,0.6587630689144135,1,False
57990,0.6587383162975311,1,True
82737,0.6587228679656982,1,False
68745,0.65869335770607,1,True
26982,0.6586664712429047,1,True
79860,0.658641916513443,1,True
92987,0.6586311364173889,1,True
56274,0.6585805654525757,1,True
53583,0.6585021674633026,1,False
85338,0.6584654366970062,1,True
57904,0.658409105539322,1,False
57249,0.6584061121940612,1,False
17987,0.6583983612060547,1,False
11889,0.6583930611610412,1,True
12422,0.6583482980728149,1,True
7959,0.6583310508728027,1,False
78948,0.6583187448978425,1,True
35909,0.6583068060874939,1,False
9449,0.658306189775467,1,True
71301,0.6582980561256409,1,True
42908,0.6582528781890868,1,True
71699,0.6582356595993042,1,True
43113,0.6582079529762268,1,True
37272,0.6581937670707703,1,True
80180,0.6581584286689759,1,True
92922,0.6581573784351349,1,True
85911,0.6581435286998749,1,False
36368,0.6581264686584473,1,True
86558,0.6581171405315399,1,True
53992,0.6580995905399323,1,True
37990,0.6580783152580261,1,False
79520,0.6580486118793487,1,True
48587,0.6580382704734802,1,True
83786,0.6580330228805542,1,False
17883,0.6579849970340729,1,True
93536,0.6578893542289734,1,False
2058,0.6578839647769927,1,True
92935,0.6578230655193329,1,True
48640,0.657801421880722,1,True
53989,0.6577920961380005,1,True
2993,0.6577346348762512,1,False
16940,0.6577078580856324,1,False
23819,0.657689620256424,1,False
59874,0.6576103758811951,1,True
61354,0.6575714230537415,1,True
91850,0.6575445377826691,1,True
95086,0.6575361764431,1,True
3906,0.6575110018253326,1,True
52965,0.6574908363819123,1,True
62986,0.6574448549747467,1,True
95893,0.6574096894264221,1,False
68120,0.6573854601383209,1,True
16964,0.657299370765686,1,True
57918,0.6572592449188233,1,False
45915,0.6571927416324616,1,False
83877,0.6571541452407836,1,True
81369,0.6571355295181274,1,True
22516,0.65711305975914,1,False
63794,0.6570913624763489,1,True
36964,0.657034568786621,1,True
89268,0.6570323872566224,1,True
92535,0.657030543088913,1,False
43826,0.6570071578025818,1,True
78926,0.6569999408721924,1,False
82817,0.6569408547878266,1,True
46992,0.6569373452663422,1,True
6991,0.6569225895404815,1,True
65896,0.6568922770023347,1,False
83875,0.6568795144557953,1,False
26455,0.6568306946754456,1,False
71942,0.6568187713623047,1,True
2075,0.6568023407459259,1,True
46653,0.6567772340774536,1,True
51705,0.6567245316505432,1,True
20934,0.6567089998722077,1,True
62902,0.6566574716567993,1,False
72843,0.6565934789180756,1,True
26396,0.6565689253807068,1,False
2268,0.6565551638603211,1,False
8625,0.656536648273468,1,True
16983,0.6564381742477416,1,False
65494,0.656423225402832,1,True
68247,0.6564044260978699,1,False
96800,0.6563893115520477,1,True
82874,0.6563576185703277,1,True
28656,0.6562591814994811,1,True
23034,0.6562439906597137,1,True
19854,0.6562361359596253,1,True
85672,0.6562227499485016,1,True
39861,0.656193962097168,1,False
33739,0.6561613893508911,1,False
16416,0.6561535310745239,1,True
87475,0.656145830154419,1,False
62882,0.6561448633670807,1,True
42727,0.6561077547073364,1,False
57987,0.6561061537265778,1,True
34909,0.6561036050319672,1,False
7944,0.6560063791275024,1,False
49669,0.6559838330745698,1,True
31520,0.6559300363063812,1,True
35977,0.6559292304515838,1,True
86390,0.6558647978305816,1,True
13477,0.6558543395996094,1,True
73550,0.6558317244052887,1,False
12834,0.6558176982402801,1,True
62297,0.6558103168010712,1,False
42182,0.6557582461833954,1,True
52821,0.6557347559928894,1,False
52480,0.6557308840751648,1,True
73360,0.6556646704673768,1,False
37924,0.6556111812591553,1,True
3874,0.6555811583995819,1,True
73390,0.6555595695972443,1,False
66917,0.6555583703517913,1,True
6979,0.6555575394630433,1,True
32656,0.6555433011054992,1,True
7352,0.6554654157161712,1,True
68918,0.6554496157169343,1,True
66854,0.6554349815845489,1,True
12050,0.6554136276245117,1,True
82487,0.6553698027133942,1,True
82854,0.6553609538078309,1,False
79951,0.6553497552871704,1,True
17990,0.6553202104568481,1,False
29289,0.6553092169761658,1,True
76848,0.6552943277359009,1,False
47771,0.6552449607849121,1,True
5929,0.6552104198932648,1,False
66514,0.655193612575531,1,False
72555,0.6551645684242249,1,False
13949,0.6551603174209595,1,True
46804,0.655135589838028,1,False
3360,0.6551230120658875,1,False
37944,0.6550876247882843,1,True
48808,0.6550430357456207,1,False
7298,0.6550407540798188,1,True
56984,0.6550133168697357,1,True
42881,0.6549137353897094,1,False
20906,0.654906200170517,1,True
41844,0.6548411655426025,1,True
10487,0.6548291969299316,1,True
68149,0.6548158872127533,1,True
83040,0.6548036921024323,1,True
2772,0.6547818732261658,1,False
68575,0.6547772777080536,1,True
12892,0.654772665500641,1,False
88193,0.6547360599040986,1,True
98621,0.6547248315811157,1,True
32927,0.6546806049346924,1,False
7982,0.6546170282363892,1,True
87939,0.6545689010620117,1,True
6611,0.6545386636257171,1,True
80660,0.6545319712162018,1,True
51560,0.6543796229362489,1,True
37878,0.6543754458427429,1,True
35783,0.6543553245067597,1,True
37199,0.6543544602394105,1,False
13841,0.6543515121936798,1,False
73700,0.6542947125434876,1,False
39155,0.6542943346500396,1,True
67986,0.6542727971076965,1,True
16060,0.6541908597946167,1,True
42985,0.6541718578338622,1,False
16136,0.6541717374324798,1,True
57380,0.6541299772262573,1,True
45995,0.6541279661655426,1,True
87910,0.6541061615943908,1,False
19621,0.6540979337692261,1,False
73797,0.6540957093238831,1,False
52847,0.6540723609924317,1,True
66901,0.6540182423591614,1,False
83143,0.6540161716938019,1,False
47809,0.6540151703357697,1,True
48694,0.6540129506587982,1,True
69713,0.653994140625,1,True
88588,0.6539592707157136,1,True
83752,0.6539232003688813,1,False
16413,0.65391845703125,1,False
56990,0.6538963866233826,1,True
71898,0.6538954222202301,1,False
47551,0.653878517150879,1,True
94843,0.653874603509903,1,False
83891,0.6538736355304717,1,True
49902,0.6538485038280487,1,False
55610,0.6538190567493438,1,True
97993,0.6538175427913666,1,True
3982,0.6537774634361267,1,True
46859,0.6537772762775421,1,True
78777,0.6537641668319703,1,True
33486,0.6537335741519927,1,True
73035,0.6537011861801147,1,True
2347,0.653700704574585,1,False
56948,0.6536827611923217,1,True
98932,0.6536014449596406,1,False
56993,0.6536005187034607,1,True
26252,0.6535984683036804,1,True
92588,0.65352179646492,1,True
93263,0.6534829115867615,1,True
21761,0.6534503400325775,1,True
72374,0.6534449338912964,1,True
40965,0.6534049940109252,1,True
92816,0.6533944022655487,1,True
93482,0.6533698964118957,1,False
7974,0.6533669638633728,1,True
86177,0.6533588814735413,1,True
30670,0.6533575630187989,1,True
44726,0.6533187365531921,1,True
9363,0.6532988512516023,1,True
96807,0.6532287955284118,1,True
73985,0.6532287156581879,1,True
19517,0.6531175768375397,1,True
38637,0.6531097602844238,1,True
7965,0.6531026041507721,1,False
24212,0.6531015563011169,1,True
63770,0.6530884528160095,1,True
76960,0.6530796205997467,1,True
76989,0.6530700528621673,1,True
2956,0.6530345296859741,1,True
13895,0.6528805685043335,1,True
46880,0.652879958152771,1,False
52869,0.6528067266941071,1,True
29325,0.652794713973999,1,True
31356,0.6527928626537323,1,True
87646,0.6527335393428803,1,True
56996,0.6526391756534576,1,True
41258,0.6525840091705322,1,True
86984,0.6525502228736877,1,True
50536,0.6524022281169891,1,True
67383,0.6523955047130585,1,True
19170,0.6523622357845307,1,True
84779,0.6523587965965272,1,False
33994,0.652306272983551,1,True
79917,0.6522957456111909,1,False
66416,0.6522710764408112,1,True
31948,0.652266811132431,1,True
33073,0.6521654033660889,1,True
3920,0.6521629512310028,1,True
97645,0.6521342754364013,1,True
62898,0.6521249139308929,1,False
33927,0.6520998632907867,1,True
81394,0.6520862364768982,1,True
18332,0.6520383059978485,1,True
52218,0.651989905834198,1,False
99183,0.6519676148891449,1,True
73871,0.6519005537033081,1,False
97531,0.6518763518333435,1,False
41895,0.6518103611469268,1,False
40402,0.6517470514774322,1,True
15594,0.6517299795150757,1,False
63212,0.6517204666137695,1,True
28502,0.6517057430744171,1,True
13775,0.6516451692581177,1,True
86445,0.6516149806976319,1,True
78639,0.6516041541099549,1,True
56907,0.6515404677391052,1,False
52975,0.6515320801734925,1,False
93290,0.6515056192874908,1,True
27963,0.6514726650714875,1,False
27893,0.6514564573764801,1,False
3853,0.6514475846290588,1,True
62973,0.6513634133338928,1,True
78967,0.6513374638557434,1,False
33215,0.6513325345516205,1,True
43794,0.651284030675888,1,True
88089,0.6512386918067932,1,True
6401,0.6511886179447174,1,True
67667,0.6511185991764068,1,False
97504,0.6511087572574615,1,True
23851,0.6510672116279602,1,True
19734,0.6509976148605346,1,True
28957,0.650898940563202,1,True
32649,0.6508792567253112,1,True
91843,0.6508104050159454,1,True
18124,0.6507991862297058,1,True
56992,0.6507350897789002,1,True
72940,0.650733939409256,1,True
47886,0.6506833243370056,1,True
66618,0.6506782102584838,1,False
76901,0.650641371011734,1,False
7932,0.650618200302124,1,False
1772,0.6506160044670105,1,True
17929,0.6506156373023987,1,True
3861,0.6505893015861511,1,True
17890,0.6505781507492066,1,True
89492,0.6505104660987854,1,False
62980,0.6504230165481567,1,True
76902,0.6503685557842255,1,False
13724,0.6503184366226196,1,True
12934,0.6502883040904999,1,False
26413,0.6502412950992584,1,False
22666,0.650233895778656,1,True
68934,0.6502042412757874,1,True
97731,0.6501943528652191,1,True
46912,0.650117369890213,1,True
20390,0.6500891542434692,1,True
38833,0.6500612652301788,1,True
76499,0.6500542628765107,1,True
86942,0.6500532412528992,1,True
33186,0.6500195467472076,1,True
67927,0.6499770152568818,1,False
33450,0.6499547839164734,1,True
7185,0.6499367988109588,1,True
66929,0.6498912334442138,1,True
61542,0.6498831498622895,1,True
36960,0.649851541519165,1,True
90523,0.6498267686367035,1,True
38891,0.6497901868820191,1,False
80240,0.6497831642627716,1,True
73787,0.6497557985782623,1,False
7855,0.649579187631607,1,True
27515,0.6494672429561614,1,False
19982,0.6494598996639251,1,True
95463,0.6494501280784607,1,True
82743,0.6494099771976471,1,True
57988,0.6493909239768982,1,False
31226,0.649362895488739,1,True
7988,0.6493453204631805,1,True
82660,0.6493347525596619,1,True
32922,0.6493345773220063,1,False
56943,0.6493137061595917,1,True
77462,0.6493120729923249,1,True
29847,0.6493001675605774,1,True
96634,0.649272129535675,1,True
86488,0.6492307639122009,1,True
53877,0.6491278851032257,1,False
56976,0.6489915299415588,1,False
36881,0.6489803957939149,1,True
23895,0.6489244949817657,1,False
96971,0.6488817393779754,1,True
11907,0.6488749849796296,1,True
41733,0.648864676952362,1,True
35578,0.6488534760475159,1,True
9510,0.6488193941116334,1,True
76171,0.6487700212001801,1,True
62880,0.6487640655040741,1,False
92931,0.6487582707405091,1,True
77691,0.6487542295455933,1,True
43935,0.6487371671199799,1,False
12397,0.6487338614463807,1,True
87384,0.6487167084217071,1,True
90134,0.6487070274353027,1,True
36988,0.6486882090568542,1,True
59249,0.6486302447319031,1,True
72937,0.6486134314537049,1,True
6182,0.6486067211627959,1,True
20859,0.6485697329044342,1,False
63464,0.6485684370994568,1,True
28739,0.6485312592983246,1,False
30946,0.6484467732906342,1,True
44986,0.6484347665309906,1,False
2981,0.6484288084506988,1,True
59795,0.6484251236915588,1,True
63891,0.6484014880657196,1,True
3948,0.6483722114562989,1,True
66742,0.6482938432693481,1,False
72979,0.6482421481609344,1,False
60686,0.6481873679161072,1,True
93961,0.6480879664421082,1,True
17209,0.6480736184120178,1,True
97989,0.6480643570423126,1,True
96567,0.6480362558364868,1,True
46976,0.6480012083053589,1,False
96217,0.6479983389377594,1,True
71868,0.6479757010936738,1,True
38579,0.6479718101024627,1,True
10665,0.6479715955257416,1,True
53875,0.6479705739021301,1,True
6659,0.6479679822921753,1,True
94879,0.6479523909091949,1,True
22030,0.6479519903659821,1,True
91952,0.6479415822029113,1,True
32943,0.647915894985199,1,True
2555,0.6479014730453492,1,False
37988,0.6478637146949768,1,True
52794,0.6478570890426636,1,True
83993,0.6477612686157227,1,True
89345,0.6477530062198639,1,True
73930,0.647731465101242,1,False
89200,0.6476397240161895,1,True
47975,0.6476233398914337,1,True
12920,0.6476001274585724,1,True
82951,0.6475636720657348,1,False
73400,0.6475160443782806,1,False
79887,0.6475026869773866,1,True
56805,0.6474980711936951,1,False
84483,0.647497273683548,1,True
26769,0.647455382347107,1,True
96293,0.6474381732940674,1,True
70137,0.6473948884010314,1,True
11895,0.6473928952217103,1,True
23605,0.6473703372478485,1,False
42261,0.6473683273792267,1,True
39683,0.6473469269275665,1,False
27905,0.6473429477214814,1,True
92579,0.6472984433174134,1,True
62974,0.647154335975647,1,True
17993,0.6471532559394837,1,False
68633,0.6471324872970581,1,True
50672,0.6471192789077759,1,True
37364,0.6470980143547058,1,False
94688,0.647097030878067,1,True
97456,0.6470579898357391,1,False
7755,0.6470154023170471,1,True
33984,0.6470024442672729,1,True
87907,0.6469932687282562,1,False
66987,0.6469849920272828,1,False
69909,0.6469711446762085,1,False
28870,0.6469693922996521,1,True
67994,0.6469057369232178,1,True
43997,0.6468721723556519,1,True
53352,0.6468472135066986,1,False
69875,0.6468310046195984,1,True
23825,0.6468284904956818,1,True
19927,0.6468251323699952,1,True
49654,0.6467598831653595,1,True
23919,0.6467353177070618,1,True
76941,0.6466802358627319,1,False
6969,0.6466798019409179,1,False
83217,0.6466356825828552,1,False
7984,0.6465905165672302,1,True
66112,0.6465427505970001,1,True
37738,0.646524543762207,1,False
2980,0.6464995789527893,1,False
73664,0.6464618456363678,1,False
98654,0.6464317893981933,1,True
97660,0.6464311754703522,1,False
64545,0.6464268565177917,1,False
56779,0.6463869094848633,1,True
28702,0.6463416731357574,1,True
99998,0.6463106346130372,1,True
33040,0.6462958014011383,1,True
16630,0.6462774515151978,1,False
92719,0.6462400388717651,1,False
82826,0.6462316167354584,1,False
89829,0.6462136113643646,1,True
72645,0.6461619663238525,1,False
3472,0.6461526298522949,1,True
29746,0.6461460518836974,1,False
67924,0.646144837141037,1,False
42869,0.6460881292819977,1,False
61847,0.6459607326984406,1,True
99384,0.6459468173980714,1,True
66629,0.6458901977539062,1,True
28926,0.6458843672275543,1,True
53920,0.6458807051181793,1,False
23752,0.645853134393692,1,True
62891,0.6458446967601776,1,False
97931,0.645788699388504,1,True
12844,0.645736676454544,1,True
88533,0.64572798371315,1,True
26996,0.6456591069698334,1,True
96977,0.645606427192688,1,False
67888,0.6455374228954316,1,True
98428,0.6455204916000367,1,True
75868,0.6455201280117036,1,False
20851,0.6455073380470275,1,True
66926,0.6454930746555329,1,True
42865,0.6454430413246155,1,True
39398,0.6454052460193633,1,True
22972,0.6453965675830842,1,True
33849,0.645373204946518,1,False
38886,0.6453675961494445,1,True
72973,0.6453327500820161,1,False
74705,0.6453098666667938,1,False
18514,0.6452685070037842,1,True
92956,0.6452632141113281,1,False
94963,0.6452039325237274,1,True
23288,0.6451621925830842,1,True
63459,0.6451338112354279,1,True
5953,0.6451267230510711,1,True
24854,0.6451101922988891,1,True
7922,0.645099436044693,1,True
79521,0.6450993776321411,1,True
14813,0.6450323605537415,1,False
22018,0.6449612784385681,1,True
68825,0.6449494183063507,1,True
11016,0.6449365127086639,1,True
62988,0.6449351847171784,1,False
42974,0.6449240291118622,1,False
16725,0.6449195778369904,1,False
52575,0.64491872549057,1,False
24817,0.6448976016044616,1,False
69883,0.6448826396465301,1,True
78688,0.6448282694816589,1,True
50070,0.6447847926616669,1,True
7968,0.6447776663303375,1,True
88911,0.6447776532173157,1,True
87958,0.6447376310825348,1,True
46286,0.644731147289276,1,True
27988,0.6446708083152771,1,False
97225,0.6446654891967774,1,True
92969,0.6446537351608277,1,True
82845,0.6446339845657348,1,False
59334,0.6446164977550506,1,False
27991,0.6446033751964568,1,True
83999,0.6445897626876831,1,True
48897,0.6445789384841919,1,True
96954,0.6444752144813537,1,True
86466,0.6444610023498536,1,True
47968,0.6444548571109772,1,True
7901,0.6444164597988129,1,False
99628,0.6443887341022492,1,True
82950,0.6443711256980895,1,True
28989,0.6443178009986877,1,False
87873,0.6442523944377899,1,False
99432,0.6442204797267914,1,True
11468,0.6441611278057098,1,True
62998,0.6441605246067047,1,True
30901,0.6441466009616852,1,False
48682,0.6441397321224213,1,False
36790,0.6441317546367645,1,False
4953,0.6441306173801422,1,False
63348,0.6440980005264283,1,True
67372,0.6439819967746735,1,True
96995,0.6439756405353546,1,False
11375,0.6439729011058808,1,True
76988,0.6439381277561187,1,False
97247,0.6439063274860382,1,True
45811,0.6438839805126191,1,True
87556,0.6438694977760315,1,False
38683,0.6438349568843842,1,False
3953,0.6437461650371552,1,True
42949,0.6437387681007385,1,True
92208,0.6437279605865478,1,True
13930,0.6436862242221832,1,True
26986,0.6436664712429047,1,False
98501,0.6436509156227113,1,True
12810,0.6436445438861846,1,True
29283,0.6436176657676697,1,True
66804,0.64359166264534,1,True
43888,0.6435756647586823,1,True
10900,0.6435681200027465,1,True
16628,0.643494018316269,1,True
86867,0.643453905582428,1,True
47978,0.6433884024620056,1,False
36974,0.6433771049976349,1,True
36994,0.6433686482906342,1,True
22834,0.6433636116981507,1,False
56710,0.6433458209037781,1,True
18990,0.6432554638385772,1,True
79776,0.6432484292984009,1,False
73196,0.6432191550731658,1,True
50952,0.6431390714645386,1,True
37228,0.6431347250938415,1,True
18967,0.6431161201000213,1,True
93933,0.6430719912052154,1,False
6157,0.6430673110485077,1,True
16835,0.6430245554447174,1,True
82915,0.6430176842212677,1,False
99969,0.6429125094413757,1,True
68952,0.6428779768943786,1,True
38928,0.6428650009632111,1,True
22830,0.6428219747543336,1,False
69930,0.6427492713928222,1,True
99797,0.6426619052886963,1,False
72243,0.6426456499099731,1,True
72326,0.6426445388793945,1,True
3957,0.6426076233386994,1,True
43982,0.6425559937953949,1,False
63577,0.642540876865387,1,False
3958,0.6425103604793548,1,True
67916,0.6424458444118499,1,False
16978,0.6424343025684356,1,True
3843,0.6423592650890351,1,True
7971,0.6423114907741547,1,True
16247,0.6422896957397461,1,True
18599,0.6422535061836243,1,False
64350,0.642246150970459,1,False
13951,0.6421774578094482,1,True
67612,0.6421501469612121,1,True
26090,0.6421410274505615,1,False
53874,0.6421111595630646,1,False
87762,0.6420964527130126,1,True
83778,0.6420813012123108,1,True
10285,0.6420805823802949,1,True
48965,0.6420802128314972,1,True
70590,0.6420577812194824,1,True
98235,0.6420064806938172,1,True
77959,0.6419997000694275,1,False
98090,0.6419366955757141,1,True
67921,0.6419083380699158,1,False
86985,0.6418831717967988,1,False
51906,0.6418716466426849,1,True
3141,0.6417988646030426,1,False
47888,0.6417568850517272,1,True
77572,0.6417206716537476,1,True
34957,0.6417060613632202,1,True
3891,0.641703292131424,1,True
26984,0.6416855645179749,1,False
46891,0.6416773879528046,1,False
27412,0.6416387283802032,1,True
46948,0.6416364061832428,1,False
72870,0.6416363596916199,1,True
30966,0.6416329121589661,1,True
20969,0.6415962624549866,1,True
74807,0.6415450942516328,1,False
19838,0.6415283989906311,1,True
47959,0.6415207672119141,1,True
82797,0.641494892835617,1,True
47986,0.6414391827583312,1,True
89258,0.6414356648921966,1,True
26987,0.6414230132102967,1,True
88289,0.6413699507713317,1,True
54801,0.6413685190677643,1,True
96771,0.6413616347312927,1,False
28865,0.6413601493835449,1,True
66362,0.6413520240783691,1,True
82381,0.6413474333286285,1,True
89670,0.641336077451706,1,False
82176,0.6413104212284089,1,False
42872,0.6412236022949218,1,False
18607,0.6412069427967071,1,True
2989,0.6411961877346039,1,True
62510,0.6411775660514831,1,True
16676,0.6411541748046875,1,False
56855,0.641150530576706,1,False
32997,0.6411486577987671,1,True
98999,0.6411430275440215,1,True
18889,0.6411406219005584,1,True
57424,0.641095119714737,1,False
23940,0.6410140085220337,1,True
47423,0.6410081255435943,1,True
24758,0.6409891021251679,1,True
61494,0.6409889650344849,1,True
73806,0.6409721171855927,1,False
96985,0.6409389352798462,1,False
2996,0.6408928740024566,1,True
32882,0.6408764290809632,1,False
56687,0.64084068775177,1,True
20307,0.6408351337909699,1,True
48903,0.6408003056049347,1,True
85920,0.6407348918914795,1,True
79711,0.6407340562343598,1,True
26829,0.64073312997818,1,True
53315,0.6407280993461609,1,False
52587,0.6407137393951416,1,True
36793,0.6407083833217622,1,False
28900,0.6407036590576172,1,True
71779,0.6406996440887451,1,True
569,0.6406452453136444,1,False
94186,0.6406129097938538,1,True
26612,0.6405717468261718,1,True
43715,0.6405618488788605,1,True
98976,0.6405414545536041,1,True
91346,0.6404809629917145,1,True
47452,0.6404775321483612,1,True
86540,0.6404743468761445,1,False
97613,0.640472285747528,1,True
77932,0.6404619598388672,1,False
42888,0.6404592323303222,1,True
61632,0.6404291069507599,1,True
16994,0.6404131722450257,1,True
1914,0.6403935694694519,1,True
58681,0.6403399980068207,1,True
88499,0.6403378784656525,1,True
40143,0.6403132462501526,1,True
23151,0.6402673971652985,1,True
82844,0.6402076184749603,1,True
88887,0.640202341079712,1,True
6558,0.6401955163478852,1,True
24657,0.6401949417591095,1,False
41209,0.6401895916461944,1,True
11812,0.6401859104633332,1,True
72986,0.6401743865013123,1,False
22381,0.6399427485466004,1,False
6556,0.639938188791275,1,False
23982,0.6399322545528412,1,False
33922,0.6399013495445252,1,True
38236,0.6398753595352173,1,False
42887,0.639855159521103,1,True
83055,0.6398286986351014,1,True
42338,0.6397812020778656,1,True
13330,0.6397499537467957,1,True
6882,0.6397426676750183,1,False
72394,0.639741495847702,1,True
65874,0.6397414243221282,1,True
83408,0.6397338438034057,1,False
57533,0.6397300100326537,1,True
53191,0.6397085499763489,1,True
2994,0.6396985220909118,1,True
61683,0.6396123921871185,1,True
8361,0.639588931798935,1,True
16625,0.6395506608486176,1,True
43816,0.6395366573333741,1,False
62881,0.6395286512374878,1,False
53354,0.639518917798996,1,True
52264,0.6395067870616913,1,True
53953,0.6394798004627228,1,True
8922,0.6394746041297912,1,True
47043,0.6394601726531983,1,True
73771,0.6394341540336609,1,False
12004,0.6393812787532807,1,False
7977,0.6393516767024994,1,False
94996,0.639275414943695,1,False
76970,0.6391471254825591,1,False
74931,0.6390888440608978,1,False
33240,0.6390697467327118,1,False
33983,0.6390622115135193,1,True
21685,0.6389730036258697,1,True
91562,0.6389695179462433,1,True
73052,0.638944753408432,1,True
42987,0.6389389026165009,1,True
27977,0.6389252996444702,1,False
2953,0.63887735247612,1,False
83988,0.6388748598098755,1,True
93891,0.638857284784317,1,True
38923,0.6388520312309265,1,True
85649,0.6388373863697052,1,False
43976,0.6388080275058746,1,True
92988,0.6387625026702881,1,True
43595,0.638738248348236,1,True
98410,0.6387092888355255,1,True
67827,0.6387010288238526,1,False
90670,0.6386492347717285,1,True
28877,0.6386004292964935,1,True
6880,0.638594810962677,1,True
47989,0.6385924410820008,1,True
97992,0.6385828816890717,1,True
29942,0.6384343171119691,1,False
36196,0.6384032320976257,1,True
67988,0.6383286130428314,1,True
46950,0.6382926046848297,1,False
70909,0.6382800781726837,1,False
98973,0.6382710337638855,1,True
86657,0.638240510225296,1,True
52974,0.638206479549408,1,True
43203,0.6381962668895722,1,False
7962,0.6381643664836884,1,False
26907,0.6381582796573639,1,False
72840,0.6380713760852814,1,True
76996,0.6380535161495209,1,True
13195,0.6380173373222351,1,False
97205,0.6380066990852356,1,True
91696,0.6379370296001434,1,True
32941,0.6379272329807282,1,False
50926,0.6378847754001618,1,True
63941,0.637857905626297,1,False
72799,0.637782574892044,1,True
63898,0.6376953196525574,1,False
27916,0.6374680984020233,1,False
33209,0.6374680662155151,1,False
65990,0.6374581158161163,1,True
93726,0.6374097931385041,1,True
61623,0.6374036431312561,1,True
11909,0.6373731446266174,1,True
76819,0.6373609602451324,1,True
16975,0.6373081517219543,1,False
82343,0.6372896039485931,1,True
82940,0.6372560787200927,1,True
2671,0.6372273874282837,1,False
78144,0.6372052264213561,1,True
67990,0.6371759819984436,1,True
37779,0.6371689236164093,1,True
47181,0.6371683871746063,1,False
21732,0.6371103227138519,1,True
43000,0.6370955204963684,1,False
23774,0.6370641338825226,1,False
26364,0.6370570302009583,1,True
93827,0.6370312595367431,1,True
26259,0.6369767487049103,1,False
98978,0.6369765377044678,1,True
44962,0.6369318854808808,1,True
49619,0.636895123720169,1,True
30894,0.6368597865104675,1,True
38636,0.6368446063995361,1,True
97642,0.6367873871326446,1,True
39875,0.6367585837841034,1,True
59871,0.6367526233196259,1,True
98359,0.636721637248993,1,True
43293,0.636701637506485,1,False
9878,0.6366994750499726,1,True
69532,0.6366817843914032,1,True
41603,0.6366780853271484,1,True
66993,0.636661981344223,1,True
23920,0.6366229152679443,1,False
71773,0.6366227602958678,1,True
68978,0.6365646374225616,1,True
86848,0.6365571904182434,1,True
39181,0.6364673173427582,1,True
6983,0.6364591825008392,1,True
55795,0.6364495182037353,1,False
27552,0.63643998503685,1,True
39330,0.6363964676856995,1,True
52527,0.6363922083377838,1,True
69354,0.6362882316112518,1,True
79968,0.6362459743022919,1,True
11164,0.6361782920360566,1,True
87784,0.6361446571350098,1,False
73313,0.6360601079463959,1,True
66684,0.636033456325531,1,False
78674,0.6359986567497253,1,True
99960,0.6358496367931366,1,True
33175,0.6358462703227997,1,False
6995,0.6358385264873505,1,True
32817,0.6358380091190339,1,True
16996,0.6358149003982544,1,True
1984,0.6358073544502258,1,True
89937,0.635797392129898,1,True
58543,0.63578076004982,1,True
97519,0.6356958520412446,1,False
6238,0.6356911897659302,1,False
8883,0.6356545436382294,1,False
62955,0.6355744934082032,1,True
70536,0.6355667245388031,1,True
93391,0.6355654740333557,1,True
7346,0.6355263781547547,1,False
99993,0.635474443435669,1,True
67915,0.6354077851772308,1,False
9895,0.6353808617591858,1,True
27304,0.6353588414192199,1,True
86303,0.635324193239212,1,False
68902,0.6352640306949615,1,True
16979,0.6352025544643403,1,True
2707,0.6351359713077545,1,True
63815,0.6351013112068176,1,True
37554,0.6350886809825897,1,False
92446,0.6350456118583679,1,False
62160,0.6350176191329956,1,True
31937,0.6349624955654145,1,True
9912,0.6349459195137024,1,True
20960,0.6349274432659149,1,True
72810,0.6349061238765716,1,False
35969,0.6349059963226318,1,False
16640,0.6348989880084992,1,False
46524,0.6348280215263367,1,False
63972,0.6348184549808502,1,False
98240,0.6348168623447419,1,True
66903,0.6347508835792541,1,False
42925,0.6346853375434875,1,False
18644,0.6346508848667145,1,False
72981,0.6346186804771423,1,True
37668,0.6345219385623933,1,True
63844,0.6344500982761383,1,False
41790,0.6344250810146332,1,True
36886,0.6343522346019745,1,True
3860,0.6343314945697784,1,False
86864,0.6343053853511811,1,True
63686,0.6343047094345093,1,False
9342,0.6342419350147248,1,True
80986,0.6342367577552795,1,True
82751,0.6341635596752166,1,False
29377,0.634155375957489,1,True
49992,0.6341339898109436,1,True
56224,0.6341295552253723,1,True
30104,0.6341295051574707,1,True
6549,0.6341154229640961,1,True
67756,0.6340790343284607,1,True
32582,0.6340663123130799,1,True
17599,0.634037960767746,1,True
67844,0.6340033829212188,1,False
11955,0.6339736413955688,1,True
47686,0.6339220881462098,1,False
42078,0.6338869547843933,1,True
9456,0.6338581025600434,1,True
39850,0.6338260686397552,1,False
73874,0.6337352561950684,1,False
61949,0.633733422756195,1,True
22910,0.6337072920799256,1,False
70945,0.6336761343479156,1,True
41953,0.6336655187606812,1,True
63143,0.633602021932602,1,True
20943,0.6335955953598023,1,True
72946,0.6335666966438294,1,False
97556,0.6335444593429566,1,False
89691,0.6335397064685822,1,True
16924,0.6335357451438903,1,True
70134,0.6335058915615082,1,True
68378,0.6334734594821929,1,True
43880,0.6334096765518189,1,False
59976,0.6333469843864441,1,False
13923,0.633293298482895,1,True
86637,0.6332902121543884,1,False
98975,0.633284672498703,1,True
91992,0.6332782995700836,1,True
81997,0.6332633018493652,1,True
18958,0.6332482075691224,1,False
81960,0.633183022737503,1,True
37992,0.6331400692462921,1,False
2946,0.6331340718269348,1,False
72347,0.6330967128276825,1,False
14757,0.6330732429027557,1,True
28434,0.6330708551406861,1,True
82935,0.6330672430992126,1,False
30202,0.6330562901496888,1,True
78689,0.6330361020565033,1,True
62768,0.6330097210407257,1,False
63992,0.6329980885982514,1,False
62198,0.6329944455623626,1,True
73496,0.6329706144332886,1,False
63236,0.6329630732536315,1,False
62944,0.6329118859767914,1,False
57826,0.6328929924964906,1,True
27993,0.6328668916225433,1,True
70246,0.6328586041927338,1,True
88987,0.6328568875789642,1,True
63618,0.6327568221092223,1,False
53869,0.6327336597442628,1,True
96229,0.6327300488948822,1,False
77847,0.6327150964736938,1,True
43728,0.6327101349830627,1,False
57901,0.6326872265338898,1,False
61829,0.6326565170288085,1,True
26881,0.632613514661789,1,False
82794,0.6326065433025361,1,False
63652,0.6325941073894501,1,False
16697,0.6325847411155701,1,True
46942,0.6325828802585602,1,True
66516,0.6325055468082428,1,False
99691,0.6324850821495056,1,True
13963,0.6324800837039948,1,True
20556,0.6324575567245483,1,True
46733,0.6324257969856262,1,True
36995,0.6324003362655639,1,True
31904,0.6323974597454072,1,True
89902,0.6323863279819488,1,True
79461,0.6323364567756653,1,True
99948,0.6323262560367584,1,True
3778,0.6322935879230499,1,False
26565,0.6322203135490417,1,False
99822,0.6322141110897064,1,True
91445,0.6321271431446076,1,True
59973,0.6320962083339692,1,False
16175,0.6320810115337372,1,True
77620,0.6320776855945587,1,False
77297,0.6320769309997558,1,False
52979,0.6320459759235382,1,False
96374,0.631996157169342,1,False
12619,0.6319760370254517,1,False
36282,0.631947295665741,1,True
83898,0.6319310557842255,1,True
23987,0.6319260573387147,1,True
26416,0.6319160974025726,1,False
62945,0.6318744134902954,1,False
57913,0.6318652606010438,1,True
48978,0.6318637394905091,1,True
47936,0.6318531453609466,1,False
57326,0.6318399941921234,1,True
52992,0.6318332982063294,1,True
47175,0.6317824494838715,1,True
39253,0.6317821669578552,1,True
71634,0.6317792391777038,1,True
43428,0.631751469373703,1,False
90484,0.6317374587059021,1,False
3365,0.6317337453365326,1,False
57868,0.6316972625255585,1,False
99608,0.6316620659828186,1,True
47909,0.6316206002235413,1,False
26664,0.6316066455841065,1,False
11990,0.6315991294384002,1,True
96226,0.6315798926353455,1,False
61750,0.6315258169174194,1,True
91491,0.631517186164856,1,True
96893,0.6315134739875794,1,False
27908,0.6315088069438934,1,False
6771,0.6314794778823852,1,True
3884,0.6314495432376861,1,False
67931,0.6314473152160645,1,True
71570,0.6314253842830658,1,True
30266,0.6314162981510163,1,True
9272,0.6313853406906128,1,True
87844,0.631384265422821,1,False
22867,0.6313729774951935,1,True
12372,0.6313660144805908,1,True
78158,0.6313632643222808,1,True
12980,0.6313602161407471,1,True
29646,0.6313492572307586,1,True
67464,0.6313479161262512,1,True
96498,0.6313448810577393,1,True
81873,0.6313225412368775,1,True
80824,0.6313077557086945,1,True
81896,0.6312535214424133,1,True
36965,0.6312078177928925,1,False
3935,0.6311304044723511,1,True
72281,0.6311180377006531,1,False
16294,0.631066802740097,1,True
93996,0.6310308539867401,1,True
37911,0.6310141801834106,1,True
72785,0.6309759271144867,1,False
6990,0.6309604811668397,1,False
26137,0.6309432876110077,1,True
43962,0.6309394729137421,1,False
91953,0.6309184944629669,1,True
37984,0.6308528757095337,1,False
82810,0.630813353061676,1,False
21603,0.6306207633018494,1,True
76965,0.630565801858902,1,True
23230,0.6305573773384094,1,False
76822,0.6305297720432281,1,True
35917,0.6305053555965423,1,False
83286,0.6304940521717072,1,True
23975,0.6304523313045503,1,False
57994,0.6304165697097779,1,False
57396,0.6304046428203582,1,True
46599,0.6303548181056976,1,False
66337,0.6301582026481629,1,False
48939,0.6301394462585449,1,True
83665,0.6300828790664672,1,False
63244,0.6299673402309418,1,False
97496,0.6299535751342773,1,True
86994,0.6299374008178711,1,True
78999,0.6298862516880035,1,True
87710,0.6298834693431854,1,True
47575,0.6298794960975647,1,True
14992,0.6298017334938049,1,True
3784,0.6297563135623931,1,True
73872,0.6297303330898285,1,False
76894,0.6297155070304871,1,False
47957,0.6296410071849823,1,False
66990,0.6296069192886353,1,True
22452,0.6295767652988433,1,False
68134,0.629558390378952,1,True
33130,0.6295452749729156,1,True
31697,0.6295046484470368,1,True
72208,0.6294785785675049,1,True
56880,0.6294358551502228,1,True
97509,0.6293955171108245,1,True
96659,0.6293712115287781,1,True
20189,0.6293185782432557,1,True
63998,0.6291822481155396,1,True
59966,0.629172568321228,1,False
2902,0.6291677868366241,1,False
18620,0.6291623502969742,1,True
26478,0.6291581189632416,1,True
32891,0.629109480381012,1,True
92712,0.6291003835201263,1,False
76946,0.6290696918964386,1,True
19637,0.6290449893474579,1,True
88717,0.6290270149707794,1,False
72845,0.6290070736408233,1,False
66721,0.6289976847171783,1,True
17956,0.6289840376377105,1,True
83954,0.6289735043048859,1,True
67955,0.62894397854805,1,False
27943,0.6289292144775391,1,False
52903,0.6288470077514648,1,False
31931,0.6288290858268738,1,True
92950,0.6288172209262848,1,False
71577,0.6287792384624481,1,True
32974,0.628778133392334,1,False
73270,0.6287754094600677,1,False
38268,0.6287682747840881,1,True
64830,0.6287575578689575,1,False
40694,0.6287571597099304,1,True
16985,0.6287324655055999,1,False
69622,0.6287196516990662,1,True
40971,0.6286319828033446,1,True
39744,0.6285966324806214,1,True
46993,0.6285652720928192,1,True
27340,0.6285614705085754,1,True
92275,0.6285425066947937,1,False
12907,0.6285138416290283,1,False
73946,0.6284869694709778,1,False
13958,0.6284755194187164,1,True
32818,0.6284754741191865,1,False
57433,0.6284305763244629,1,True
37987,0.6284211254119874,1,True
36723,0.6283621871471405,1,False
8036,0.6283226728439331,1,False
48917,0.6282806229591369,1,True
92374,0.6282675194740295,1,False
44088,0.6282598268985748,1,False
78856,0.6282419538497925,1,True
68771,0.6282373082637787,1,True
84945,0.6282013475894928,1,False
36241,0.62820037484169,1,True
72329,0.6281981408596039,1,False
33562,0.6280600762367249,1,False
72992,0.6280235958099365,1,True
78626,0.6280090701580048,1,False
36755,0.6279653275012971,1,True
93317,0.6279507911205291,1,True
23692,0.6279365050792693,1,True
36870,0.6279238140583039,1,True
39440,0.6279217779636384,1,True
92303,0.6278534173965454,1,False
49747,0.6277447462081909,1,False
38253,0.6276754677295685,1,True
86564,0.6276311123371124,1,False
20783,0.6276271545886993,1,True
13932,0.6275810050964356,1,True
36956,0.6275778377056123,1,False
93336,0.6275638222694397,1,True
58761,0.6275581753253936,1,True
29897,0.6274751269817352,1,True
37345,0.6274492037296295,1,True
36249,0.6274447464942932,1,False
27965,0.6274095678329468,1,False
2910,0.627402538061142,1,False
37436,0.6273888289928437,1,True
60734,0.6271671426296235,1,True
70324,0.627145721912384,1,True
63989,0.6271218073368072,1,True
95999,0.6270846211910248,1,True
53696,0.6270844209194183,1,False
86987,0.6270552861690522,1,False
53789,0.6270367872714997,1,True
97961,0.6270148468017578,1,False
73990,0.6269994711875916,1,True
76845,0.6269110465049743,1,True
86891,0.6269013786315918,1,False
23314,0.6268986403942108,1,True
73974,0.6268819594383239,1,False
32995,0.6268669521808624,1,False
33930,0.6268664145469666,1,True
32946,0.6268463718891144,1,False
50209,0.6268418192863464,1,True
49292,0.6268118464946747,1,False
45971,0.6268052756786346,1,False
95910,0.6267997694015504,1,True
62153,0.6267959868907929,1,False
17942,0.6267958688735962,1,False
34759,0.6267606091499329,1,False
70370,0.6265782475471496,1,True
43775,0.6265721213817597,1,False
62947,0.6265191698074342,1,False
28409,0.6264780175685882,1,True
46325,0.6263987243175506,1,False
97917,0.6263331007957458,1,True
9622,0.6263115262985229,1,True
92844,0.6262475645542145,1,False
60503,0.6262455153465271,1,True
97977,0.6262329304218293,1,True
21840,0.6262066340446473,1,True
98981,0.6261893755197525,1,True
47994,0.626170699596405,1,False
50044,0.6261694431304932,1,True
21996,0.6261677360534668,1,True
61226,0.6261285960674285,1,True
99601,0.6260913050174712,1,True
60554,0.6260309994220734,1,True
63847,0.6260292875766754,1,False
40531,0.6259564387798309,1,True
13473,0.6259376537799834,1,False
87995,0.6259267234802246,1,False
76644,0.6259219300746918,1,True
42140,0.6259145832061768,1,True
59999,0.6259118914604187,1,True
62879,0.62590491771698,1,True
57973,0.6258707916736603,1,True
38957,0.6257886004447937,1,True
67649,0.6257872033119202,1,True
13155,0.6257853662967682,1,False
81735,0.6257678031921386,1,True
6773,0.6257311701774597,1,True
71993,0.6257292902469636,1,True
98425,0.6257020711898804,1,True
12758,0.6256569254398345,1,False
57449,0.625647257566452,1,True
57278,0.6256026327610016,1,False
43896,0.6255947470664978,1,True
49942,0.6255452513694764,1,True
39747,0.6255451595783234,1,True
52930,0.6255369901657104,1,True
36987,0.6254550778865815,1,True
78170,0.6254305863380432,1,True
37545,0.625369542837143,1,False
93857,0.6253551816940308,1,True
96989,0.6253389883041383,1,False
3949,0.6253287088871002,1,False
27989,0.6253012216091156,1,False
67889,0.6252386844158173,1,True
92883,0.6252175354957581,1,True
75629,0.6251607871055602,1,True
42858,0.6251408505439758,1,True
19774,0.6251179718971253,1,True
72593,0.6251006615161896,1,True
92875,0.6250397837162018,1,True
28523,0.6250325882434845,1,True
11481,0.6250197339057922,1,True
16896,0.6250192415714264,1,False
96263,0.6249653792381287,1,False
97970,0.6249516117572784,1,True
59468,0.6249315905570985,1,True
76986,0.6248529887199401,1,True
81938,0.6248309111595154,1,True
16576,0.6247910833358765,1,False
83985,0.6247694671154023,1,True
73903,0.62470449924469,1,False
23290,0.6246900868415832,1,False
80756,0.6246522653102875,1,False
63056,0.6246211111545563,1,False
11318,0.6246170556545257,1,True
42238,0.6246013903617859,1,False
47574,0.624573256969452,1,True
54867,0.624559485912323,1,True
96766,0.6245316970348358,1,True
40746,0.6244504749774933,1,True
19965,0.6244141662120819,1,True
9251,0.6244011902809143,1,True
42960,0.6243697810173034,1,False
62108,0.6243263494968414,1,False
93975,0.6243083679676056,1,False
82974,0.624307827949524,1,False
2592,0.6242768085002899,1,False
77611,0.6242428529262543,1,False
21785,0.6242256188392639,1,True
81544,0.6242124855518341,1,True
10963,0.6242084419727325,1,False
54752,0.6241892993450164,1,False
58955,0.6241340613365174,1,True
63938,0.6241338038444519,1,False
68690,0.6241196799278259,1,False
53845,0.6241007030010224,1,True
72989,0.6240756225585937,1,True
57996,0.6240543568134308,1,True
8447,0.624019854068756,1,True
23836,0.6240057361125946,1,False
73994,0.6240037548542023,1,True
80489,0.623965609073639,1,True
83511,0.6239542078971863,1,False
54845,0.6239496934413911,1,False
63991,0.6239468050003052,1,False
53703,0.623883056640625,1,True
23758,0.6238823676109314,1,False
20884,0.6238651371002197,1,True
72928,0.6238426899909972,1,True
83622,0.623827121257782,1,False
76764,0.6238188898563385,1,False
47996,0.6237963044643402,1,True
58938,0.6237783348560333,1,True
46410,0.6237682127952575,1,True
21689,0.6236882185935975,1,True
63850,0.6236548471450806,1,True
86916,0.6236351752281188,1,False
47985,0.6236007642745971,1,False
1924,0.6235238301753998,1,True
24957,0.6234991264343261,1,False
23996,0.6234968495368958,1,False
69313,0.6234937405586243,1,True
98879,0.6234502553939819,1,True
16168,0.6233667743206024,1,True
16888,0.623344875574112,1,False
47827,0.6233273732662201,1,False
62431,0.6232983183860779,1,False
29943,0.6232912802696229,1,True
23625,0.6232613694667817,1,False
20741,0.6232426762580872,1,True
39968,0.623238263130188,1,True
31932,0.6232381439208985,1,False
79857,0.6232293045520783,1,True
40575,0.6232093095779419,1,True
19630,0.623190404176712,1,True
2955,0.6231548964977265,1,False
3218,0.623129655122757,1,False
69812,0.6231147491931915,1,True
52014,0.6230985498428345,1,True
96920,0.623070205450058,1,True
18784,0.6230596721172332,1,True
87305,0.6230570054054261,1,True
90229,0.6229926812648774,1,True
2372,0.6229561018943787,1,False
87801,0.6228302562236786,1,False
80893,0.6227897322177887,1,True
84814,0.622713772058487,1,False
68110,0.6227059042453766,1,True
12139,0.622687816619873,1,True
46434,0.6226768684387207,1,True
50839,0.6226563036441803,1,True
33921,0.6226523065567017,1,False
90997,0.6226495516300201,1,True
13712,0.6225836086273193,1,False
36230,0.6225625920295715,1,True
37839,0.6225544726848602,1,True
22965,0.622549022436142,1,True
63810,0.6225293564796448,1,False
80574,0.6225041306018829,1,True
36954,0.6224532032012939,1,False
17922,0.6224482536315918,1,True
3917,0.6223887097835541,1,True
45487,0.6223816013336181,1,True
73904,0.6223312592506409,1,True
86700,0.6223310935497284,1,False
71646,0.6223061847686768,1,False
56055,0.6222182536125183,1,False
73800,0.6221220231056214,1,False
31944,0.6220716488361359,1,True
50958,0.6219848525524139,1,True
91537,0.6219812047481537,1,True
43244,0.6219644916057587,1,True
85928,0.62196075797081,1,True
77956,0.621944818496704,1,False
67718,0.6219407558441162,1,False
16442,0.6219300484657287,1,True
67993,0.6219231367111206,1,False
80777,0.6218094062805176,1,True
92702,0.6218088591098785,1,True
67794,0.6217428147792816,1,True
97814,0.6217363774776459,1,False
73980,0.621719880104065,1,False
59245,0.6217081427574158,1,False
18633,0.6217001008987426,1,True
46465,0.621697826385498,1,True
66911,0.6215800464153289,1,False
82256,0.6215515446662903,1,False
83698,0.6215335929393768,1,False
12332,0.6215079295635224,1,False
3387,0.6214760649204254,1,False
42293,0.6214419150352478,1,True
33923,0.6214210605621338,1,False
37807,0.6214128935337067,1,True
13802,0.6213596332073212,1,True
59665,0.621339271068573,1,True
7481,0.6212857413291931,1,False
86894,0.6212708473205566,1,True
48810,0.6212539446353913,1,True
66889,0.6211481547355652,1,True
82655,0.6211403024196624,1,False
31947,0.6210792374610901,1,True
76934,0.621053591966629,1,True
64930,0.6210333943367005,1,False
92835,0.6210110294818878,1,False
6449,0.6209907865524291,1,True
46526,0.6209050858020783,1,True
78973,0.6208604109287262,1,True
72977,0.6208298707008362,1,True
33872,0.6207829511165619,1,False
79511,0.6207743418216706,1,False
37474,0.620713894367218,1,True
990,0.6206813848018646,1,True
43874,0.6206666195392609,1,False
47928,0.6206038701534271,1,False
51574,0.6205933320522308,1,True
69380,0.6205690979957581,1,True
33133,0.6205614495277405,1,False
39652,0.6204278326034546,1,True
97910,0.6204261565208435,1,True
2869,0.6204228520393371,1,True
7285,0.6204152870178223,1,True
60932,0.6203674113750457,1,True
92874,0.620362890958786,1,True
66366,0.6203530478477478,1,True
1732,0.6203514850139618,1,True
57993,0.6203260660171509,1,True
29717,0.620309852361679,1,True
97982,0.6203000807762147,1,False
63863,0.6202971529960633,1,False
33147,0.6202858734130859,1,True
56656,0.6202830791473388,1,True
49918,0.6202621495723724,1,True
67086,0.6202507066726685,1,True
13086,0.6202375519275665,1,True
91171,0.6202277493476868,1,True
77992,0.6202211844921113,1,False
88979,0.620204941034317,1,True
50550,0.620201336145401,1,True
3213,0.6202009785175323,1,False
9999,0.6201966297626496,1,True
36919,0.6201188516616821,1,False
71822,0.6201173424720764,1,True
17645,0.6201075959205627,1,True
1943,0.620094290971756,1,True
37962,0.6200388133525848,1,False
90974,0.6200090944766998,1,True
97581,0.6199985158443451,1,True
63550,0.6199914979934693,1,True
55287,0.6199784851074219,1,False
63831,0.6199449574947358,1,False
50862,0.6199392676353455,1,True
27953,0.6199267923831939,1,False
43305,0.6199181389808655,1,True
22436,0.6198758053779602,1,False
89883,0.6198665177822114,1,True
37870,0.6198563194274902,1,False
80547,0.6197989785671234,1,True
11398,0.619789513349533,1,True
83839,0.6197645592689514,1,True
77947,0.6197561359405517,1,True
45545,0.6197540640830994,1,False
65917,0.6197356295585632,1,False
99717,0.6196183824539185,1,True
19576,0.6196159273386002,1,True
79779,0.6195932245254516,1,True
78174,0.6195337426662445,1,True
86578,0.6195331418514252,1,True
57393,0.6194407069683074,1,True
77885,0.6194312226772308,1,True
66949,0.6194270062446594,1,True
37798,0.6193943417072296,1,True
23458,0.6193588876724243,1,False
96388,0.619339507818222,1,False
87419,0.6193359124660491,1,True
13945,0.6193173122406006,1,False
31800,0.6192937719821929,1,True
97426,0.61927494764328,1,True
9862,0.6192561030387879,1,True
82691,0.6192485690116882,1,True
74953,0.6192038249969483,1,False
99692,0.6191916596889495,1,True
46946,0.6191908764839172,1,False
86956,0.6191875803470612,1,False
23465,0.6191154003143311,1,True
39954,0.6190609014034272,1,True
31517,0.6189860093593598,1,True
37367,0.6189695966243745,1,True
21824,0.618950879573822,1,True
39244,0.6189434409141541,1,True
93941,0.6189013755321502,1,False
6974,0.6188347816467286,1,False
6258,0.6187074637413025,1,True
56939,0.6186588406562805,1,False
91946,0.6186183369159699,1,True
37568,0.6186140620708466,1,True
89998,0.6185637235641479,1,True
17559,0.6185588777065277,1,True
86622,0.6184842789173126,1,True
72980,0.6184528720378876,1,True
10536,0.6184404742717743,1,True
992,0.6184367859363555,1,True
71865,0.6184157478809357,1,True
59703,0.6184053909778595,1,True
68955,0.6183949553966522,1,True
3788,0.6183532857894898,1,True
39043,0.6183434402942658,1,True
43911,0.6183255636692047,1,True
65672,0.6183071374893189,1,False
56849,0.6182646012306213,1,True
43331,0.618230185508728,1,True
21983,0.6182224798202515,1,True
96598,0.618213505744934,1,True
52348,0.618189777135849,1,True
47257,0.6181544947624207,1,False
32973,0.6181400847434997,1,False
9703,0.6181296515464783,1,True
82990,0.6180770564079284,1,False
24920,0.6180718147754669,1,False
98267,0.6180612313747407,1,True
76178,0.6179975378513336,1,True
7805,0.6179923272132873,1,False
60812,0.6179716289043427,1,False
32274,0.6178603684902191,1,False
3762,0.6177631092071534,1,False
27837,0.6177504706382752,1,False
93852,0.6177310073375701,1,False
23991,0.6177230787277221,1,True
13974,0.6177222681045532,1,False
53282,0.6176763069629669,1,False
6994,0.6176627504825591,1,True
24978,0.6176429975032807,1,False
63364,0.6176135611534119,1,True
23907,0.6175777542591094,1,True
66942,0.6175706732273102,1,False
38311,0.6175426304340362,1,True
58810,0.6174780571460724,1,True
39937,0.6173952209949494,1,False
28772,0.6173889017105103,1,True
17126,0.6173833858966827,1,True
22704,0.6173498332500458,1,False
27973,0.617343761920929,1,False
69753,0.6173307204246521,1,True
3628,0.6173230051994324,1,True
22939,0.617316586971283,1,True
93201,0.6173023211956024,1,True
60887,0.6172988677024842,1,True
87950,0.6172684872150421,1,False
72941,0.617212462425232,1,True
75916,0.6171695971488953,1,False
92887,0.6171553385257721,1,True
42651,0.6170816624164581,1,False
92736,0.6170205163955689,1,False
86354,0.6170143473148346,1,False
66852,0.6170087742805481,1,True
24933,0.616944363117218,1,False
89684,0.6169339942932128,1,False
42692,0.6168913447856903,1,False
77835,0.616867743730545,1,True
83664,0.6168238139152527,1,True
42760,0.6167778694629669,1,True
43685,0.6167536520957947,1,False
56989,0.6167520642280578,1,True
98899,0.616748821735382,1,True
14794,0.6167399299144745,1,False
26358,0.616735155582428,1,False
50507,0.6165891516208648,1,False
78978,0.6165797555446625,1,False
67587,0.6165695226192474,1,True
99712,0.616547634601593,1,True
57914,0.6163725399971008,1,False
27976,0.6163673484325409,1,True
39971,0.6163234865665436,1,True
9915,0.6163009119033813,1,True
21886,0.6162914681434631,1,True
96959,0.6162529838085175,1,False
86250,0.6162008464336395,1,True
32961,0.6161971867084504,1,True
82977,0.6161770379543304,1,True
9899,0.6161575388908387,1,True
8483,0.6161490321159363,1,True
32188,0.6161176073551178,1,True
26990,0.6160718595981598,1,True
4885,0.6160073053836823,1,False
7569,0.6159955525398255,1,True
86626,0.615900377035141,1,True
29977,0.6159000837802887,1,True
4591,0.6158627688884735,1,True
77748,0.6158595883846283,1,True
7353,0.6158510935306549,1,True
23179,0.6158395767211914,1,False
87159,0.6158105587959289,1,True
79793,0.6157330203056335,1,True
96994,0.6156897568702697,1,True
10722,0.6156819427013397,1,True
98211,0.6156429278850555,1,True
6988,0.6156198740005493,1,True
49901,0.6156195962429047,1,True
71900,0.615612701177597,1,True
61608,0.6155916404724121,1,True
74117,0.6155719828605652,1,True
62925,0.6154777419567108,1,False
52687,0.6154305660724639,1,True
43262,0.6154066956043244,1,False
25726,0.6153742718696594,1,True
43180,0.6153635346889496,1,True
79964,0.6153557538986206,1,True
9205,0.615341501235962,1,True
16589,0.6153306865692139,1,False
23010,0.6153206396102905,1,False
60991,0.6153048908710479,1,True
92154,0.6152879011631012,1,True
92933,0.6152785778045654,1,True
22072,0.6152660250663757,1,False
23901,0.6152526760101318,1,True
77934,0.6152499437332153,1,False
26574,0.6151821494102478,1,True
20441,0.6151732361316681,1,True
52783,0.6151591646671295,1,True
21882,0.6151171112060547,1,True
53225,0.6151075422763824,1,False
63761,0.6150506603717804,1,False
57395,0.6150464057922364,1,True
15659,0.6150389540195464,1,False
36486,0.6150138103961944,1,False
98649,0.6149447786808013,1,True
59822,0.6148951041698456,1,False
87987,0.6148846685886383,1,True
83896,0.6148720788955688,1,True
22592,0.614858832359314,1,False
80277,0.6148484194278717,1,True
66988,0.6148172509670258,1,True
53493,0.6147804129123687,1,False
83903,0.6147150027751922,1,False
58275,0.614655864238739,1,True
19962,0.6146303176879883,1,True
68463,0.6145948278903961,1,True
99889,0.614580934047699,1,False
75931,0.6145108592510223,1,False
6259,0.6144864809513092,1,True
3805,0.6144655239582062,1,False
17994,0.6144556450843811,1,True
62335,0.614454687833786,1,False
30760,0.614445149898529,1,True
39738,0.6143884968757629,1,True
56015,0.6143844854831695,1,True
23310,0.6143700861930848,1,True
28934,0.6143603348731994,1,True
89109,0.6143176686763764,1,True
83291,0.6143017709255219,1,True
16486,0.6142792201042175,1,False
19797,0.6142396998405457,1,True
6743,0.6142369937896728,1,True
71239,0.6142164671421051,1,True
83156,0.6142074584960937,1,False
1712,0.6141213119029999,1,True
51991,0.6140991294384003,1,True
82012,0.6140580189228058,1,True
97859,0.6140429270267487,1,True
68844,0.6139907622337342,1,True
82194,0.6139613854885101,1,False
63939,0.6139551246166229,1,False
22033,0.6139274621009827,1,False
9957,0.6138996660709382,1,True
73939,0.6138786339759827,1,True
19229,0.6138600051403046,1,True
1703,0.6137941384315491,1,True
47969,0.6137733590602874,1,True
40247,0.6137634181976318,1,True
12794,0.6137574195861817,1,True
1990,0.613708735704422,1,False
76885,0.6136670458316803,1,False
66994,0.6136586940288544,1,True
79377,0.613629539012909,1,True
37679,0.6136260962486266,1,True
8899,0.6136225688457488,1,False
17352,0.6136115407943725,1,False
48377,0.6135969352722168,1,True
3820,0.6135704290866852,1,False
7992,0.613570271730423,1,False
57136,0.6135614943504334,1,True
70657,0.6135202026367188,1,True
88034,0.6135077428817749,1,True
22193,0.6134830605983734,1,False
46152,0.6134798812866211,1,True
6509,0.613471236228943,1,False
46984,0.6134310400485992,1,True
17934,0.6134196174144745,1,False
86981,0.6134138178825379,1,False
7073,0.6133927416801452,1,True
2131,0.613342627286911,1,True
48601,0.6132980084419251,1,True
66973,0.6132525038719177,1,False
37918,0.6132216703891754,1,False
3081,0.6131772243976593,1,False
29447,0.6131724429130554,1,True
38859,0.6131678748130798,1,True
59906,0.6131637167930604,1,False
63854,0.6131581044197083,1,True
8269,0.6131580889225006,1,True
30833,0.6131414604187011,1,True
36941,0.6131237196922302,1,False
30909,0.6131213200092316,1,True
66840,0.6130151724815369,1,False
82096,0.6130028665065765,1,True
14890,0.6129999673366546,1,False
97064,0.6129993939399719,1,True
82620,0.6129809880256653,1,False
27584,0.6129608130455018,1,False
83944,0.612945350408554,1,False
42847,0.6129396784305572,1,False
89962,0.6128995478153229,1,True
52152,0.6127758371829987,1,True
70998,0.612763774394989,1,True
63301,0.6127546596527099,1,False
58604,0.6127376616001129,1,True
22826,0.6127205228805542,1,False
76963,0.6127092361450195,1,True
27994,0.6126983594894408,1,True
61984,0.6126759934425354,1,True
47570,0.6126508343219756,1,False
2124,0.6126303493976593,1,False
57925,0.612559574842453,1,True
61360,0.6125360786914825,1,True
77687,0.6125249350070954,1,True
63706,0.6125043857097625,1,False
89953,0.6124510204792022,1,True
989,0.6124273645877838,1,True
61991,0.6124014174938202,1,True
93511,0.612395693063736,1,False
46858,0.6123491001129151,1,False
92083,0.6123361945152282,1,True
76152,0.6122649824619293,1,True
57133,0.6122634589672089,1,True
71525,0.6122623336315155,1,False
27877,0.6122528719902038,1,True
77416,0.6122024786472321,1,True
12559,0.6122005724906922,1,True
57643,0.6121481478214263,1,True
53985,0.6121173012256622,1,True
59811,0.6121067100763321,1,True
63112,0.6120434248447418,1,False
58722,0.6120365810394287,1,False
19766,0.6120023286342621,1,False
32010,0.6119862926006318,1,False
31860,0.6119579017162323,1,True
67975,0.611957346200943,1,True
88959,0.6119567626714706,1,True
16643,0.6119548380374908,1,True
53309,0.6118936038017273,1,False
82807,0.6118831133842468,1,False
83092,0.6118711054325103,1,False
33630,0.6118374109268189,1,False
95904,0.6118199944496154,1,False
71228,0.6117681992053986,1,True
72744,0.6117220604419709,1,False
22226,0.6116934001445771,1,False
82992,0.6116841268539429,1,True
39396,0.6116786181926728,1,True
39784,0.6116117453575134,1,False
56937,0.6115899085998535,1,False
60943,0.6115828895568848,1,True
42573,0.6115805232524871,1,True
73991,0.6115725219249726,1,False
27987,0.6115344655513764,1,True
79035,0.6115036231279374,1,True
91968,0.6114972925186157,1,True
88805,0.6114965403079986,1,False
23803,0.6114619708061219,1,False
49877,0.6114530956745148,1,True
7868,0.6114500975608825,1,True
47748,0.61142462849617,1,True
12786,0.611389957666397,1,False
68995,0.6113387942314148,1,True
33250,0.6113369452953339,1,False
11945,0.6113369047641755,1,True
56219,0.6112916004657746,1,False
7208,0.6112859547138214,1,True
26999,0.611285743713379,1,True
17448,0.611271517276764,1,False
46268,0.611230319738388,1,True
6910,0.6112062263488769,1,True
62866,0.6111893129348756,1,True
34997,0.6111527073383332,1,False
64681,0.6111127674579621,1,False
47136,0.6110790491104126,1,True
21944,0.6110114920139313,1,True
58312,0.6110003411769866,1,True
82037,0.6109993553161621,1,False
87265,0.6108934891223907,1,True
93593,0.6108534777164459,1,False
95756,0.6108430993556977,1,False
28183,0.6108428478240967,1,True
82902,0.6108401608467102,1,False
96958,0.6107749319076539,1,False
96952,0.6106686043739319,1,False
23200,0.6105827128887177,1,False
8771,0.6105745780467987,1,True
13084,0.6105731177330017,1,True
45997,0.6105692267417908,1,True
52978,0.6105552518367767,1,True
18284,0.6104456329345703,1,True
6996,0.6104151594638825,1,False
12917,0.6103934979438781,1,False
73144,0.6103621280193329,1,True
57276,0.6103592443466186,1,True
38520,0.6103460490703583,1,True
23958,0.6103297543525696,1,True
47391,0.6103285992145538,1,True
23647,0.6103219008445739,1,False
49425,0.6103201472759248,1,False
27898,0.6103162336349488,1,False
3994,0.6102849411964416,1,False
92991,0.6102775073051453,1,True
58907,0.6102020132541657,1,True
96915,0.6101353120803833,1,False
689,0.6100581121444703,1,True
76995,0.6100395226478577,1,True
9984,0.6100120830535889,1,True
36467,0.609987416267395,1,False
66572,0.6099801516532898,1,True
48646,0.6098225235939025,1,True
71963,0.6097826647758484,1,True
17996,0.6097656393051147,1,False
50921,0.609760605096817,1,True
69998,0.6097354733943939,1,True
68627,0.609711846113205,1,True
81691,0.6096946609020233,1,True
18488,0.6096668720245362,1,True
82145,0.6096096467971802,1,True
57676,0.6095930457115173,1,True
35988,0.6095236849784851,1,True
19475,0.609472600221634,1,True
63946,0.6094683527946472,1,False
9852,0.609428849220276,1,True
43818,0.6093850147724151,1,False
36892,0.6093147993087769,1,True
63384,0.6093048238754273,1,True
30866,0.609301940202713,1,True
19985,0.6092811644077301,1,True
51405,0.6092233908176422,1,True
36141,0.6091825008392334,1,True
36883,0.6091401731967926,1,True
96545,0.6091347372531891,1,True
98254,0.609087141752243,1,True
6189,0.6090544760227203,1,True
21797,0.6090272986888885,1,True
41980,0.6090262424945831,1,True
68921,0.609004828929901,1,True
3645,0.6089848935604095,1,False
13852,0.6089834260940552,1,False
70653,0.608972625732422,1,True
87749,0.6089557051658631,1,False
82132,0.6089303910732269,1,False
76077,0.608915514945984,1,True
83989,0.6089109921455383,1,True
26599,0.6089090394973755,1,True
26735,0.608871705532074,1,True
96885,0.6088675796985626,1,True
61828,0.6088671278953552,1,True
71997,0.6088568460941315,1,False
67503,0.6088444495201111,1,True
7545,0.6088062655925751,1,True
3715,0.6087734115123749,1,False
43990,0.6087288200855255,1,True
30772,0.6086849117279053,1,True
51928,0.6086824655532836,1,True
22876,0.6086774039268494,1,False
67589,0.608673609495163,1,False
72193,0.6086485147476196,1,True
7958,0.6086421632766723,1,False
78711,0.6086383759975433,1,False
48714,0.6086204755306244,1,False
59565,0.608593190908432,1,True
86281,0.6085811853408813,1,False
66453,0.608541761636734,1,False
40057,0.608526508808136,1,True
29131,0.6084630322456359,1,True
52763,0.6084051406383515,1,True
83851,0.6084041500091553,1,False
79569,0.6083519649505615,1,True
12986,0.6083266580104828,1,False
92051,0.6082935559749603,1,True
31874,0.6082216322422027,1,True
68957,0.608221526145935,1,True
86991,0.608215925693512,1,False
96803,0.6082125055789948,1,True
16993,0.6080485594272613,1,False
47693,0.6080317628383636,1,False
76658,0.6079914498329162,1,False
28852,0.6079747414588927,1,True
46833,0.6079508316516876,1,False
15843,0.6079266917705536,1,False
46995,0.607924337387085,1,True
12718,0.6078702282905579,1,False
96352,0.6078232729434967,1,True
92978,0.6077191793918609,1,True
16409,0.6077176606655121,1,False
32588,0.6076604211330414,1,False
35700,0.6076498234272003,1,True
7810,0.6076044821739197,1,True
97812,0.6075791549682616,1,False
91996,0.6075720369815827,1,True
3206,0.6075718259811401,1,False
83967,0.607544206380844,1,False
32955,0.607537841796875,1,False
73785,0.6075358486175537,1,False
47993,0.6075277674198151,1,False
79949,0.6075126683712005,1,False
69745,0.6074870133399963,1,True
71640,0.6074232566356659,1,True
5884,0.6073917436599732,1,True
20975,0.6073067784309387,1,True
43970,0.607258586883545,1,False
82901,0.6072444581985474,1,True
77874,0.607235711812973,1,True
37965,0.6072298240661621,1,False
55265,0.6071919345855713,1,False
93446,0.6071784710884094,1,False
37512,0.6071781587600709,1,False
18015,0.6071516251564026,1,True
29841,0.6071398484706878,1,True
32190,0.6071318733692169,1,True
74974,0.607103556394577,1,False
1586,0.6070823585987091,1,True
50986,0.6070654249191284,1,True
46247,0.6070138847827912,1,True
13248,0.6070028734207153,1,False
16953,0.6069696021080018,1,False
52912,0.6069443273544312,1,True
30763,0.6069376897811889,1,True
71821,0.6069298315048217,1,True
67948,0.6068912863731384,1,False
69087,0.606828727722168,1,True
40936,0.6067716944217683,1,True
30576,0.6067484319210052,1,True
63975,0.6067387473583221,1,False
79181,0.6067280948162079,1,True
66479,0.6066545367240905,1,True
96687,0.6066075491905212,1,True
39920,0.6064946663379669,1,True
58869,0.6064922541379929,1,True
16905,0.6064838778972625,1,True
75846,0.6064556396007538,1,True
67672,0.6064474284648895,1,False
62427,0.6063798689842224,1,False
10662,0.6063123643398285,1,True
80921,0.6063030874729156,1,True
41981,0.6062961661815643,1,True
27840,0.6062959957122802,1,True
1948,0.606295907497406,1,True
18902,0.6062937998771667,1,True
82014,0.6062660360336304,1,False
63238,0.6062422525882721,1,False
39940,0.6062234771251678,1,True
86501,0.6061806929111481,1,True
10706,0.6061385381221771,1,True
52803,0.6061267554759979,1,True
7366,0.6061089408397675,1,True
32797,0.6060914885997772,1,True
19756,0.6060889685153961,1,True
53951,0.6060802590847015,1,False
13178,0.6060755491256714,1,True
89909,0.606063163280487,1,True
13483,0.6060612750053406,1,False
46924,0.6060485661029815,1,False
13390,0.6060276091098785,1,True
46784,0.6060215711593628,1,True
82179,0.6059994244575501,1,True
66506,0.6059712600708007,1,False
22971,0.6059051024913789,1,True
34921,0.6058400225639343,1,False
46860,0.6058276748657226,1,True
33855,0.6057473194599152,1,False
66967,0.6057296204566955,1,True
73793,0.6056868588924408,1,False
48456,0.6056835770606994,1,True
23922,0.6056112992763519,1,True
96996,0.6055775308609008,1,False
82299,0.6055539023876191,1,False
37405,0.6055367684364319,1,True
6429,0.6055224227905274,1,True
11985,0.6054936599731445,1,True
21737,0.60546342253685,1,True
17995,0.6054499185085296,1,False
67026,0.6054414749145508,1,True
93142,0.6054308259487152,1,False
76258,0.6054182028770447,1,False
48523,0.6053922927379608,1,True
79981,0.605377596616745,1,True
93116,0.6052825045585633,1,False
52915,0.6052311408519745,1,False
79734,0.6052208828926087,1,True
63178,0.6052154719829559,1,True
26994,0.6051818180084229,1,True
99999,0.6051507890224457,1,True
89456,0.6050727486610412,1,True
7711,0.6050232243537903,1,True
71996,0.6049761927127838,1,False
48986,0.6048957669734956,1,True
86769,0.6048903000354766,1,False
48827,0.6048810374736786,1,True
78995,0.6048775219917297,1,True
67158,0.6047766804695129,1,True
56533,0.604715075492859,1,True
17948,0.6046987915039063,1,False
68925,0.6046626764535904,1,True
56441,0.6046572518348694,1,False
46836,0.6046498095989228,1,False
56871,0.6045572030544282,1,False
33951,0.6045568466186524,1,False
92442,0.6045213961601257,1,False
18685,0.6045078766345978,1,True
32389,0.6044930183887482,1,True
99976,0.6044418716430664,1,True
60331,0.604437655210495,1,True
37645,0.6044111084938049,1,False
26822,0.6043616020679474,1,False
77438,0.6043392741680145,1,True
37612,0.604277687072754,1,True
32127,0.6042546474933624,1,False
72242,0.6042380368709565,1,True
13408,0.6042225968837738,1,False
16235,0.6041382205486298,1,False
26989,0.604094135761261,1,False
67777,0.6040527665615082,1,True
71729,0.6040212285518647,1,True
77594,0.6039678740501404,1,True
29806,0.6039000308513641,1,True
23147,0.6038752198219299,1,True
50944,0.6038619649410248,1,False
7948,0.6038596522808075,1,True
12868,0.6038200223445893,1,False
97447,0.6037631320953369,1,False
77673,0.603750467300415,1,True
67327,0.6037469327449798,1,True
2872,0.6037310039997101,1,True
10990,0.6036818301677704,1,True
33908,0.6036585307121276,1,True
97655,0.6036284649372101,1,True
61931,0.6036118698120118,1,True
50995,0.6035984146595001,1,True
88714,0.6035491871833801,1,True
77949,0.6034718573093414,1,True
90949,0.6033779394626617,1,True
67619,0.603306028842926,1,True
67869,0.6032758569717407,1,True
44841,0.6032507443428039,1,False
41967,0.6032494747638703,1,False
9924,0.6032492578029632,1,True
36920,0.6032229137420655,1,True
57939,0.6032093906402588,1,False
78823,0.6031494891643524,1,True
16950,0.6031405222415924,1,False
81733,0.6031400096416474,1,False
32811,0.603136293888092,1,True
19452,0.6031300628185272,1,True
57385,0.603100597858429,1,True
86996,0.6030640578269959,1,False
46947,0.603052922487259,1,True
80388,0.6029785084724426,1,True
83214,0.6029323112964631,1,True
52691,0.6029191184043885,1,False
74416,0.6027741014957428,1,True
22782,0.602757476568222,1,False
29620,0.602735265493393,1,True
52184,0.6027342796325683,1,True
97672,0.6027007734775542,1,True
17632,0.6026949572563172,1,False
44851,0.6026864969730377,1,True
29994,0.6025666904449463,1,True
73302,0.6025522100925446,1,False
57585,0.6025037670135498,1,True
82860,0.6025024676322936,1,True
19188,0.6024868965148926,1,True
54886,0.6024614846706391,1,False
54750,0.6024498629570008,1,False
67211,0.602431480884552,1,True
66951,0.6024109101295472,1,False
93630,0.6023328912258148,1,True
97944,0.6023311114311218,1,False
34965,0.602292447090149,1,False
69222,0.6022634255886078,1,True
43541,0.6022582089900971,1,False
6929,0.6021833109855652,1,False
60533,0.6021539235115051,1,True
76853,0.6020975887775422,1,False
13738,0.6020634353160859,1,True
28974,0.602059975862503,1,True
40993,0.6019207870960235,1,False
32982,0.6019080519676209,1,True
18011,0.6018997585773468,1,False
7989,0.6018965041637421,1,True
16866,0.6018838930130005,1,False
51988,0.6018776965141297,1,True
91993,0.6018626749515533,1,True
58820,0.6018306040763854,1,True
56503,0.6018136548995972,1,False
27297,0.6017666417360306,1,True
87941,0.6017634570598602,1,True
77991,0.6017634153366089,1,False
69691,0.6016816318035125,1,True
17952,0.601670297384262,1,False
81989,0.6016346621513367,1,True
83673,0.601574604511261,1,True
28634,0.6015628862380982,1,True
76806,0.6014994359016419,1,True
38712,0.6014940404891969,1,True
48146,0.6014554643630982,1,False
76948,0.6014397418498993,1,False
62199,0.6014346992969513,1,False
53800,0.6013615357875823,1,True
59456,0.6013387095928192,1,True
40969,0.6013029766082764,1,False
45965,0.6012812399864197,1,True
80738,0.6012648677825928,1,False
13243,0.6012121880054474,1,False
11744,0.6012119555473328,1,True
73953,0.6011702942848205,1,False
72330,0.6011123132705689,1,True
62885,0.6011073899269104,1,True
16514,0.6010533118247986,1,True
66611,0.6009945106506348,1,True
6333,0.6009728169441223,1,False
42196,0.6009552478790283,1,True
53844,0.6009239304065704,1,False
96478,0.6009181034564972,1,False
37901,0.6008996844291687,1,False
97948,0.6008879196643829,1,True
47394,0.6008617579936981,1,True
46137,0.6008315086364746,1,False
22955,0.6007995629310607,1,False
71988,0.60079434633255,1,True
7994,0.6007899487018585,1,True
41990,0.6007887160778045,1,True
53476,0.6007352149486542,1,True
83979,0.6007148289680482,1,False
50220,0.6007112967967987,1,True
78925,0.600655597448349,1,True
51920,0.6006445062160493,1,True
48964,0.6006115281581879,1,True
76355,0.6005885004997253,1,True
12298,0.6005748176574708,1,False
57211,0.6004818272590637,1,True
77785,0.6004332613945007,1,False
78808,0.6004183304309845,1,True
5996,0.6004003024101258,1,False
805,0.6003941285610199,1,True
94812,0.6003664147853851,1,False
52878,0.6003115153312684,1,True
61352,0.6002206969261169,1,True
80993,0.6002185010910035,1,True
31909,0.6002168476581573,1,False
56994,0.60018190741539,1,True
41942,0.6001654648780823,1,False
98911,0.6001452904939651,1,True
12716,0.6001355612277985,1,True
75979,0.6001241219043731,1,False
79926,0.6000615614652633,1,True
3819,0.5999592709541322,1,True
78997,0.5999564635753631,1,True
32260,0.5999007546901702,1,False
73984,0.5998845970630646,1,False
77579,0.5998697412014008,1,True
82098,0.5996930468082428,1,False
42378,0.5996846127510072,1,True
88867,0.5996426713466645,1,True
27802,0.5996225106716155,1,True
7996,0.5995873355865479,1,False
20952,0.5995571780204774,1,True
33967,0.5995473182201385,1,True
93806,0.5995458173751831,1,False
46054,0.5995450854301453,1,True
76863,0.5995309603214264,1,False
10257,0.5994833445549012,1,True
26513,0.5994731390476227,1,True
27956,0.5994634628295898,1,True
83309,0.599453192949295,1,False
90742,0.5994520902633667,1,True
62619,0.5994215393066407,1,False
87234,0.5993764102458954,1,False
48528,0.5993751955032349,1,True
80860,0.5993516433238983,1,True
22920,0.5993491661548614,1,True
67250,0.599313942193985,1,True
66680,0.5993093645572662,1,True
16405,0.5993039715290069,1,True
73097,0.5993000268936157,1,False
60222,0.5992341005802154,1,True
88470,0.5991838920116425,1,False
90831,0.5991589522361755,1,True
93713,0.599080171585083,1,True
94946,0.5990667688846588,1,False
9998,0.5990170073509217,1,True
3952,0.5989686059951782,1,False
55965,0.5989451289176941,1,False
92570,0.5989435005187989,1,True
37850,0.5989343225955963,1,False
28533,0.5988956928253174,1,True
26980,0.5988404870033264,1,True
2759,0.59883220911026,1,True
26520,0.5987960648536682,1,True
56209,0.5987937319278717,1,True
5684,0.598739218711853,1,False
5769,0.5987117946147918,1,True
16832,0.598649810552597,1,True
21935,0.5986153411865234,1,True
98056,0.5985638749599457,1,False
97142,0.5985105001926423,1,True
37674,0.5984921956062317,1,False
97955,0.5984578406810761,1,False
87867,0.5983605992794037,1,False
23208,0.5983544480800629,1,True
76101,0.5983149015903473,1,True
80631,0.5982797181606293,1,True
73746,0.5982435131072998,1,False
37922,0.5982068371772766,1,True
7987,0.5981319510936738,1,True
38933,0.5980982649326325,1,True
26954,0.5980870676040649,1,False
58827,0.5980820631980897,1,True
50823,0.5980464911460877,1,True
40913,0.5980236303806306,1,False
79570,0.5980126583576202,1,True
90993,0.597992707490921,1,True
66538,0.597969251871109,1,True
38999,0.5979355621337891,1,False
30178,0.597891104221344,1,True
20996,0.5978677880764007,1,True
88928,0.5978386867046357,1,True
38309,0.5977963972091676,1,True
60934,0.5977955162525177,1,True
38856,0.5977701795101166,1,True
62815,0.5977677655220032,1,True
24820,0.5977403450012206,1,False
8809,0.5977111387252807,1,False
12519,0.5977085936069488,1,False
26502,0.597692779302597,1,True
41862,0.597659764289856,1,False
70901,0.5976596796512603,1,True
1955,0.597649542093277,1,True
17149,0.5976365470886231,1,False
71724,0.5976331758499145,1,True
33255,0.5976156020164489,1,True
38047,0.5975666689872742,1,False
80995,0.5975413286685944,1,True
10954,0.597505339384079,1,False
97026,0.5974859869480134,1,True
89929,0.5974647498130798,1,False
1896,0.5974135851860046,1,True
40589,0.5973093187808991,1,True
60899,0.597285840511322,1,True
94917,0.5972351396083833,1,True
31920,0.5972175669670106,1,True
47742,0.597205342054367,1,False
73648,0.5972023594379425,1,False
81969,0.5971891450881959,1,True
33832,0.5971888041496276,1,False
78993,0.5971843230724334,1,True
10899,0.5971641790866852,1,True
51786,0.5971311950683593,1,True
6763,0.5971146214008332,1,True
28549,0.5970957338809967,1,True
21916,0.5970527958869934,1,True
3985,0.5970318973064422,1,True
86972,0.597011969089508,1,False
53980,0.5969867503643036,1,True
949,0.5969696533679962,1,True
85975,0.5969608414173126,1,False
93954,0.5969505703449249,1,False
464,0.5969178915023804,1,True
56923,0.5969107604026794,1,False
30985,0.5968527758121491,1,True
76852,0.5967916703224182,1,True
99478,0.5966795742511749,1,True
67247,0.5966103339195251,1,True
71154,0.5965761423110962,1,True
6754,0.5965735828876495,1,True
83678,0.596571317911148,1,False
97893,0.5965472388267516,1,True
69997,0.596424423456192,1,True
71691,0.5964059507846833,1,True
17722,0.5963848662376403,1,False
9975,0.5963557362556458,1,True
83991,0.5963226020336151,1,True
91940,0.5963193416595459,1,True
13847,0.5962575447559357,1,True
36809,0.5962356340885162,1,True
96447,0.5962315654754639,1,True
73967,0.5961962127685547,1,False
10756,0.5961487507820129,1,True
43939,0.5961193680763245,1,False
38894,0.5960538899898529,1,True
7867,0.5960215735435486,1,True
11982,0.5960051143169403,1,True
39964,0.5959605258703231,1,True
62032,0.5959413325786591,1,False
88743,0.5959288215637206,1,True
66996,0.5958678138256073,1,False
72701,0.5957926774024963,1,False
53930,0.5957616710662842,1,True
54609,0.595760726928711,1,False
36460,0.5956951630115509,1,True
26479,0.5956610226631165,1,True
69823,0.5956596875190735,1,True
67945,0.5956047797203063,1,False
95908,0.5955880200862884,1,False
72258,0.5955851435661316,1,True
49952,0.595583131313324,1,True
87970,0.5955806636810304,1,False
13948,0.5955669689178467,1,True
11917,0.5955469954013825,1,True
27668,0.5955397367477417,1,False
90583,0.5955287742614745,1,False
68106,0.5955201303958892,1,True
889,0.5954992008209229,1,True
16691,0.5953944540023803,1,False
1107,0.5953863513469696,1,True
23339,0.5953842806816101,1,True
32872,0.5953366684913635,1,False
72813,0.5953345584869385,1,False
31905,0.5953277575969695,1,True
70250,0.5953153109550476,1,True
46454,0.5953135251998901,1,False
12239,0.595281776189804,1,False
53436,0.5952807581424713,1,True
76905,0.5952691459655761,1,False
50990,0.5952164602279664,1,True
21789,0.5952120280265808,1,True
57906,0.5951717376708985,1,True
27641,0.5951444244384765,1,True
89993,0.5951275932788849,1,True
53431,0.5951263129711151,1,True
22701,0.5951065909862518,1,False
41992,0.5950985741615296,1,True
88962,0.5950880551338196,1,True
75840,0.5950090038776398,1,False
67225,0.5949954879283905,1,True
50983,0.5949838829040528,1,True
76977,0.5949256801605225,1,False
69575,0.5948473966121673,1,True
51951,0.5948409163951873,1,True
51996,0.5948372197151184,1,True
83765,0.594834965467453,1,False
79840,0.5947971618175507,1,True
29999,0.5947580075263976,1,True
41124,0.5947494029998779,1,True
61771,0.5947263944149017,1,True
37740,0.5946484267711639,1,False
1986,0.5946242225170135,1,True
16314,0.5945991468429566,1,True
16977,0.5945537894964218,1,False
89535,0.5945414352416992,1,True
20995,0.5945392620563508,1,True
2046,0.5945296561717988,1,False
88536,0.5945099508762359,1,True
25866,0.5945092487335205,1,True
10807,0.5944481456279754,1,False
26767,0.5943855452537536,1,False
62368,0.5943359661102294,1,False
86989,0.5943144202232361,1,True
96993,0.5942584359645844,1,False
32949,0.5942395782470703,1,True
83135,0.5942288970947266,1,True
72043,0.5941818726062775,1,False
55684,0.5941547822952271,1,False
33988,0.5941384017467499,1,True
31950,0.5940856897830964,1,True
96865,0.5940477824211121,1,False
70924,0.5940290999412536,1,True
33678,0.5939729130268097,1,False
93330,0.5939707887172699,1,False
2281,0.5939207065105438,1,False
73880,0.5939181709289552,1,True
90994,0.5938835847377777,1,True
30984,0.5938810062408447,1,True
8998,0.5938647806644439,1,True
37435,0.5938542270660401,1,True
23930,0.5938491749763488,1,True
72084,0.5938473093509674,1,False
87333,0.593847051858902,1,True
47783,0.5937430071830749,1,False
60861,0.5937229311466217,1,True
40809,0.5936885249614716,1,True
2635,0.5936565923690795,1,False
98968,0.5936488723754882,1,True
60948,0.5936332952976227,1,True
59523,0.5936294341087341,1,False
54981,0.5936054229736328,1,False
73910,0.5935996508598327,1,False
54847,0.5935938739776612,1,True
17833,0.5935875415802002,1,False
62992,0.5935813343524933,1,True
60883,0.5934734201431274,1,True
39985,0.5933718585968017,1,True
48833,0.5933613300323486,1,False
33894,0.5933227169513702,1,False
97880,0.5932942163944244,1,True
57599,0.5932903802394867,1,True
2033,0.593245815038681,1,True
2373,0.593233208656311,1,False
26995,0.5932199025154115,1,True
96752,0.5932091426849365,1,True
60871,0.5931757187843323,1,False
66535,0.5931313288211822,1,True
16101,0.5931137084960938,1,True
14964,0.5930973243713379,1,False
80593,0.5930920445919037,1,True
27154,0.5930759203433991,1,True
49459,0.5930088520050049,1,True
32526,0.5929957330226898,1,True
51879,0.592970519065857,1,True
66941,0.5929119896888733,1,False
29921,0.5929111617803573,1,True
9869,0.5928573316335678,1,True
971,0.5928248119354248,1,True
78066,0.5927316963672637,1,True
30681,0.5926230263710022,1,True
58730,0.5925906538963318,1,False
50506,0.5925467944145202,1,True
12144,0.592540316581726,1,False
52904,0.5925305306911468,1,True
93834,0.5925107777118683,1,False
92478,0.5924839627742767,1,True
48824,0.5924708569049835,1,False
36932,0.5924647331237793,1,False
67375,0.5924464666843414,1,True
23779,0.5924265027046204,1,False
72975,0.5924117815494537,1,True
77973,0.5924010181427002,1,False
51229,0.5923879837989807,1,True
17690,0.592370994091034,1,True
52425,0.5923682010173797,1,False
49821,0.592319096326828,1,False
34721,0.592302485704422,1,True
47482,0.5922964072227478,1,False
70121,0.5921856188774108,1,True
18811,0.5921807253360749,1,True
7391,0.5921670794487,1,False
27631,0.5921662104129791,1,True
37968,0.5921474397182465,1,True
47400,0.5921161770820618,1,True
76973,0.5920146095752716,1,True
97534,0.5920113384723663,1,True
12811,0.5919643199443817,1,True
38340,0.5919577884674072,1,False
23411,0.5918810570240021,1,False
27759,0.5918413400650024,1,True
13758,0.5918250608444213,1,True
7114,0.59181396484375,1,True
1996,0.5917974317073822,1,True
26324,0.591794364452362,1,True
57980,0.591693058013916,1,False
16883,0.5916420471668243,1,True
93889,0.5916319155693055,1,True
86274,0.5916027998924256,1,True
3328,0.591600478887558,1,True
41808,0.5915403568744659,1,True
21915,0.5914927613735199,1,False
60999,0.5914897346496581,1,True
71837,0.5914729011058808,1,True
48375,0.5913767588138581,1,True
9919,0.5913652694225311,1,True
9996,0.5913399064540863,1,True
27888,0.5913318026065826,1,True
31973,0.5913176751136779,1,True
89179,0.5912970793247223,1,False
56927,0.5912504434585572,1,True
57784,0.5912010943889618,1,True
76436,0.5911670362949372,1,False
77641,0.5911601150035859,1,True
66958,0.5911352109909058,1,True
41984,0.5910972344875336,1,True
49193,0.5910738718509674,1,True
66959,0.5910650074481965,1,False
78449,0.5909747409820556,1,True
75714,0.5909711635112762,1,False
10976,0.5909568750858307,1,True
46747,0.5909231185913086,1,True
60834,0.5909031283855438,1,False
6415,0.5908761620521545,1,True
40842,0.5908451557159424,1,True
20139,0.5908337461948394,1,True
91967,0.5908230113983155,1,False
83968,0.5907910370826721,1,True
40962,0.5907720613479615,1,True
40501,0.590745005607605,1,True
49891,0.5907200086116791,1,True
96854,0.590673451423645,1,True
73744,0.590673246383667,1,False
33890,0.5906505942344665,1,False
12848,0.5906370151042938,1,False
32919,0.5906189048290253,1,True
21984,0.590598064661026,1,True
1526,0.5904361021518707,1,True
67936,0.5903924763202667,1,False
22791,0.5903530168533325,1,True
92711,0.5903469347953796,1,True
81406,0.5903030216693879,1,True
31994,0.5902741253376007,1,True
38958,0.5902157270908356,1,True
65310,0.5901684057712555,1,True
82862,0.5901355671882629,1,True
98902,0.5900772690773011,1,False
7604,0.5900607061386108,1,False
72910,0.5900153720378876,1,False
66879,0.5899211752414704,1,False
12577,0.5898608303070068,1,False
1992,0.5898232769966125,1,True
13697,0.5898122489452362,1,False
49414,0.5897738134860993,1,True
95913,0.5897647988796234,1,False
20317,0.589754718542099,1,True
77138,0.5897497868537903,1,True
82439,0.5897238254547119,1,False
23266,0.5897205066680908,1,True
46968,0.5896738600730895,1,False
29993,0.5896545791625977,1,True
93565,0.589623304605484,1,True
35989,0.5895830190181732,1,True
42621,0.5895771408081054,1,False
28958,0.5894854903221131,1,False
32338,0.5893989634513854,1,True
88508,0.5893889081478119,1,True
37351,0.5892984342575074,1,True
27084,0.5892389762401581,1,True
73304,0.589163761138916,1,True
36156,0.5891344749927521,1,True
87087,0.589044109582901,1,False
64109,0.5890122091770172,1,False
75867,0.5889495182037354,1,False
39106,0.5888715267181397,1,True
70623,0.5888477945327759,1,True
68394,0.5888316094875335,1,True
47781,0.588830245733261,1,True
2921,0.5888283014297485,1,False
32220,0.588824234008789,1,True
33974,0.5887357485294342,1,True
63884,0.5887349534034729,1,False
42959,0.5887169516086579,1,False
91982,0.5887048137187958,1,True
18828,0.5886961328983307,1,True
18835,0.5886033391952514,1,False
53344,0.5885961604118347,1,True
31980,0.5885322523117066,1,True
56345,0.5884814572334289,1,True
3267,0.5884460711479187,1,False
52931,0.5883977520465851,1,False
81819,0.5883877527713776,1,True
63781,0.5883771669864655,1,False
84844,0.5883346033096313,1,False
78637,0.5883160853385925,1,True
43978,0.588285094499588,1,True
80982,0.5882412779331208,1,True
97388,0.588179636001587,1,False
3960,0.5881425857543945,1,True
52447,0.5881267857551575,1,True
67109,0.5881198799610138,1,True
3912,0.5881120240688325,1,False
35831,0.5881118047237397,1,True
93643,0.5881065714359284,1,True
53113,0.5880710780620575,1,False
43904,0.5880559539794922,1,True
35878,0.5880506634712219,1,False
82069,0.5879767751693725,1,False
13327,0.5879475378990173,1,True
83825,0.5879149222373963,1,True
12884,0.5878982353210449,1,True
27593,0.5878900730609894,1,True
22431,0.5878486335277557,1,False
3974,0.5878466868400574,1,False
47470,0.5878281354904175,1,False
12160,0.5877338838577271,1,True
27942,0.5877309834957123,1,True
70993,0.5877011358737946,1,False
62901,0.5876889061927796,1,True
77834,0.5876569414138795,1,False
12964,0.5876312482357025,1,False
52874,0.5875799703598023,1,False
982,0.5875622284412384,1,True
20998,0.587464861869812,1,True
16963,0.5874118328094482,1,False
56633,0.5874107229709625,1,True
93179,0.5873210048675537,1,False
8523,0.5873029839992523,1,False
13770,0.587300785779953,1,True
17856,0.5872993671894073,1,False
7774,0.5872673153877258,1,True
83887,0.5871980392932892,1,True
40994,0.5871969830989838,1,True
6861,0.5871653532981873,1,False
8983,0.5871581792831421,1,False
63540,0.5871544647216798,1,False
53577,0.5871105015277862,1,True
7873,0.5870742881298066,1,False
67859,0.5870477712154388,1,True
37929,0.5870281565189361,1,True
72985,0.5870044112205506,1,True
9709,0.5869491505622864,1,True
78188,0.5869116067886353,1,True
81732,0.586879403591156,1,True
1279,0.586852650642395,1,True
13024,0.5868188595771789,1,True
3023,0.586803115606308,1,False
61870,0.5867714977264404,1,True
76409,0.586767942905426,1,True
57717,0.5867553913593293,1,True
31609,0.5867456901073456,1,True
3964,0.5867436277866364,1,True
32678,0.5867403781414031,1,True
16418,0.5867372930049897,1,True
1925,0.5866983997821809,1,True
42994,0.5866954827308655,1,False
39576,0.5866927719116211,1,True
60989,0.5866088223457336,1,False
26875,0.586601232290268,1,False
58940,0.5865542769432068,1,True
12639,0.5865449583530427,1,False
17547,0.586543836593628,1,True
16954,0.5865099608898163,1,False
42922,0.5864888286590576,1,False
41883,0.5864853549003601,1,True
2892,0.586452454328537,1,False
82455,0.5864233493804931,1,True
29709,0.5864001226425171,1,True
66581,0.5863830459117889,1,False
6420,0.5863111317157745,1,False
63723,0.5863044941425324,1,False
20955,0.5862916338443755,1,True
50812,0.5862480318546295,1,True
90973,0.586234347820282,1,True
90760,0.5862329638004303,1,True
10977,0.5862000250816346,1,True
47806,0.5861787056922912,1,False
7681,0.5861154043674469,1,False
71958,0.5860892188549042,1,False
93486,0.5860820984840394,1,True
21654,0.5860801947116852,1,True
47633,0.5860554134845734,1,False
57739,0.5859859383106232,1,False
80782,0.5859834980964661,1,True
13346,0.5859628236293792,1,True
57995,0.585834219455719,1,False
53987,0.5858179962635041,1,True
33105,0.5857915055751801,1,True
46596,0.5857899403572082,1,True
62008,0.5857694494724274,1,False
34940,0.585738776922226,1,False
86550,0.5857112061977386,1,True
23730,0.5856853127479553,1,True
71805,0.5856017148494721,1,False
49915,0.5855793476104736,1,False
70954,0.5855386793613434,1,True
88624,0.585530281662941,1,True
57668,0.5854466247558594,1,True
50947,0.585414353609085,1,True
97870,0.5853417587280274,1,False
58923,0.5853387606143952,1,False
38902,0.585298855304718,1,True
43881,0.5852715039253236,1,True
2925,0.5851773178577423,1,True
35898,0.5851344978809356,1,False
29839,0.5851342672109604,1,True
15580,0.585129462480545,1,False
83976,0.5851281368732453,1,True
73167,0.5850929617881775,1,False
77581,0.585075808763504,1,False
57775,0.5850724172592163,1,False
42165,0.5850075542926788,1,True
57781,0.584980605840683,1,True
43929,0.584935873746872,1,True
80597,0.5849256527423858,1,True
57938,0.5848353612422943,1,False
87942,0.5848296761512757,1,False
68999,0.5848277938365937,1,True
63918,0.5847803723812104,1,True
65864,0.5847479486465454,1,True
13141,0.5847320210933685,1,False
61986,0.5847133541107178,1,True
27237,0.584680472612381,1,True
79587,0.584568886756897,1,True
69499,0.5845671409368516,1,True
41994,0.5845531010627747,1,True
13897,0.5845497298240662,1,False
26002,0.5845149195194245,1,True
81982,0.5845122742652893,1,True
6935,0.5844244873523712,1,True
41511,0.5844137346744538,1,True
6309,0.5844092154502869,1,True
36967,0.5844076383113861,1,False
88321,0.5843644702434541,1,True
3996,0.5843298721313477,1,False
87892,0.5843103945255279,1,True
84249,0.5842968654632568,1,True
46674,0.5842833805084229,1,True
64595,0.5842230296134949,1,False
92733,0.5842005169391632,1,True
28574,0.5841911923885346,1,True
91352,0.5841771376132965,1,True
81034,0.5841667997837067,1,False
48984,0.5841641712188721,1,True
26956,0.5840932142734527,1,False
48327,0.5840911412239075,1,True
90686,0.5840056991577148,1,False
36952,0.5839976811408997,1,True
22055,0.583980278968811,1,False
77965,0.5839537096023559,1,False
67806,0.5838973879814148,1,True
46285,0.5838769209384919,1,False
30182,0.5838757145404816,1,False
27645,0.5837904763221741,1,False
60681,0.5836947667598724,1,True
34549,0.5836476743221283,1,False
7954,0.5836381125450134,1,True
20690,0.5836193645000458,1,False
81352,0.5835862159729004,1,False
80985,0.5835690486431122,1,True
71948,0.5835374760627747,1,True
82733,0.5835195696353912,1,False
92962,0.5834987759590149,1,False
86954,0.5834987103939057,1,True
36524,0.5834564340114594,1,False
48208,0.5834542119503021,1,True
63491,0.5834538924694062,1,True
50245,0.5834509682655334,1,True
7856,0.5834452736377715,1,True
1985,0.5834313941001892,1,True
561,0.5833654844760895,1,True
78216,0.5833179652690887,1,True
31546,0.5833095240592956,1,True
46746,0.5832636547088623,1,False
11943,0.5832561564445495,1,True
12132,0.5832478821277618,1,False
30972,0.5832473635673523,1,True
56043,0.5832418823242187,1,False
16830,0.5831813418865204,1,False
66246,0.5831658267974853,1,False
67819,0.5831158864498138,1,True
69847,0.5831090539693833,1,True
61274,0.5830850160121918,1,True
61975,0.5830761992931366,1,True
85976,0.5830689656734467,1,True
43398,0.5830685806274414,1,True
97246,0.5830063211917877,1,True
87966,0.5829886174201966,1,True
7938,0.5828133249282836,1,True
38657,0.5827857923507691,1,True
63924,0.5827660930156708,1,True
2881,0.582761504650116,1,False
42961,0.582753643989563,1,False
38973,0.5827336359024048,1,True
64974,0.5826956713199616,1,True
41937,0.582689357995987,1,False
62956,0.5826681470870971,1,True
92851,0.5826345849037171,1,False
96337,0.5826323163509369,1,True
71452,0.5826261222362519,1,True
90990,0.5825851964950561,1,True
92904,0.5825818812847138,1,True
23964,0.5825443243980408,1,False
72999,0.5825337707996369,1,True
77255,0.582500741481781,1,False
33902,0.5824793660640717,1,True
42978,0.5824648094177246,1,False
83237,0.5824489748477936,1,True
57660,0.5824304068088532,1,False
57680,0.5824022102355957,1,True
62918,0.5823531699180603,1,False
81993,0.5823372197151184,1,True
11944,0.5822671413421631,1,False
80977,0.5822471177577973,1,True
42636,0.5822397363185883,1,True
65682,0.5822300004959107,1,False
2972,0.5821836614608764,1,True
12914,0.5821559464931488,1,True
67693,0.582129226922989,1,True
8272,0.582108713388443,1,True
69945,0.5820768356323243,1,True
60765,0.5820752358436585,1,True
58192,0.5820648884773254,1,True
92703,0.5820470893383026,1,False
36784,0.5820414543151855,1,False
85775,0.5820380771160125,1,False
16108,0.5820244574546813,1,True
31741,0.5820242512226105,1,True
71658,0.5819966650009155,1,True
61957,0.5819553053379058,1,False
22690,0.5819233202934265,1,True
92868,0.581860203742981,1,True
24893,0.5818207287788391,1,False
91990,0.581813155412674,1,True
70965,0.5817545914649964,1,False
93774,0.5817171108722687,1,True
21993,0.5817144548892974,1,True
42986,0.5816961526870728,1,True
67842,0.5816858565807342,1,True
79874,0.5816444253921509,1,True
6828,0.5816365349292756,1,False
68190,0.5816186428070068,1,True
40949,0.5816082715988159,1,True
3516,0.5814920091629028,1,False
27607,0.5814420115947723,1,False
50606,0.5814300405979156,1,True
47153,0.5814241945743561,1,True
7735,0.5813611900806427,1,False
86901,0.5812432801723479,1,True
60967,0.5812370228767395,1,True
56822,0.581208746433258,1,True
66660,0.581172946691513,1,True
36619,0.5811442756652831,1,False
56980,0.5811201107501984,1,False
96681,0.5811039292812348,1,True
76665,0.5810996294021606,1,True
3870,0.5810886812210083,1,False
12122,0.5810792696475983,1,False
52470,0.5809639954566956,1,True
53966,0.5808864498138429,1,True
17937,0.5808547711372376,1,True
19843,0.5808398360013962,1,True
2916,0.5808026540279388,1,True
83223,0.5807917010784149,1,False
49543,0.5807712531089783,1,True
86949,0.5807340145111084,1,False
42989,0.5807171869277954,1,False
88617,0.5806703245639802,1,True
18923,0.5806650727987289,1,True
60960,0.5806485676765443,1,False
42980,0.5806279909610749,1,True
46974,0.5806211411952973,1,False
76358,0.5806075465679169,1,True
13926,0.5806024527549744,1,False
18885,0.580601681470871,1,False
89969,0.5805942809581757,1,True
29723,0.5805545461177826,1,True
77925,0.580535546541214,1,True
12983,0.5804973649978638,1,False
2866,0.5804051208496094,1,True
50607,0.5803830814361572,1,True
3939,0.5803814244270324,1,True
7998,0.5803520476818085,1,True
20504,0.5803329646587372,1,False
16627,0.5803191912174225,1,True
71572,0.5802210557460785,1,True
34822,0.5802189350128174,1,False
92997,0.5801879930496217,1,True
3017,0.5801622378826141,1,True
6892,0.5801281237602234,1,False
47333,0.5800788450241089,1,True
42214,0.5800573432445526,1,True
47916,0.5800223505496979,1,False
27407,0.579993304014206,1,False
10601,0.5799830436706543,1,True
13978,0.5799678826332092,1,True
70986,0.5799557876586914,1,False
96335,0.5798409366607666,1,False
70905,0.5798392224311828,1,True
2247,0.5798390853404999,1,True
2233,0.579812742471695,1,True
46960,0.5797992396354675,1,False
58225,0.5797979664802552,1,True
36840,0.5797812706232071,1,False
50860,0.5796394455432892,1,True
11825,0.5796068859100342,1,True
93915,0.5796049857139587,1,True
69345,0.5795580232143402,1,True
90077,0.5795223391056061,1,True
78463,0.579487920999527,1,True
98170,0.5794044148921966,1,True
38986,0.579316599369049,1,True
87167,0.5792851459980011,1,True
17247,0.5792451310157776,1,True
76742,0.5792383110523224,1,False
89851,0.5792220950126648,1,False
2625,0.5790736138820648,1,False
66376,0.5790643572807312,1,True
86665,0.5790464365482331,1,False
528,0.5790411531925201,1,True
10993,0.5790407919883729,1,True
38824,0.5789941942691803,1,True
36971,0.5789097249507904,1,True
90419,0.5788661170005798,1,True
78722,0.5788526177406311,1,True
79497,0.5788120102882386,1,False
58975,0.5788096427917481,1,False
92982,0.5787571787834167,1,True
22922,0.5786481297016144,1,False
99943,0.5786459422111512,1,True
69693,0.5785675287246704,1,True
30611,0.5785498321056366,1,True
7535,0.5785356676578521,1,True
80989,0.5785329926013947,1,False
53336,0.5784454309940338,1,True
53959,0.5784270584583282,1,False
75458,0.5784164488315582,1,True
393,0.5784141159057617,1,True
7814,0.5783942425251007,1,True
26421,0.5783866667747497,1,True
30884,0.5783395767211914,1,True
37886,0.5783309245109558,1,True
10287,0.5783029007911682,1,True
34972,0.5782983195781708,1,False
69764,0.5782943475246429,1,False
61196,0.5782278597354888,1,True
67847,0.5782092595100403,1,False
72471,0.5781936049461365,1,False
83136,0.5781649613380433,1,False
33846,0.5781614458560944,1,True
25858,0.5781468439102173,1,False
82892,0.5781318998336792,1,False
42920,0.5781056261062623,1,False
34888,0.5780893182754516,1,True
60976,0.5780770826339722,1,False
51706,0.5780559420585633,1,True
27712,0.5779680931568145,1,True
10890,0.5779655027389526,1,True
79784,0.5779485833644867,1,False
16704,0.5778946006298065,1,False
12911,0.5778763246536255,1,False
50960,0.577839537858963,1,False
68537,0.5778286230564118,1,True
58690,0.5778274059295654,1,True
77936,0.5777506351470947,1,False
61726,0.5777194881439209,1,False
4971,0.5776956713199615,1,True
70273,0.5776922118663788,1,True
40990,0.5776675200462341,1,False
36345,0.5776476693153382,1,True
43763,0.5776278817653656,1,False
40928,0.5776220750808716,1,False
87857,0.5776138210296631,1,True
21742,0.5775938355922698,1,True
62991,0.5775778305530548,1,True
11686,0.5775647628307342,1,True
93455,0.577524631023407,1,False
86910,0.5775011014938354,1,True
21982,0.5774640262126922,1,False
10920,0.5774223756790161,1,True
65860,0.577371152639389,1,False
12152,0.5773608541488647,1,True
52147,0.5773531854152679,1,True
67577,0.5773495590686798,1,False
88819,0.5773103952407836,1,False
20987,0.577300900220871,1,True
65940,0.5772952139377594,1,False
33228,0.5771623408794403,1,False
6859,0.5771066653728485,1,True
18739,0.5771045315265655,1,False
40946,0.5770924627780915,1,False
63906,0.5770914089679718,1,False
33976,0.5770518374443054,1,True
91994,0.5770242857933044,1,False
16553,0.5770235693454742,1,False
61818,0.5769723117351532,1,True
91944,0.576952348947525,1,True
81835,0.5769342029094696,1,False
90988,0.5768810164928436,1,True
91795,0.5768787252902985,1,True
11646,0.576830427646637,1,False
21672,0.5767376840114593,1,True
76855,0.576669499874115,1,False
42948,0.5766169643402099,1,False
64892,0.5766157352924347,1,False
71973,0.5766131722927094,1,False
66937,0.5765791618824005,1,False
2435,0.5765789079666137,1,False
20894,0.5765733885765075,1,True
21956,0.5765384662151336,1,True
26204,0.5765331530570984,1,True
55833,0.5764560949802399,1,True
86668,0.5764399826526642,1,False
69714,0.5763842976093292,1,True
994,0.5763821220397949,1,True
6188,0.5763154935836792,1,True
1899,0.5762828207015991,1,True
80924,0.5762519800662995,1,True
49732,0.5762515473365784,1,True
52957,0.5762155306339264,1,True
23936,0.5761890959739685,1,True
3357,0.5761357772350311,1,True
2888,0.5760891389846802,1,True
98790,0.5760618817806245,1,True
46843,0.5760453879833222,1,False
920,0.5759163117408752,1,True
71704,0.5759144735336303,1,False
32310,0.5758895069360733,1,True
91951,0.5758810412883759,1,True
83258,0.5758633518218994,1,False
76836,0.5758475065231323,1,True
87245,0.575818521976471,1,True
7943,0.5758112251758576,1,True
43495,0.5757640147209168,1,False
39932,0.5756916224956512,1,False
79680,0.5756737470626831,1,True
14673,0.5756054174900055,1,True
51987,0.5755790114402771,1,True
97828,0.5755383300781249,1,False
65256,0.5755192124843598,1,False
87856,0.57549680352211,1,False
36926,0.5754676139354706,1,False
96999,0.575460798740387,1,False
36907,0.5754580390453339,1,False
92696,0.575395917892456,1,False
62952,0.5753688383102418,1,False
51995,0.575316241979599,1,True
61531,0.5752819621562958,1,True
50642,0.575280145406723,1,True
15883,0.5752756011486053,1,True
61424,0.5752697384357452,1,True
10766,0.5751976919174194,1,True
38468,0.5751975047588349,1,True
53106,0.575093823671341,1,False
29803,0.5750851237773895,1,True
2963,0.575072021484375,1,True
70648,0.5749657976627349,1,True
57830,0.5749544107913971,1,False
57828,0.5749365401268005,1,False
15904,0.5748774373531342,1,False
63655,0.5748690581321716,1,False
92856,0.5747185218334199,1,False
2515,0.5746861553192139,1,False
71994,0.5746367609500884,1,False
51383,0.574630262851715,1,True
49054,0.5746301341056823,1,True
53853,0.5746193480491638,1,True
33977,0.5746082270145416,1,False
39998,0.5745920884609222,1,True
13,0.5745260393619538,1,True
29660,0.5744924402236938,1,False
940,0.5744874596595764,1,False
91851,0.574441180229187,1,True
77203,0.5744196116924286,1,False
90794,0.5743976414203644,1,True
31548,0.5742947840690613,1,True
42798,0.574255405664444,1,True
90960,0.5742118084430694,1,True
78733,0.5742011952400208,1,True
33104,0.5741961872577668,1,False
77802,0.5741720485687256,1,True
87875,0.5741648721694946,1,False
48832,0.574148223400116,1,True
58355,0.574119668006897,1,True
99018,0.5741064465045929,1,True
59358,0.5741053926944732,1,True
94801,0.574097125530243,1,False
30596,0.574084950685501,1,False
68932,0.574048204421997,1,True
21587,0.5740353059768677,1,True
51981,0.5739083731174469,1,False
63917,0.5738973474502563,1,True
57318,0.5738821184635162,1,True
60700,0.5738640081882477,1,True
17812,0.5738094305992126,1,True
22759,0.5737982678413391,1,False
96700,0.573792188167572,1,True
74542,0.5737794637680054,1,True
53706,0.5737319839000702,1,False
67580,0.5736869537830354,1,False
3911,0.5736739158630371,1,True
82968,0.5736390995979309,1,True
51936,0.5736363279819489,1,False
2367,0.5736181390285492,1,False
13947,0.5734929585456848,1,False
78506,0.5734820187091827,1,True
72066,0.5734267854690551,1,True
76997,0.5734221923351288,1,True
99954,0.5733808648586274,1,True
28413,0.5733769297599792,1,True
91391,0.5732817161083221,1,True
89277,0.5732481133937836,1,True
95737,0.573161951303482,1,False
93842,0.5731576585769653,1,True
42970,0.5731251621246338,1,True
53915,0.5731131827831268,1,False
76968,0.5730788540840148,1,False
7647,0.5730746293067932,1,True
93432,0.5730453419685364,1,False
50879,0.5730064558982849,1,True
91972,0.5729625046253204,1,True
10690,0.5729256784915924,1,True
25891,0.5728101122379303,1,True
20840,0.5727755534648895,1,True
20953,0.5727551174163819,1,True
16913,0.5727543306350709,1,False
60965,0.5727511811256409,1,True
18938,0.5727051448822021,1,False
11351,0.5726995229721069,1,True
56111,0.5726708352565766,1,True
76962,0.5726235806941986,1,True
7874,0.5725994288921357,1,False
78998,0.5725929379463196,1,True
16911,0.5725791203975678,1,False
71878,0.5725421118736267,1,False
33002,0.5725291800498963,1,True
61146,0.572504723072052,1,True
54842,0.5724610650539399,1,True
76306,0.5724468505382538,1,True
44244,0.5723671734333038,1,True
42852,0.5723405933380127,1,False
25464,0.5723330783843994,1,True
91989,0.5723296523094177,1,False
61942,0.5723010575771332,1,True
30938,0.5722925329208375,1,True
43924,0.5721320164203644,1,True
86571,0.5721231091022492,1,True
32104,0.5721160209178925,1,False
33819,0.5720957767963409,1,True
63888,0.5720887434482574,1,True
51564,0.5720410478115082,1,True
77114,0.5720324778556823,1,True
32985,0.5720224642753601,1,False
59273,0.5719742429256439,1,True
82447,0.5718987905979156,1,False
83952,0.5718543565273285,1,True
81512,0.5717897665500641,1,True
1541,0.571787611246109,1,True
42993,0.5717489838600158,1,True
97003,0.5717385923862457,1,True
97951,0.5716249942779541,1,False
36396,0.5715966868400574,1,True
76119,0.5715665555000304,1,True
16367,0.5715662670135498,1,True
50584,0.5713229310512542,1,True
16955,0.5713132154941558,1,False
43635,0.5712853407859801,1,False
6676,0.5712741792201996,1,False
96705,0.5712697994709015,1,False
22921,0.5712495410442352,1,True
2723,0.571154853105545,1,False
22406,0.5711030125617981,1,True
69942,0.5710866022109986,1,False
69951,0.570996390581131,1,True
894,0.5709944975376129,1,True
39982,0.5709775495529175,1,True
31969,0.5708860003948212,1,True
25924,0.570874228477478,1,False
98876,0.570868331193924,1,False
91732,0.5708110105991364,1,True
12967,0.5708025932312012,1,True
91997,0.5707508170604706,1,True
93448,0.5707318103313446,1,False
37683,0.5706820726394654,1,False
82799,0.5706808388233184,1,False
56956,0.5706509006023407,1,False
20993,0.5706394124031067,1,True
73154,0.5706380188465119,1,False
90975,0.5706217312812805,1,True
22222,0.5705741786956787,1,True
78545,0.5705386161804199,1,True
94937,0.5705314135551453,1,True
94977,0.5705306351184845,1,False
92980,0.570526704788208,1,False
86944,0.5704364156723023,1,True
81994,0.5704035437107087,1,True
42326,0.5703971147537231,1,False
55927,0.5703615272045135,1,True
88510,0.5703404748439789,1,True
55993,0.5703329348564148,1,False
31940,0.5703321170806885,1,False
1989,0.5702770423889161,1,True
72773,0.5702746152877808,1,False
6266,0.570273973941803,1,True
99189,0.5702669537067413,1,True
21981,0.5702592873573303,1,True
21901,0.570205546617508,1,True
72962,0.5702003264427185,1,True
75952,0.5701971912384034,1,True
62848,0.570184097290039,1,False
17566,0.5701642668247222,1,True
80686,0.5701525723934173,1,True
88995,0.5700765287876128,1,True
25860,0.5700760006904602,1,False
16246,0.5700330591201782,1,True
41983,0.5700291478633881,1,True
62889,0.5699991059303284,1,True
31914,0.5699659144878387,1,False
51617,0.5699151635169983,1,False
20855,0.5698917067050934,1,True
87997,0.5698648953437806,1,True
36671,0.5697702896595,1,True
4949,0.5697579395771026,1,True
83696,0.5697469222545624,1,True
96997,0.569681236743927,1,True
87551,0.5696800005435944,1,True
23953,0.5696288990974426,1,False
55932,0.5696072268486023,1,True
43846,0.5695847022533417,1,True
89176,0.5695527732372284,1,True
37191,0.5694970226287842,1,True
49371,0.569471127986908,1,True
26375,0.5694593024253845,1,True
77952,0.5694266963005066,1,False
21988,0.569377098083496,1,False
19992,0.5693759143352508,1,True
30960,0.5693284893035888,1,True
89497,0.5693079864978791,1,True
70950,0.5692797148227692,1,True
7926,0.5692674505710602,1,True
17997,0.5692630922794342,1,False
42930,0.5692621195316314,1,False
10992,0.5692593944072724,1,False
93651,0.5692592602968216,1,True
67996,0.5692089653015137,1,False
38820,0.5691992682218552,1,True
77285,0.5691763949394226,1,True
68787,0.5691069114208221,1,False
62937,0.5690968418121338,1,True
38995,0.5690678954124451,1,True
91986,0.5690290021896363,1,True
82955,0.5690150237083436,1,False
27463,0.5689791798591614,1,True
2977,0.5689170897006989,1,False
54928,0.568905520439148,1,True
28334,0.5688986706733703,1,True
60877,0.5688929557800293,1,True
56884,0.5688841450214386,1,True
96224,0.5688145637512207,1,True
979,0.5687939643859863,1,False
90688,0.5687715792655945,1,True
69369,0.5687382763624191,1,True
60962,0.5686939883232116,1,True
80503,0.5686834990978241,1,True
50461,0.5686390948295593,1,True
81971,0.5686377131938934,1,True
50306,0.5686030280590058,1,True
19065,0.5685068881511688,1,True
70422,0.5684859991073609,1,True
26961,0.5684545284509659,1,False
70941,0.5684454929828644,1,False
21960,0.5684313941001893,1,False
12924,0.5684265899658203,1,False
45676,0.5683346033096314,1,False
92949,0.5682912409305573,1,True
42543,0.5682519960403443,1,False
97440,0.5681788265705109,1,True
97892,0.5681095981597901,1,True
64949,0.5681086051464082,1,False
51762,0.5680957543849945,1,False
84676,0.5680502986907958,1,True
91579,0.5680473816394807,1,True
88747,0.5680288362503052,1,False
35991,0.5679863333702088,1,True
38191,0.5679125607013702,1,True
8575,0.5679112762212754,1,True
49842,0.5678764605522155,1,True
17972,0.5678751146793366,1,True
3230,0.5678444802761078,1,False
26267,0.567831095457077,1,True
19935,0.5677859878540039,1,True
30729,0.5674851524829865,1,True
26689,0.5674669444561005,1,True
7940,0.5674561166763306,1,False
88681,0.5674359214305877,1,False
80819,0.5674196004867553,1,True
84894,0.5673986971378326,1,False
83556,0.5673962330818176,1,False
66717,0.5673887169361114,1,False
32828,0.5673275434970856,1,True
28342,0.5672789442539214,1,True
82869,0.567237787246704,1,True
85925,0.5671871542930603,1,False
60974,0.5671631705760956,1,True
76692,0.5671465015411377,1,False
1725,0.5671366143226624,1,True
73845,0.5671230792999268,1,True
26595,0.5671039116382599,1,False
40618,0.5670930588245392,1,True
6592,0.5670797300338746,1,False
79906,0.567057671546936,1,True
53861,0.5670408308506012,1,True
52664,0.5669716107845306,1,True
68994,0.5669564545154572,1,True
61995,0.5669239020347595,1,True
71632,0.5668692350387573,1,True
70523,0.566817342042923,1,True
98376,0.5667750722169875,1,True
11968,0.566749472618103,1,False
38714,0.5667414593696594,1,True
78896,0.5667172539234162,1,True
43959,0.5667127919197082,1,True
1905,0.566706702709198,1,True
41910,0.5666849839687347,1,True
31245,0.5666334736347198,1,True
26534,0.5666333150863647,1,False
28998,0.5666330087184905,1,True
90765,0.5666286647319794,1,True
16097,0.5666151189804077,1,True
37993,0.5665952754020691,1,False
36950,0.5665834629535675,1,True
69975,0.5665633630752563,1,True
77904,0.566507648229599,1,False
8601,0.5664567816257478,1,True
48740,0.5664106774330139,1,False
32394,0.5663509857654572,1,False
30747,0.5663023734092713,1,True
81869,0.5662919461727143,1,True
47946,0.5662777900695801,1,False
9963,0.5662416470050812,1,False
80482,0.5662393033504486,1,True
41585,0.5662235164642334,1,True
9931,0.5661314344406128,1,True
88542,0.5660855519771576,1,True
29901,0.5660767972469329,1,False
56826,0.5660333633422852,1,False
76812,0.5660194587707519,1,False
83899,0.5660166537761688,1,True
42938,0.5659227728843689,1,False
97259,0.5658575332164765,1,False
90883,0.5658077931404114,1,True
16926,0.5657906436920166,1,False
98894,0.5657728040218353,1,True
20454,0.5657464134693146,1,False
51430,0.5657160437107086,1,False
66946,0.5656936252117157,1,False
1858,0.5656698179244996,1,True
947,0.5656238627433777,1,True
96367,0.5656227445602418,1,False
86458,0.5656174695491791,1,False
96336,0.565609484910965,1,True
64770,0.5655559694766998,1,True
73944,0.5654692471027374,1,False
87235,0.565358933210373,1,True
51843,0.5652124297618866,1,True
85981,0.565205488204956,1,True
41620,0.5651845443248749,1,True
29445,0.5651761102676391,1,True
27878,0.5650997400283814,1,False
87836,0.5650785809755325,1,True
93499,0.5650578153133392,1,True
59536,0.5650324511528015,1,True
80101,0.5649726903438568,1,True
22988,0.5649694108963013,1,True
81995,0.5649676907062531,1,False
12977,0.5649405992031098,1,True
10996,0.5649379169940949,1,True
92795,0.5649303901195526,1,False
1956,0.564811577796936,1,True
93876,0.5647599637508393,1,True
51948,0.5647364449501038,1,True
60992,0.5647197484970092,1,True
26891,0.5646463418006897,1,False
80566,0.5646356427669526,1,True
46188,0.5646110165119171,1,True
31916,0.5645623254776001,1,False
89271,0.5645505285263062,1,True
760,0.5645061397552491,1,False
67863,0.5644920897483825,1,False
59988,0.5644895160198211,1,True
81821,0.5644692742824554,1,True
53970,0.5644546258449554,1,False
15945,0.5644067406654358,1,True
11977,0.5643622815608978,1,False
86997,0.5643606519699096,1,True
58737,0.5643020176887512,1,True
20313,0.5643008494377136,1,True
89569,0.5642939925193786,1,True
67802,0.5642737460136413,1,True
2452,0.564266562461853,1,False
42779,0.5641584694385529,1,True
47863,0.5640407609939575,1,True
20978,0.5640145516395569,1,True
52868,0.5640080094337463,1,False
7653,0.5639548552036285,1,False
8992,0.5639459264278412,1,True
91725,0.5638977372646332,1,True
26886,0.5638731801509858,1,False
3684,0.5638182163238525,1,False
988,0.5637763214111329,1,True
26997,0.5637703824043274,1,True
63030,0.5636732375621796,1,False
46643,0.563660694360733,1,False
17196,0.5636313855648041,1,False
63157,0.5635390567779541,1,True
44644,0.563533182144165,1,True
67896,0.563453472852707,1,True
96255,0.5634078335762024,1,False
75907,0.5633964478969574,1,False
30166,0.5632746803760529,1,True
96864,0.5632421505451202,1,True
60921,0.563229330778122,1,True
49664,0.5632233440876007,1,True
99818,0.5632196009159088,1,False
88787,0.5631524407863617,1,True
28921,0.5631454420089721,1,False
24858,0.563096158504486,1,True
71189,0.5630913877487183,1,True
22933,0.5630788731575012,1,False
96660,0.5630686664581299,1,False
24802,0.5630438792705537,1,False
95857,0.5630304396152497,1,True
23380,0.5630025923252105,1,True
6972,0.5629933905601501,1,True
33733,0.5629900991916656,1,True
66995,0.5629821825027466,1,True
91987,0.562965476512909,1,False
67821,0.5629237508773803,1,False
78699,0.562889677286148,1,True
92813,0.5627914226055145,1,False
97996,0.5627900469303131,1,False
48980,0.5626836311817169,1,True
28728,0.5626752412319184,1,True
28952,0.5626698452234269,1,True
80634,0.5626460444927216,1,True
6234,0.5626118326187134,1,True
4420,0.5626070475578309,1,True
87639,0.5626005923748016,1,True
90815,0.5625561821460724,1,True
22914,0.5625028121471405,1,False
57471,0.5624528622627258,1,True
97871,0.5624163877964019,1,False
50949,0.5624023544788361,1,True
21912,0.5623586595058441,1,False
13982,0.562335512638092,1,True
40327,0.5623015868663788,1,True
36976,0.5622592747211457,1,False
14942,0.5622502118349075,1,True
21765,0.5621969294548035,1,False
14941,0.5621762490272522,1,False
42160,0.5621533095836639,1,True
51953,0.5620466721057892,1,True
77997,0.5620316898822784,1,True
58989,0.562013179063797,1,True
98980,0.5619843763113022,1,True
66743,0.5619782686233521,1,True
1900,0.5619717514514924,1,True
40634,0.5619558250904083,1,True
73396,0.561930228471756,1,False
21375,0.5618452763557434,1,True
58997,0.561820855140686,1,True
19547,0.5618067789077759,1,True
42812,0.5617984092235565,1,False
20879,0.5617634057998657,1,True
52641,0.5617526185512542,1,True
21978,0.5617489993572236,1,True
91673,0.5616801536083221,1,True
47659,0.5616361951828003,1,False
44789,0.5615966701507569,1,True
60869,0.5615576899051666,1,False
85979,0.5615352880954743,1,False
70874,0.5614797306060791,1,False
83579,0.5614190471172333,1,False
57574,0.5613800573348999,1,True
19989,0.561378208398819,1,True
57724,0.5613357067108155,1,True
52950,0.5613235902786256,1,False
98543,0.5613143241405487,1,False
86620,0.5612960648536682,1,False
11991,0.5612856245040894,1,True
3713,0.5612306022644042,1,False
93798,0.5612222456932068,1,True
70984,0.5612061905860901,1,False
70765,0.5611189067363739,1,False
81970,0.5611176514625549,1,False
82792,0.5610974800586701,1,False
57928,0.561053408384323,1,False
30572,0.5610372114181519,1,True
41854,0.5609945452213287,1,False
75938,0.5609705054759979,1,False
83070,0.5609434223175049,1,False
89849,0.5608832764625549,1,True
22967,0.5608468997478485,1,False
2055,0.5608283305168151,1,False
10702,0.5608079147338867,1,True
40615,0.5607217013835907,1,True
8635,0.5606485247612,1,False
51967,0.5605405867099762,1,True
49593,0.56053506731987,1,True
11989,0.5604644358158112,1,True
77951,0.5604509365558624,1,True
30036,0.5603827702999115,1,True
11986,0.5603730976581573,1,False
51989,0.5603723001480103,1,True
71745,0.5603370320796967,1,False
12957,0.5603256440162658,1,False
92992,0.5603221642971039,1,False
7097,0.5602764916419983,1,True
296,0.5601738286018372,1,True
65922,0.5601183080673218,1,False
71166,0.5600838124752044,1,True
10975,0.5599951422214509,1,True
92158,0.5599700319766998,1,False
12945,0.5599695873260498,1,True
97889,0.5599502086639404,1,True
71141,0.5599354541301728,1,True
1998,0.559900450706482,1,False
31972,0.5598587226867676,1,True
57234,0.5597917640209198,1,True
71984,0.5597907149791718,1,True
52998,0.5597560596466065,1,True
50764,0.5597051322460175,1,True
51291,0.5596786141395569,1,True
92945,0.5596657252311706,1,False
21856,0.5596311151981354,1,True
45845,0.5595682322978973,1,True
33128,0.5595083916187287,1,True
58228,0.559466587305069,1,True
18388,0.5594324696063995,1,True
30437,0.5593841695785522,1,True
10942,0.5593476641178131,1,False
83263,0.5593424117565156,1,False
8895,0.5593423819541932,1,True
19925,0.5592583239078521,1,True
66757,0.5592293095588684,1,True
93219,0.5592172968387603,1,False
48993,0.5591592931747437,1,False
65849,0.5590829336643219,1,True
22713,0.5589937353134156,1,False
65956,0.5589272940158845,1,True
13984,0.5589016020298004,1,True
18151,0.5589009189605714,1,True
69146,0.558888852596283,1,True
31405,0.5588867890834808,1,True
51925,0.5588814747333527,1,False
22980,0.5588509750366211,1,True
32925,0.5586972665786744,1,True
17210,0.5586698007583618,1,True
21817,0.5586136436462402,1,True
10648,0.5585970294475555,1,True
63982,0.5585969889163971,1,True
11971,0.5585944044589997,1,False
946,0.5585709714889526,1,True
33191,0.5585128104686736,1,True
33109,0.5585015451908112,1,True
63874,0.5584009623527527,1,False
27260,0.5583815312385558,1,False
24935,0.5583597338199615,1,False
56609,0.5583128678798676,1,True
30976,0.5581392180919648,1,True
56809,0.5581181573867797,1,False
71975,0.5581034243106842,1,True
81560,0.5580927300453186,1,True
3285,0.5580837655067443,1,False
99944,0.5580725657939911,1,True
61904,0.5580486679077148,1,False
36629,0.5580161714553833,1,True
77843,0.5579895532131195,1,True
67647,0.5579717659950256,1,True
90996,0.5579560554027557,1,False
31996,0.5579508256912231,1,True
84718,0.5579138731956481,1,True
34873,0.5579098248481751,1,True
97804,0.5579066181182861,1,False
16910,0.5577446103096009,1,False
77974,0.5577332758903504,1,True
6105,0.5577023983001709,1,True
10968,0.5576441967487336,1,True
73978,0.5576366186141968,1,False
73058,0.5576029825210571,1,False
10994,0.5575790536403656,1,True
66741,0.5575651681423187,1,True
58553,0.5574434435367583,1,True
70974,0.5574374258518219,1,False
63951,0.5573950409889221,1,False
38345,0.5573732817173005,1,True
76685,0.5573719537258148,1,True
46997,0.5573648953437805,1,True
73924,0.5573463428020478,1,False
13965,0.5573080289363861,1,True
52967,0.5573031103610993,1,True
7729,0.5572838664054871,1,True
6612,0.5572798931598664,1,True
6937,0.5572541677951812,1,True
93960,0.5572201991081238,1,False
78852,0.5572174549102783,1,False
69409,0.5571858012676238,1,True
31395,0.557179948091507,1,False
7899,0.5571150255203248,1,True
68761,0.5570996928215026,1,False
36530,0.5570690298080444,1,True
7739,0.5570567214488984,1,True
11927,0.557042875289917,1,True
71291,0.5569599628448486,1,True
33935,0.5569192087650299,1,True
3925,0.5569115972518921,1,False
61749,0.5568975865840912,1,True
36625,0.5568935549259186,1,True
33972,0.5568864548206329,1,False
41254,0.5568340635299682,1,True
967,0.5568319177627563,1,True
81991,0.5568287289142608,1,False
27197,0.556814547777176,1,False
9795,0.5567504525184631,1,False
44928,0.5567329621315003,1,False
60951,0.5567283499240876,1,True
72774,0.5567219054698944,1,False
13583,0.5567119884490968,1,False
3165,0.5566222715377808,1,True
88997,0.5566032183170319,1,True
86169,0.5565383660793304,1,True
81549,0.5564714968204498,1,True
81996,0.5564685082435608,1,True
90995,0.5564586210250855,1,True
63996,0.5564493680000305,1,True
31186,0.5564431405067444,1,False
27627,0.556440029144287,1,True
69915,0.5563871622085571,1,False
43968,0.5563414418697357,1,True
22281,0.5563264667987824,1,True
47997,0.5562429249286651,1,True
92755,0.5562241625785828,1,False
97867,0.5562189638614654,1,True
45822,0.5561549830436707,1,True
61987,0.5561388373374939,1,True
60986,0.556094640493393,1,True
4811,0.5560816609859467,1,False
52793,0.5560393464565277,1,True
65916,0.5560169720649719,1,True
71944,0.5560138618946076,1,False
71482,0.5560054636001587,1,False
40992,0.5558929014205933,1,False
30889,0.5558293688297271,1,True
40205,0.555811243057251,1,True
56762,0.555808254480362,1,True
82883,0.555775624513626,1,True
18712,0.5557668828964233,1,True
12526,0.5557480943202973,1,True
20715,0.5557351899147034,1,True
69938,0.5557177901268006,1,True
16063,0.5557142388820648,1,True
64961,0.5556936144828797,1,False
31720,0.5556510257720948,1,True
52843,0.5556274878978729,1,True
71671,0.5556244778633117,1,True
90998,0.5556188654899596,1,True
68947,0.555607944726944,1,False
56216,0.5555909264087677,1,False
20961,0.5555785870552064,1,False
54956,0.5555728495121002,1,True
980,0.5554929220676422,1,False
93942,0.5554641258716584,1,False
93943,0.5554425489902497,1,False
40991,0.5554336094856263,1,False
42795,0.5554309439659119,1,False
49775,0.5554093366861343,1,True
58946,0.5553671216964722,1,False
67689,0.5553181385993957,1,False
96455,0.555299597978592,1,True
58802,0.5552051365375519,1,False
26963,0.5551172894239426,1,False
41734,0.5551168704032898,1,True
46998,0.5550783824920654,1,True
63860,0.5550291121006012,1,False
18887,0.5550223648548126,1,True
97830,0.554972608089447,1,True
21950,0.554923335313797,1,True
58014,0.554835149049759,1,True
33925,0.5548319792747498,1,False
74901,0.5547965085506439,1,True
56614,0.5547570812702178,1,False
17180,0.5547529578208923,1,False
79921,0.5547528290748596,1,True
91834,0.5546730637550354,1,True
17679,0.5546686923503876,1,True
77689,0.5546573734283446,1,False
66877,0.5546532905101775,1,False
91935,0.5546524131298065,1,False
6256,0.5546506094932556,1,True
90954,0.554647387266159,1,False
6791,0.5545905727148056,1,True
39368,0.5545143508911132,1,True
2238,0.5545120942592621,1,False
95849,0.5544459152221679,1,False
3728,0.5544449472427369,1,False
7085,0.5544069278240203,1,False
995,0.5543192839622497,1,True
23988,0.5543102490901947,1,True
56903,0.5542693269252776,1,False
251,0.5542656123638153,1,True
61977,0.5542655050754547,1,True
7337,0.5542554688453675,1,False
43039,0.5541794431209565,1,False
83865,0.5541594040393829,1,False
20986,0.5541446828842163,1,False
43961,0.5540911138057709,1,True
20895,0.5540592908859253,1,False
19999,0.5540404784679414,1,True
34944,0.5540247535705567,1,False
59963,0.5539999127388,1,False
76789,0.5539838969707489,1,True
10917,0.553912844657898,1,False
68300,0.5538523042201996,1,True
53975,0.5538427078723908,1,True
73721,0.5538310062885284,1,False
91874,0.5538106560707092,1,True
55947,0.5537555277347564,1,False
23963,0.5537478029727936,1,True
72658,0.5537054586410523,1,True
39898,0.5537048780918121,1,True
61244,0.553693642616272,1,True
12511,0.5536838901042939,1,False
33996,0.5535493516921997,1,False
77401,0.553540745973587,1,True
68597,0.5534628891944886,1,True
17875,0.5534298408031464,1,False
45810,0.5534286534786224,1,True
41925,0.5534245681762695,1,False
54894,0.5533837699890136,1,True
12487,0.5533441531658172,1,True
54868,0.5532753837108613,1,False
86617,0.5531745970249176,1,True
65950,0.5531581342220306,1,True
30629,0.5531509697437287,1,True
91999,0.5531196677684784,1,False
8961,0.5529380297660828,1,True
70277,0.5529254388809204,1,True
39698,0.5528652453422547,1,True
83072,0.5528481709957123,1,True
69995,0.5528366219997406,1,True
11799,0.5528330552577972,1,False
86960,0.5528317713737487,1,True
98418,0.5528301811218261,1,True
72212,0.5527877140045165,1,True
77733,0.5527562534809112,1,False
46419,0.5526471364498138,1,True
71983,0.5526470041275025,1,False
61617,0.5525117492675782,1,True
51827,0.5524754369258881,1,False
85872,0.5524476099014282,1,False
6555,0.5524333542585373,1,False
57937,0.5524244105815888,1,False
43964,0.5523494434356689,1,True
17829,0.5522529065608979,1,True
1805,0.5522383522987366,1,False
53956,0.5522325706481934,1,True
95822,0.5521978890895843,1,False
30387,0.5521975350379944,1,True
60945,0.552127070426941,1,False
73264,0.5521194899082185,1,True
66036,0.5521185684204102,1,False
16516,0.5521018660068512,1,False
51895,0.5520448768138886,1,True
94556,0.552037912607193,1,True
7756,0.5520370364189148,1,True
63846,0.5519547009468079,1,False
15871,0.5519516563415527,1,False
1964,0.5519280576705933,1,False
27280,0.5519206452369689,1,True
40861,0.551916879415512,1,True
96751,0.5518725407123566,1,False
83269,0.5518553280830383,1,False
69986,0.5518390274047852,1,True
11310,0.5518106365203858,1,True
77323,0.5517965221405029,1,True
30993,0.5517669093608857,1,True
52906,0.5517664623260499,1,True
88949,0.551695283651352,1,False
12990,0.5516712248325348,1,False
10987,0.5516317355632783,1,True
82953,0.5516074120998382,1,False
86835,0.5515748047828675,1,True
37783,0.5515714854001998,1,True
13957,0.5515668714046478,1,True
70754,0.551561050415039,1,False
76676,0.5515440893173218,1,True
20711,0.5515043151378631,1,True
53858,0.5514850687980652,1,False
96177,0.5514818453788757,1,True
17976,0.5514129662513734,1,False
86828,0.5513751780986786,1,True
86361,0.551370359659195,1,True
23957,0.5513547670841217,1,False
79688,0.5513361310958862,1,True
83920,0.5513183772563934,1,True
13997,0.5512815845012664,1,True
23891,0.5512672281265258,1,False
33254,0.551236367225647,1,True
89992,0.5512150263786315,1,False
45826,0.5511960422992705,1,True
70987,0.5511762356758118,1,True
99770,0.5511487972736359,1,True
98841,0.5511345505714417,1,True
52958,0.5510066401958466,1,False
62145,0.5509829044342041,1,False
82727,0.5509664797782898,1,True
79669,0.5508977472782135,1,True
79193,0.5508951580524445,1,True
11810,0.5508117163181305,1,True
46280,0.5508097243309021,1,True
41916,0.5507991242408752,1,False
48140,0.5507468235492706,1,True
62645,0.5507269620895385,1,False
88198,0.550687906742096,1,True
92637,0.5506677603721619,1,False
17941,0.5506412518024444,1,True
40980,0.5506346869468689,1,False
66928,0.5506174194812774,1,False
85283,0.5505468076467515,1,True
86567,0.5505394971370697,1,True
42465,0.5505347108840942,1,False
89869,0.5505019307136536,1,False
50963,0.5504981303215026,1,True
31989,0.5504654765129089,1,True
61707,0.5504644119739532,1,False
88822,0.5504454129934311,1,True
80780,0.5504330229759217,1,True
34851,0.5504167687892914,1,True
36665,0.5504135227203368,1,True
98473,0.5504087460041046,1,True
22159,0.5503516077995301,1,False
46238,0.5502969992160798,1,True
76964,0.5502750933170318,1,True
93932,0.5502616119384766,1,False
48996,0.5502532279491424,1,True
58936,0.550165343284607,1,True
22546,0.5501225864887238,1,True
97965,0.5500689017772675,1,True
19786,0.5500275135040283,1,True
80594,0.5500132954120636,1,True
10965,0.5499647879600524,1,True
56457,0.5499562644958496,1,False
84835,0.5499376749992371,1,False
87595,0.5499063855409623,1,True
11957,0.549897906780243,1,False
83885,0.5498863112926483,1,True
73955,0.549872819185257,1,False
89994,0.5498626089096069,1,True
12176,0.5498279404640198,1,False
11925,0.5498157668113708,1,False
80812,0.5497995018959045,1,True
77520,0.5497616827487946,1,False
50957,0.5497534596920013,1,True
3989,0.5495929312705994,1,False
2724,0.5495852792263031,1,False
71285,0.5495617926120758,1,True
2860,0.5495236694812775,1,True
80994,0.5494832420349121,1,True
10136,0.5494582271575927,1,True
80804,0.5494102478027344,1,True
12654,0.5493557715415955,1,False
49977,0.5493527781963348,1,True
77861,0.5493288671970367,1,True
59710,0.5492732000350953,1,True
403,0.5492548930644989,1,True
7790,0.5492515325546264,1,False
81947,0.5492290413379669,1,True
9309,0.549218670129776,1,True
6245,0.5492137753963471,1,True
67553,0.5491360050439835,1,False
29396,0.5491227340698243,1,True
69949,0.5491088080406189,1,False
54179,0.5490784001350403,1,True
80980,0.5490048718452454,1,False
22526,0.5489978098869324,1,True
92927,0.5489704763889313,1,True
6899,0.5489704620838165,1,True
73947,0.5489675426483154,1,True
87940,0.5489598512649536,1,False
80797,0.5489475202560425,1,True
77961,0.5489365518093109,1,True
60931,0.5489201891422272,1,False
65792,0.5488479053974151,1,False
59540,0.5488469731807708,1,True
91541,0.5487829530239106,1,True
96691,0.5487826824188232,1,True
46366,0.5486967730522155,1,True
919,0.5486808717250824,1,False
3977,0.548676666021347,1,False
82710,0.5486765229701995,1,False
9886,0.5486405891180038,1,True
63903,0.548622015118599,1,False
47387,0.5485947477817535,1,True
21565,0.5485848927497864,1,False
76733,0.5485350143909454,1,False
25806,0.5485232770442963,1,False
26813,0.5485082244873047,1,True
57493,0.5484842669963836,1,True
30270,0.5484522104263305,1,True
8976,0.5483930236101151,1,True
19629,0.5483293557167053,1,True
8583,0.5483218228816986,1,False
81934,0.5483106577396393,1,True
40895,0.5482600378990173,1,True
73973,0.54825692653656,1,True
963,0.548228030204773,1,True
49950,0.5481881618499755,1,False
721,0.5481467533111573,1,True
73385,0.5481220507621765,1,False
74879,0.5481196320056916,1,False
45940,0.5481049180030823,1,True
50778,0.548100801706314,1,True
56768,0.5481001329421997,1,False
80916,0.548064924478531,1,True
83777,0.5480614399909973,1,False
41986,0.5480482804775237,1,True
953,0.5480151414871216,1,True
82595,0.5480129706859589,1,False
65943,0.5479999351501466,1,True
62156,0.5479973733425141,1,False
49925,0.547922825217247,1,True
75960,0.5479176211357117,1,True
81959,0.5479032325744628,1,False
24715,0.5479030132293701,1,False
5949,0.5478210645914078,1,True
54760,0.5478170269727707,1,True
84920,0.5478098607063293,1,True
66141,0.5476836907863617,1,False
40770,0.5475628125667572,1,True
19995,0.5475538384914398,1,True
10973,0.5475446629524231,1,True
52833,0.5475355911254882,1,False
25917,0.5475068020820617,1,False
44620,0.5474918282032013,1,False
86961,0.5474506640434265,1,False
72703,0.5473421001434327,1,False
38965,0.5473005521297455,1,True
60726,0.5472258877754211,1,True
943,0.5472117102146149,1,False
68993,0.5472054374217987,1,True
76153,0.5472036790847778,1,True
7844,0.5470994508266449,1,False
47744,0.5470921701192856,1,True
49204,0.547075309753418,1,True
16385,0.5470677375793457,1,False
31991,0.5470399117469787,1,False
89921,0.5470383810997009,1,True
40947,0.5470104384422303,1,False
42171,0.5469487500190735,1,True
7836,0.5469445633888245,1,False
67852,0.5468600082397461,1,False
66428,0.5468243789672851,1,True
48360,0.546807246208191,1,True
46138,0.5467830336093902,1,True
53728,0.5467776250839234,1,False
50998,0.5467590582370758,1,True
11900,0.5466951858997345,1,True
15923,0.5466776365041732,1,True
53568,0.5465696257352829,1,True
93662,0.5465363919734955,1,False
81943,0.5464773440361023,1,True
81052,0.5464342832565308,1,True
77731,0.546429431438446,1,False
46449,0.5464262413978577,1,False
11678,0.5464114964008331,1,True
11999,0.5463979303836822,1,True
72933,0.546329472064972,1,False
91535,0.5463077247142791,1,True
6967,0.5461657130718232,1,False
62987,0.5461533224582672,1,False
67998,0.5461237668991089,1,True
22884,0.5460789597034454,1,True
82898,0.546075897216797,1,True
28152,0.5459628105163574,1,True
21949,0.5459081733226776,1,False
67759,0.5458701753616333,1,True
60673,0.5457871508598328,1,False
11994,0.5457350134849548,1,True
71832,0.5456966280937194,1,True
59934,0.5456855028867722,1,True
87901,0.5456721585988998,1,True
96371,0.545641860961914,1,True
82669,0.5455643391609192,1,True
22975,0.545532672405243,1,True
47577,0.5455161941051483,1,False
32063,0.5454383373260498,1,False
27998,0.5454246425628662,1,True
63994,0.5454017782211305,1,True
41995,0.5453389310836791,1,True
49999,0.5453368151187896,1,False
87861,0.5453196167945862,1,False
43040,0.5452968740463257,1,False
26795,0.545265918970108,1,False
19958,0.5452328610420227,1,True
45866,0.5452091014385223,1,False
91252,0.5452037596702576,1,True
66451,0.545182205438614,1,True
91180,0.5451382446289063,1,True
81988,0.5450960743427277,1,True
6247,0.5450689470767975,1,True
77825,0.5450485634803772,1,False
12079,0.5450371384620667,1,True
63973,0.5450290822982788,1,False
57321,0.544972711801529,1,True
80811,0.5449656927585602,1,True
46662,0.5449339222908021,1,True
21954,0.5449301743507385,1,True
66400,0.5448932111263275,1,True
97839,0.5448777949810029,1,True
15829,0.544871152639389,1,False
40926,0.5448384487628937,1,True
31993,0.5448043656349182,1,False
21608,0.5447549855709076,1,True
71404,0.5447445088624954,1,False
63789,0.5447366869449616,1,True
79859,0.5446087825298309,1,True
96844,0.544533531665802,1,False
55955,0.5443969714641571,1,True
414,0.5443860673904419,1,True
21925,0.5443724751472473,1,True
22702,0.5443716764450073,1,True
80964,0.5442847955226898,1,True
25852,0.5442633795738221,1,False
53911,0.5442616641521454,1,False
38944,0.5442380034923553,1,True
11644,0.5442291033267975,1,True
65842,0.5441940307617188,1,False
29775,0.5441509199142456,1,True
82895,0.5441265618801117,1,False
1940,0.5441212749481201,1,True
81953,0.5441184294223785,1,True
86754,0.5440844923257828,1,True
61962,0.5439686155319214,1,True
40367,0.5439521098136901,1,True
1859,0.5439409124851227,1,True
70896,0.5439317166805268,1,True
30959,0.5438366603851319,1,True
18318,0.5437746715545655,1,True
98084,0.5437381011247635,1,True
66488,0.5437067794799805,1,False
20729,0.5436639201641082,1,True
18563,0.5436565434932709,1,True
22551,0.543637933731079,1,False
30920,0.5435825765132904,1,True
39009,0.5435386061668396,1,True
49922,0.543532749414444,1,True
41729,0.5435195922851562,1,True
8967,0.5434928548336029,1,True
10999,0.5434557032585143,1,True
70979,0.5434493613243103,1,True
11932,0.5434224820137024,1,False
73759,0.5433411240577698,1,False
73146,0.5433156406879425,1,True
32873,0.5433098912239075,1,True
50999,0.5432478547096252,1,True
80988,0.5432347333431244,1,True
30454,0.5431961905956268,1,True
67520,0.543152369260788,1,False
12939,0.543130853176117,1,False
11748,0.543109519481659,1,True
53905,0.5431034457683563,1,True
81980,0.5430330765247345,1,False
93995,0.5430243021249771,1,True
65920,0.5429070198535919,1,False
54962,0.5428883457183837,1,False
70028,0.5428723609447479,1,True
32798,0.5428599810600281,1,False
99652,0.5428592842817306,1,True
41911,0.5428440570831299,1,False
2775,0.5428279948234558,1,True
11492,0.542825014591217,1,True
38717,0.5427923119068145,1,True
50133,0.5427883005142212,1,True
89299,0.5427555179595948,1,True
40938,0.5427243041992187,1,False
96855,0.5427208411693574,1,False
71755,0.5426571011543274,1,False
29926,0.542628469467163,1,True
72729,0.5426079154014587,1,True
62580,0.542606579065323,1,False
20982,0.5425842154026032,1,False
20667,0.5425171053409577,1,True
17953,0.5425142329931258,1,False
72972,0.5424901556968689,1,False
27865,0.5424564439058304,1,True
5999,0.542427818775177,1,True
68697,0.5424194180965424,1,False
59996,0.542392303943634,1,True
23927,0.5423755657672882,1,True
82916,0.542315788269043,1,False
8756,0.5421558701992035,1,True
86602,0.5420202851295471,1,True
73942,0.5420149803161621,1,False
32574,0.542005307674408,1,False
8132,0.5419634425640106,1,True
88691,0.5419231045246125,1,True
31851,0.5418365240097046,1,True
31981,0.5418156957626343,1,True
90248,0.5418087732791901,1,False
28835,0.5417880511283875,1,True
68811,0.5417737185955047,1,False
59994,0.5417710822820663,1,True
79777,0.5417048674821854,1,True
7949,0.5417006415128708,1,True
40470,0.541685380935669,1,True
33452,0.541673641204834,1,False
37754,0.5416688334941864,1,True
62939,0.5416676425933837,1,True
22901,0.5416470324993133,1,False
90142,0.5416368663311004,1,True
41985,0.5416285526752472,1,True
12245,0.5415901374816895,1,False
74903,0.5415384066104889,1,False
39903,0.5415102005004883,1,True
91927,0.5414827930927277,1,True
59530,0.5414448511600495,1,True
36782,0.5413411700725556,1,False
65972,0.5413356375694275,1,True
3962,0.541265184879303,1,True
83933,0.5412491357326508,1,False
40986,0.5412391221523285,1,True
20597,0.5412165653705597,1,True
59555,0.5411080038547516,1,True
88725,0.5410877132415771,1,False
17468,0.5410827004909515,1,True
50981,0.5410579872131348,1,False
37593,0.5410341322422028,1,False
93620,0.5410304152965546,1,False
12918,0.5410042643547058,1,True
92641,0.5409998393058777,1,False
73438,0.540996909737587,1,False
21979,0.5409481489658355,1,True
19785,0.5409095752239228,1,True
15828,0.5408435416221619,1,True
19919,0.5408412617444992,1,True
73853,0.5408217346668244,1,False
22923,0.540818749666214,1,False
60993,0.5408049023151398,1,True
27997,0.5407597041130066,1,True
11680,0.5407443070411682,1,True
12706,0.540740293264389,1,False
66798,0.5406519830226898,1,False
5771,0.5406342613697053,1,False
29779,0.540617390871048,1,True
93220,0.5405578398704529,1,False
82991,0.5405554282665253,1,True
90992,0.5405210018157959,1,True
23175,0.5404510831832886,1,True
55850,0.5404396939277649,1,False
74818,0.5404357194900513,1,True
961,0.5403508639335632,1,False
82026,0.5402936160564422,1,False
51993,0.5402441096305848,1,True
20249,0.540210919380188,1,False
32968,0.540210907459259,1,True
70995,0.5401619112491607,1,False
56268,0.5401267731189727,1,False
82117,0.5401098513603211,1,False
9675,0.540095477104187,1,False
30097,0.5400294256210327,1,True
62650,0.5399967515468598,1,False
56719,0.5399755275249482,1,True
38104,0.5399567830562592,1,True
56997,0.5399558663368225,1,True
80221,0.5399536645412445,1,True
50978,0.5399436056613922,1,True
60998,0.5398802852630615,1,False
51985,0.5398342442512513,1,False
59734,0.5398332238197326,1,False
18948,0.5397979855537415,1,True
46326,0.5397677767276764,1,True
93208,0.5396973323822022,1,False
22272,0.5396518605947495,1,False
17957,0.5396365529298782,1,True
30851,0.5395941925048828,1,False
71871,0.5395624089241028,1,False
98990,0.5395345818996429,1,False
81276,0.5395293426513672,1,True
18783,0.5395282191038131,1,True
92974,0.5394928395748139,1,False
63002,0.5394906878471375,1,False
16956,0.5393808698654174,1,False
27076,0.539377179145813,1,False
77695,0.5393391525745392,1,False
62913,0.5393347251415253,1,True
21964,0.5393198323249817,1,True
21605,0.5392605543136597,1,True
47838,0.5392477542161942,1,True
90576,0.5392350363731384,1,True
43992,0.5391928088665009,1,False
97567,0.539190537929535,1,True
27401,0.5391414201259613,1,True
71734,0.5391329121589661,1,False
61982,0.5391258764266968,1,False
59843,0.539054069519043,1,True
43994,0.5390261340141296,1,False
32906,0.5389723241329193,1,False
80898,0.5388930833339691,1,True
20967,0.5388910806179047,1,False
57515,0.5388624513149262,1,True
30990,0.5388428521156311,1,False
77701,0.5388263082504272,1,True
40951,0.5387958812713622,1,True
97788,0.5387653172016144,1,True
56299,0.5387334823608398,1,True
31219,0.538726464509964,1,True
49911,0.5386633896827697,1,False
91654,0.5386492538452148,1,False
63956,0.5386283731460572,1,False
69971,0.538613805770874,1,False
64873,0.5385955131053924,1,False
66254,0.5385947108268738,1,True
36928,0.5385441881418228,1,True
51912,0.5385000681877137,1,True
10939,0.5384366965293884,1,True
87891,0.5383482611179351,1,True
69994,0.5383244633674622,1,True
29953,0.5383014404773712,1,False
33886,0.5382716166973114,1,False
60911,0.5382398724555969,1,True
26149,0.5382378768920899,1,True
91923,0.5382323908805847,1,False
99963,0.5381679248809814,1,True
12823,0.5381289100646973,1,True
9207,0.5380915904045105,1,True
60647,0.5380672895908356,1,True
69889,0.5380413138866424,1,False
94897,0.5380271434783935,1,False
69969,0.5380148005485534,1,True
71612,0.5380130922794342,1,True
62839,0.5380055642127991,1,False
71210,0.5379217994213105,1,True
5655,0.5378877246379852,1,False
64694,0.5378318524360657,1,False
91914,0.5378084671497345,1,True
62875,0.5377123785018921,1,False
1988,0.53770423412323,1,True
12893,0.537698768377304,1,False
79957,0.5376978623867035,1,True
52941,0.537688250541687,1,True
91931,0.537645754814148,1,True
32789,0.5376120829582214,1,False
23948,0.5375806820392609,1,True
24857,0.5375665485858917,1,True
43827,0.5375653600692749,1,False
40931,0.5374923932552338,1,True
30615,0.5374496603012084,1,True
19998,0.5374149858951569,1,True
58987,0.5373969161510468,1,True
22596,0.537330961227417,1,False
51914,0.5372502112388611,1,False
83882,0.5372252905368805,1,False
67999,0.5372057032585145,1,True
56260,0.5371968269348144,1,True
10749,0.537139618396759,1,True
96871,0.53711545586586,1,True
60990,0.5370800542831421,1,True
34939,0.5370707619190216,1,True
30967,0.5370491421222687,1,True
42906,0.537042932510376,1,True
19984,0.5370379054546357,1,False
10779,0.5370266258716583,1,True
1976,0.5369950103759766,1,True
7877,0.5369591593742371,1,False
74959,0.5369412529468536,1,True
67880,0.5369273734092712,1,False
10279,0.5368668711185456,1,True
32886,0.5368618333339692,1,True
8306,0.5368538475036622,1,True
9493,0.5368447887897492,1,True
68208,0.5368103361129761,1,False
12972,0.5367922329902649,1,False
80724,0.5367254292964936,1,False
60988,0.5367244231700897,1,False
60920,0.5366945445537568,1,False
60981,0.5366470658779144,1,False
96701,0.5366203445196152,1,False
50400,0.536541393995285,1,True
94702,0.5365358197689056,1,True
31990,0.5365340638160705,1,True
93512,0.5364969861507416,1,False
46136,0.5364920592308045,1,False
28742,0.536469520330429,1,True
10846,0.5364673709869385,1,True
51656,0.5364178133010864,1,True
82825,0.5363725054264068,1,False
37860,0.5363664531707764,1,False
92973,0.5363394594192505,1,False
71884,0.5363382697105408,1,False
90639,0.5362787580490113,1,True
34766,0.5362617897987365,1,False
97257,0.5362251472473145,1,True
797,0.5362216031551361,1,False
16774,0.5361846852302552,1,False
44792,0.5361742091178894,1,True
13990,0.5361356151103973,1,False
40896,0.5360951542854309,1,False
70970,0.5360931873321533,1,True
71989,0.536059707403183,1,True
92309,0.5360496592521667,1,False
94768,0.5360476565361023,1,False
69936,0.5360442841053009,1,True
18754,0.5360418963432312,1,False
46821,0.5360403609275818,1,False
49982,0.5360323178768158,1,False
36853,0.5359399372339249,1,False
22968,0.5358915102481843,1,True
885,0.5358752048015595,1,True
66867,0.5358738613128662,1,True
48767,0.5358241736888886,1,True
31585,0.5357936668395996,1,False
60908,0.5357818031311035,1,False
51963,0.5357781946659088,1,False
4805,0.5357779836654664,1,False
16909,0.5357104480266571,1,False
18277,0.5356776094436646,1,True
1995,0.535671113729477,1,False
22559,0.5356680274009704,1,False
1997,0.5356587159633637,1,True
20962,0.5356205272674561,1,True
20627,0.5354835712909698,1,True
17732,0.5354759705066681,1,True
70890,0.535467689037323,1,False
38479,0.5354543471336365,1,True
10903,0.5354300880432129,1,True
81773,0.5354087781906128,1,True
93736,0.535406900048256,1,False
43652,0.535374835729599,1,False
36831,0.5353137302398682,1,False
84801,0.5353045219182968,1,False
32437,0.535240181684494,1,True
70989,0.5352275991439819,1,True
49013,0.5351819348335266,1,True
13858,0.5351715236902237,1,False
47919,0.535128790140152,1,False
58951,0.5351089715957642,1,False
72882,0.5350680577754974,1,True
41564,0.5350493836402893,1,True
37677,0.5349842774868012,1,True
30475,0.5349724042415619,1,True
63149,0.5349676764011383,1,False
29922,0.5349115765094756,1,True
1961,0.5347633743286133,1,True
72688,0.5347290790081024,1,False
21630,0.534680985212326,1,True
95825,0.5346769440174103,1,False
38848,0.5346686184406281,1,True
91724,0.5346578693389893,1,False
86168,0.5346277213096619,1,True
20321,0.5346216487884521,1,True
2988,0.5345935869216919,1,False
89955,0.534553279876709,1,False
92976,0.5345367991924286,1,False
70994,0.5345341312885284,1,True
49812,0.5345125043392182,1,False
35766,0.5345119577646256,1,True
60562,0.5345063734054565,1,True
26429,0.5344932782649994,1,True
3969,0.53447056889534,1,False
53263,0.5343972146511078,1,True
85856,0.5343433201313019,1,False
37327,0.5343297874927521,1,False
17759,0.5343268477916718,1,True
90589,0.5343218052387237,1,False
59960,0.534289288520813,1,True
21675,0.5342593276500702,1,False
56792,0.5342460286617279,1,False
4694,0.5342184031009674,1,False
76608,0.5341786861419677,1,False
19293,0.5341757953166961,1,True
82761,0.5341677618026733,1,False
6108,0.5341612136363983,1,False
52727,0.5341293156147003,1,True
27460,0.5340418267250061,1,True
4839,0.5340116202831269,1,True
43930,0.5340057039260864,1,False
15670,0.5340022838115692,1,False
16965,0.5339467191696168,1,False
47940,0.5338145804405212,1,False
18341,0.5338068550825119,1,True
22866,0.5337727355957032,1,True
84914,0.5337590754032135,1,True
27862,0.5337297594547272,1,False
6847,0.5336903637647629,1,False
38872,0.5336255091428757,1,True
37751,0.5335910141468048,1,True
7237,0.5335405015945435,1,False
66210,0.5335244679450989,1,True
42782,0.5335072290897369,1,True
12299,0.5334898722171784,1,True
30994,0.533448222875595,1,True
57744,0.5333847820758819,1,False
13565,0.5333595216274262,1,False
38953,0.5333292651176453,1,True
20686,0.5333280301094055,1,False
70805,0.5333111560344697,1,False
12946,0.5333092296123505,1,False
22794,0.5332860600948334,1,True
82211,0.5332779121398926,1,False
55940,0.5332648897171021,1,False
57997,0.5332330679893493,1,False
8871,0.5332324779033661,1,True
41224,0.5332209122180939,1,False
78573,0.5332073962688446,1,True
85847,0.5331914913654328,1,False
58966,0.5331147968769073,1,True
38689,0.5331109917163849,1,True
30091,0.533103392124176,1,True
97292,0.5330912363529205,1,True
8876,0.5330850785970688,1,True
94892,0.5330516409873962,1,True
45922,0.5330173128843307,1,True
80143,0.5329603135585785,1,False
69411,0.532863233089447,1,False
30986,0.5328615581989289,1,False
16997,0.5328229761123657,1,True
15660,0.5328182661533356,1,False
57998,0.5328001081943512,1,True
33300,0.5327882277965545,1,False
66245,0.5327642166614532,1,True
19241,0.5327015709877014,1,True
81876,0.5327013182640076,1,True
12904,0.5326973021030426,1,True
60613,0.5326344561576843,1,True
44825,0.5325865870714188,1,True
83776,0.5324959850311279,1,False
62977,0.532495665550232,1,False
49377,0.5324872732162476,1,True
60354,0.5324361670017242,1,True
7999,0.532346966266632,1,True
41898,0.5323467171192169,1,False
41245,0.532319405078888,1,True
44852,0.5323087334632873,1,False
48654,0.532240936756134,1,True
34700,0.5321600782871246,1,True
48727,0.532127388715744,1,True
50991,0.5319612276554108,1,True
10983,0.5319605314731598,1,False
16554,0.531953775882721,1,False
97654,0.5319317388534546,1,True
32932,0.5319152343273164,1,False
93839,0.5318848347663879,1,True
86849,0.5318797516822815,1,False
45929,0.531862609386444,1,False
23694,0.5317563968896866,1,True
4984,0.5317527651786804,1,True
21969,0.5317317569255828,1,True
73605,0.5317229950428009,1,False
17030,0.5317201614379883,1,True
83444,0.531646882891655,1,False
13893,0.5316290539503097,1,False
88966,0.5316204202175141,1,False
31269,0.5316142117977143,1,True
10641,0.5315889132022857,1,True
46485,0.5315806341171265,1,True
8993,0.5315602815151215,1,True
27465,0.5314365482330322,1,False
95900,0.5313558536767959,1,True
16462,0.5313456112146377,1,False
90848,0.531341050863266,1,True
17998,0.5312992918491364,1,True
94836,0.5312898528575898,1,False
12345,0.5312746965885162,1,False
98889,0.5312519240379334,1,False
94995,0.5312503486871719,1,True
86898,0.5312481462955475,1,False
56548,0.5312067794799804,1,False
66848,0.531181475520134,1,True
22635,0.5311720991134643,1,False
66895,0.5311600863933563,1,False
91925,0.5311180162429809,1,True
73776,0.5311009049415588,1,True
63897,0.531054607629776,1,True
82994,0.5310543942451478,1,True
66932,0.5310452938079834,1,False
51881,0.5310308635234833,1,False
24417,0.5310146033763885,1,True
39877,0.5310033243894576,1,True
88872,0.5309809148311615,1,False
84787,0.5309529066085815,1,True
97997,0.5308891868591308,1,True
70992,0.5308768343925476,1,True
41978,0.5308128440380097,1,False
18853,0.5308033072948456,1,False
71961,0.5307972311973572,1,False
71932,0.5307955169677734,1,False
63966,0.5307741969823837,1,False
72832,0.5307619518041611,1,True
32642,0.5306628477573395,1,False
23997,0.5306475901603699,1,True
49510,0.5306416630744935,1,True
975,0.5306238031387329,1,True
52861,0.5306215703487396,1,False
36470,0.5304969906806946,1,False
18781,0.5304956555366516,1,False
33955,0.5304758596420288,1,True
52805,0.5304568064212799,1,False
21995,0.5304326951503754,1,False
20990,0.5304001438617707,1,False
27946,0.530394835472107,1,False
16857,0.530369793176651,1,False
58405,0.5303623735904693,1,True
60897,0.53035040974617,1,False
73007,0.5303384721279144,1,False
70437,0.5303350222110749,1,False
81975,0.5303096568584442,1,False
13936,0.5302844941616058,1,False
93901,0.5302724874019623,1,False
35896,0.530173436999321,1,True
62933,0.5301723504066467,1,False
77072,0.5301678037643432,1,True
91726,0.5301403152942658,1,False
80926,0.5300105953216553,1,False
91264,0.5300046384334565,1,True
40594,0.5299669778347016,1,False
31979,0.5299654793739319,1,False
12475,0.529893935918808,1,False
8948,0.5298290157318115,1,True
46939,0.5297814702987671,1,True
74856,0.5297617524862289,1,True
61361,0.5297537058591842,1,True
76743,0.5297406733036041,1,True
22285,0.5297328162193298,1,False
35777,0.5297052842378616,1,False
23695,0.5296942687034607,1,False
42857,0.5296695446968078,1,False
68245,0.5296686899662018,1,False
36652,0.5295737731456757,1,True
22638,0.5295654928684235,1,True
10948,0.5295607542991638,1,True
51926,0.5295494568347932,1,True
27812,0.5295494437217713,1,True
3740,0.5295455396175385,1,False
66997,0.5295430195331574,1,False
48975,0.5295333999395371,1,True
69999,0.5295244574546814,1,True
62912,0.5295089161396027,1,False
24953,0.5294956791400909,1,False
41976,0.5294181406497955,1,True
32209,0.5294156742095948,1,False
16730,0.5293892014026642,1,False
37227,0.5293606019020081,1,False
26831,0.5293392425775527,1,False
45798,0.5293309950828553,1,True
75905,0.5293299305438995,1,False
51982,0.5293061804771424,1,False
93706,0.5292763161659241,1,True
84845,0.5292486238479615,1,False
17898,0.5292030215263367,1,False
28044,0.5291937696933746,1,True
69776,0.5290834808349609,1,False
95603,0.5290640580654145,1,False
51983,0.5289850163459777,1,True
7793,0.528973206281662,1,True
11960,0.5289672958850861,1,False
83978,0.528934097290039,1,False
10958,0.5288430094718933,1,True
13851,0.52869846701622,1,False
80846,0.528645979166031,1,False
8310,0.5285973751544952,1,True
1951,0.5285788083076477,1,False
60927,0.5285289835929871,1,False
42839,0.5285157287120819,1,True
42851,0.528461948633194,1,False
73767,0.528433746099472,1,False
40663,0.5283777916431427,1,False
76747,0.5283651930093765,1,True
82831,0.5283236026763916,1,False
97592,0.528288334608078,1,True
37422,0.5282877898216247,1,False
42318,0.5282592594623565,1,False
48679,0.5282170534133911,1,False
85859,0.5282120251655579,1,False
94842,0.5281943190097809,1,False
82933,0.5281768989562988,1,False
10940,0.5281520593166351,1,True
80270,0.5281211555004119,1,True
46851,0.5280857843160629,1,False
50988,0.5280664217472076,1,False
76837,0.5280546456575393,1,True
96662,0.528028746843338,1,False
28592,0.5280274820327759,1,True
18461,0.5279948055744171,1,True
66688,0.5279738837480545,1,True
96796,0.5279656958580017,1,True
72575,0.5279508090019226,1,False
94542,0.5279190468788146,1,False
13460,0.5278799450397491,1,True
8975,0.5278784382343292,1,False
6908,0.5278663510084152,1,False
61883,0.5278644371032715,1,False
13803,0.5278489375114441,1,False
62835,0.5278235077857971,1,False
26806,0.5278187561035157,1,False
23671,0.5278185045719146,1,False
43751,0.5277980744838715,1,True
62971,0.5277604091167449,1,False
53978,0.5276958513259888,1,False
81935,0.5276722896099091,1,True
91037,0.5275175178050995,1,True
99989,0.5274899929761887,1,True
69996,0.5273690462112427,1,True
2813,0.5273309075832366,1,True
15995,0.5273109138011932,1,True
32068,0.5272177565097809,1,False
46481,0.5271335279941559,1,True
4970,0.527117259502411,1,False
30943,0.5271004092693329,1,False
99276,0.5270885503292084,1,True
13608,0.5270681416988372,1,True
21999,0.5270643669366837,1,False
22845,0.5270621514320374,1,True
30996,0.5270596432685852,1,False
13766,0.5270336639881135,1,False
69990,0.5270281559228898,1,True
83847,0.5270051097869873,1,False
65936,0.5269815945625305,1,True
67162,0.5269017946720124,1,False
89896,0.5268799734115601,1,False
39671,0.5268754553794861,1,False
12607,0.5268722116947174,1,True
72722,0.5268503785133362,1,False
88671,0.5268457686901092,1,True
57669,0.5268325698375702,1,True
68960,0.5267994868755341,1,True
37718,0.5267739546298981,1,False
43991,0.526726753115654,1,True
999,0.5266762030124664,1,True
36999,0.5265588760375977,1,False
32591,0.5264777731895447,1,False
16999,0.5264434623718262,1,True
21957,0.5264216578006744,1,True
31820,0.5264133155345917,1,True
56944,0.5263115561008453,1,False
29905,0.5263032639026641,1,False
28562,0.5262914776802063,1,True
71964,0.5262860822677613,1,True
88884,0.5262767386436462,1,True
2702,0.5262760889530183,1,False
40142,0.5262691354751587,1,True
50168,0.5262567567825317,1,True
22983,0.526241238117218,1,False
6840,0.5262127876281738,1,True
26801,0.5261706382036209,1,False
81999,0.5261543810367584,1,True
4628,0.5261467754840851,1,False
1723,0.5260903203487396,1,False
69238,0.5259952640533447,1,True
94979,0.5259796369075775,1,True
64863,0.5259318614006043,1,True
76919,0.5259071481227875,1,False
32813,0.5258917438983917,1,False
80822,0.5257948338985443,1,True
31974,0.5257551777362823,1,False
52943,0.5257215017080308,1,False
62169,0.5256529891490936,1,True
80779,0.5256327390670776,1,True
71981,0.5256322681903839,1,True
97999,0.5256065404415131,1,True
89979,0.5255822652578355,1,False
97831,0.5255686485767365,1,False
26308,0.5255564999580383,1,False
51802,0.5254962491989136,1,True
69786,0.5254879480600356,1,False
90981,0.5254353928565979,1,False
69357,0.5253881311416626,1,True
7865,0.5253078490495682,1,True
13817,0.5252901685237885,1,True
20678,0.5252508807182312,1,True
53857,0.5252302932739258,1,True
61405,0.5252198851108552,1,True
43164,0.5252190673351288,1,False
21980,0.5252014327049255,1,False
48378,0.5251967477798462,1,True
49844,0.5251786768436432,1,True
99997,0.525171046257019,1,True
96347,0.5251544559001923,1,True
98917,0.5251507306098938,1,True
28930,0.5251117151975632,1,True
3469,0.5250530171394348,1,False
4529,0.5249958670139312,1,False
34634,0.5249502038955689,1,False
98460,0.5249095523357392,1,True
21990,0.5248791956901551,1,True
81720,0.5247900140285492,1,True
91428,0.5247040784358978,1,True
32623,0.5246957933902741,1,False
30988,0.5246770358085633,1,True
43973,0.5246493422985077,1,False
40976,0.5246245080232621,1,True
10932,0.5245905303955078,1,False
9429,0.5245372772216796,1,True
81382,0.5244940972328186,1,True
97100,0.5244880580902099,1,True
84927,0.5244772070646286,1,True
47937,0.5244317436218262,1,False
86786,0.5244009822607041,1,True
89854,0.5243449008464813,1,True
25781,0.524339473247528,1,False
7690,0.524313252568245,1,True
30697,0.5242416477203369,1,True
16998,0.5242150330543518,1,True
57172,0.5241843748092652,1,True
76856,0.5241515016555787,1,False
25857,0.524147275686264,1,True
92675,0.5241448605060577,1,False
92784,0.5241067719459533,1,False
70928,0.5239605331420898,1,True
13860,0.5239130055904389,1,False
43862,0.5239105343818664,1,False
61236,0.5238480615615845,1,True
75984,0.5238408470153808,1,False
597,0.5237469005584716,1,False
32699,0.5237235081195831,1,False
56894,0.5237074899673462,1,True
86799,0.5237010055780411,1,True
42927,0.5237000584602356,1,False
82403,0.5236995303630829,1,False
94555,0.5236937224864959,1,False
592,0.5236709260940552,1,True
5912,0.5236316949129105,1,False
77960,0.5236284583806992,1,False
71534,0.5236126756668091,1,True
38728,0.5236116206645965,1,True
69826,0.5236111080646515,1,True
79954,0.5235172414779663,1,False
83956,0.5235140573978424,1,False
70556,0.5235092318058014,1,False
21881,0.5235085964202881,1,True
49917,0.523507524728775,1,False
46260,0.5235047006607055,1,True
53644,0.5234996628761291,1,False
77795,0.5234792995452882,1,True
50992,0.5234535014629365,1,True
36833,0.5234499824047089,1,False
50984,0.5233501529693603,1,True
42958,0.5233429050445557,1,False
11081,0.5232922178506851,1,True
96900,0.5232873392105102,1,True
92885,0.5232841885089874,1,False
952,0.5232643580436707,1,False
39565,0.5232598185539246,1,True
29997,0.5232368558645248,1,False
23726,0.5232298660278321,1,False
44996,0.5232178843021393,1,False
93577,0.5232165074348449,1,False
46207,0.5231002402305602,1,False
50989,0.5231002390384674,1,False
99481,0.523094378709793,1,True
10997,0.5230100965499878,1,False
26760,0.5229235672950745,1,False
93149,0.5229063773155213,1,False
99756,0.5228820693492889,1,False
93873,0.5228493106365204,1,True
997,0.5228259682655334,1,True
1907,0.5228078436851502,1,True
93951,0.5227812504768372,1,False
12927,0.5227478933334351,1,True
13829,0.5227387046813965,1,False
86853,0.522718899846077,1,True
93766,0.522717673778534,1,False
12841,0.5225761413574219,1,True
1748,0.5225421571731568,1,False
92580,0.5224954408407212,1,False
44766,0.5224432510137558,1,False
1389,0.5224038481712341,1,True
28996,0.5223926496505737,1,True
21682,0.5223896384239197,1,True
74995,0.522373571395874,1,True
21810,0.5223068273067475,1,True
20983,0.5223063576221466,1,False
67901,0.5222582387924195,1,False
55685,0.522203654050827,1,False
81398,0.5221567142009735,1,True
36596,0.5221257936954499,1,False
1981,0.522072525024414,1,True
11973,0.5220514857769012,1,True
36622,0.5220394778251648,1,True
47999,0.5220129197835922,1,True
49970,0.5219894284009934,1,False
849,0.5219837701320649,1,True
53860,0.5219779491424561,1,True
31640,0.5219741892814637,1,False
47948,0.5219697642326355,1,False
81598,0.5219412732124329,1,True
67504,0.5219117546081543,1,True
37885,0.521889471411705,1,True
22994,0.5218852961063385,1,True
93796,0.5218810057640075,1,False
21149,0.5218192279338837,1,True
74814,0.5217562699317932,1,False
47762,0.5217497384548188,1,False
8384,0.521730718612671,1,True
19572,0.5217059576511383,1,True
46495,0.521653904914856,1,True
43863,0.5216319429874421,1,False
97452,0.5215805661678314,1,True
99923,0.5215683567523957,1,True
398,0.521548388004303,1,True
93283,0.5215243464708328,1,False
23289,0.5214853084087372,1,False
57572,0.5214174747467041,1,False
72368,0.521384841799736,1,True
7180,0.5213473343849182,1,False
50295,0.5213131356239319,1,True
20958,0.5213017559051514,1,True
6147,0.5212944233417511,1,True
64955,0.5212837064266205,1,False
1740,0.5212789070606232,1,True
30007,0.521276251077652,1,True
64438,0.5212744879722595,1,True
71995,0.5212580680847168,1,False
1953,0.5212567639350891,1,True
51998,0.5211873120069503,1,True
83873,0.5211818385124207,1,False
10029,0.5211250770092011,1,True
42729,0.5211210256814957,1,True
61921,0.5211136364936828,1,False
935,0.5211112785339356,1,True
22992,0.5210633909702301,1,True
93316,0.5210614931583405,1,True
52976,0.5210170304775238,1,False
51642,0.5210150170326233,1,True
13975,0.5209939461946487,1,True
91530,0.5209443819522858,1,False
82900,0.5209003043174744,1,False
4580,0.5208680856227874,1,True
3761,0.5208137989044189,1,False
976,0.5207929146289826,1,True
11383,0.5207120335102081,1,True
86918,0.5207108169794082,1,True
40983,0.5206793403625488,1,True
93215,0.5206724798679352,1,True
41948,0.5206482911109924,1,False
23813,0.5206288754940033,1,False
33620,0.520492502450943,1,False
92389,0.5204193460941315,1,False
23512,0.5203691613674164,1,False
11976,0.5203641974925994,1,False
30177,0.5203518414497376,1,False
41940,0.5203314101696015,1,False
80956,0.5203061199188233,1,True
38527,0.5202910101413727,1,True
13961,0.5202450263500213,1,False
87051,0.520203047990799,1,True
19877,0.5201578742265701,1,True
91792,0.5201177740097046,1,True
18770,0.5200832903385162,1,True
97757,0.5200553715229035,1,False
97998,0.5200469970703125,1,False
67934,0.52002596616745,1,True
90937,0.5199882066249848,1,False
15983,0.5199619483947754,1,True
76998,0.5199186301231384,1,True
56657,0.5198580241203308,1,False
51183,0.5198398447036743,1,True
38420,0.5197604322433471,1,False
6337,0.5197367584705352,1,True
29990,0.5197237586975098,1,False
71985,0.5197153478860855,1,True
90945,0.5197079133987427,1,True
46498,0.5197064423561096,1,True
50840,0.5196917283535003,1,False
65783,0.5196601068973541,1,False
91533,0.5196564054489136,1,True
22485,0.5196369862556458,1,False
1284,0.5196262216567993,1,True
44979,0.519623584151268,1,True
55542,0.519600396156311,1,False
98612,0.5195927035808563,1,False
13899,0.5195390188694,1,True
50659,0.519515860080719,1,True
23403,0.5194821876287461,1,False
18897,0.5194815647602081,1,False
57698,0.5194411671161652,1,False
31590,0.5194022929668427,1,True
73893,0.5193935084342957,1,True
53195,0.519380555152893,1,True
20979,0.5193781626224518,1,False
79499,0.5193773919343949,1,True
80998,0.5193362390995026,1,False
71936,0.5193286919593811,1,True
99814,0.5192480683326721,1,False
386,0.5192444562911988,1,False
39806,0.5192397463321685,1,False
94622,0.5192152440547944,1,True
59608,0.5191745722293855,1,True
84952,0.5191373419761658,1,False
67807,0.5191295778751372,1,True
27696,0.5191110944747925,1,False
48842,0.5191096073389053,1,True
99957,0.5190373480319976,1,False
65819,0.5189886522293091,1,False
13894,0.5189804255962371,1,True
39552,0.5189614218473435,1,True
91995,0.5189451169967652,1,True
8946,0.5189332413673401,1,True
98787,0.5189316082000732,1,True
81548,0.5188712751865387,1,True
20924,0.5188559925556183,1,True
11980,0.5188175940513611,1,True
59890,0.5188160914182662,1,True
21963,0.5187391221523285,1,False
37634,0.5187296414375305,1,True
52776,0.5187283837795258,1,False
67765,0.518725597858429,1,False
81929,0.5186596858501434,1,False
10251,0.518652925491333,1,True
28752,0.518620069026947,1,False
40989,0.5185956192016602,1,True
83987,0.5185705101490021,1,False
4690,0.5185583239793777,1,True
62964,0.5185487616062164,1,False
12772,0.5185226202011108,1,True
18936,0.518486008644104,1,False
18917,0.5184821045398712,1,False
62791,0.5184713459014892,1,False
56376,0.5184320652484894,1,True
28827,0.5184165859222412,1,True
72888,0.5184157884120941,1,False
39842,0.5183292865753174,1,False
74910,0.518313056230545,1,False
90989,0.5182850527763367,1,False
74912,0.5182780957221985,1,False
21965,0.5181501388549805,1,False
10827,0.5181159317493439,1,True
97811,0.5181137782335281,1,True
85704,0.5181103509664535,1,True
45633,0.5180859446525574,1,False
80682,0.5180578207969666,1,False
21972,0.5180238795280456,1,False
18993,0.5179901456832886,1,True
17408,0.517984254360199,1,True
81978,0.517962120771408,1,True
37409,0.5178858417272567,1,True
16117,0.5178205049037934,1,True
31712,0.5178204047679901,1,True
81623,0.5178161859512329,1,True
16862,0.5176608490943908,1,False
30197,0.5176485729217529,1,True
52984,0.5176423841714859,1,True
4926,0.517612195611,1,False
49855,0.5175903332233429,1,True
60936,0.517545199394226,1,False
69285,0.5175326097011566,1,True
41991,0.5174787938594818,1,False
82626,0.5174206745624542,1,False
77241,0.517394653558731,1,True
47770,0.5173343032598495,1,True
83830,0.5172618949413299,1,False
44821,0.5172226864099503,1,False
30962,0.5172063779830933,1,True
41590,0.5171728241443634,1,True
1634,0.5171305882930756,1,False
23242,0.5170858764648437,1,True
26755,0.5170573407411576,1,False
67997,0.5170429873466491,1,False
46360,0.5170352637767792,1,True
11969,0.5169984602928162,1,True
50913,0.5169899606704712,1,False
23994,0.5169714045524597,1,False
1954,0.5169566702842713,1,True
77261,0.5169366371631623,1,True
51997,0.516869169473648,1,True
91752,0.516860637664795,1,True
92491,0.5168523621559142,1,True
93553,0.5168270134925843,1,False
48925,0.5167963874340058,1,True
83429,0.5167520552873611,1,True
32821,0.5166755318641663,1,True
34970,0.5166670823097229,1,True
92898,0.5166104590892792,1,True
11983,0.5166070449352265,1,True
3777,0.516572105884552,1,True
21465,0.5165705072879792,1,True
73952,0.5165434503555297,1,False
95758,0.5165314209461211,1,False
72859,0.5165227890014649,1,True
70889,0.5164300012588501,1,False
96664,0.5164080029726028,1,False
46904,0.5163299161195756,1,True
31695,0.5163122999668122,1,True
76895,0.5163037115335465,1,True
11997,0.5162842291593552,1,False
89996,0.5162627756595611,1,True
31997,0.5162369585037232,1,True
170,0.5161964106559753,1,True
21932,0.5161253869533539,1,True
31002,0.5160011696815491,1,True
96552,0.5158353090286255,1,False
57936,0.5157764714956283,1,True
59997,0.5157589030265808,1,True
23619,0.5157538628578187,1,False
59575,0.5157354652881623,1,True
50934,0.5156140851974487,1,True
40988,0.5156002390384674,1,False
93896,0.5155422568321228,1,False
78944,0.5154903572797775,1,True
72527,0.5154639160633088,1,False
84841,0.515461711883545,1,False
10998,0.5154455941915512,1,False
38440,0.5154452896118165,1,True
96653,0.5154396033287048,1,True
31237,0.515362184047699,1,True
99546,0.5153471791744233,1,True
81957,0.5152314865589142,1,False
91988,0.5152037370204925,1,False
6609,0.5151715064048767,1,True
65671,0.5151645904779434,1,False
33772,0.515149757862091,1,False
42810,0.515123862028122,1,False
92963,0.515121591091156,1,False
80895,0.5151076364517212,1,True
96942,0.5150247490406037,1,False
88985,0.5149393236637115,1,False
72077,0.5148395889997482,1,False
27923,0.5148265671730041,1,False
38177,0.5147833883762359,1,True
50985,0.5147742694616317,1,False
49879,0.5147491562366486,1,False
42941,0.5147365999221802,1,True
49680,0.5147282338142395,1,True
53216,0.5147058367729187,1,False
60995,0.514690763950348,1,True
96548,0.5146340715885163,1,False
55942,0.5146282267570496,1,False
83962,0.514628187417984,1,False
92941,0.5146272659301758,1,False
93946,0.5145990359783172,1,False
43344,0.5144545233249664,1,True
68992,0.5144544172286987,1,True
66890,0.5143485051393508,1,False
42956,0.5143464303016663,1,False
663,0.5143458241224289,1,True
65923,0.5143266332149505,1,True
59752,0.5143047869205475,1,False
74921,0.5142755830287933,1,False
43927,0.5142709195613862,1,False
22161,0.5142405784130096,1,True
40542,0.5142289233207703,1,True
22951,0.5142199897766113,1,True
58290,0.5142030960321426,1,True
43879,0.514169883131981,1,False
10651,0.5141181921958924,1,True
41237,0.5140845382213592,1,True
53757,0.5140808713436127,1,False
81881,0.5140770184993744,1,False
11987,0.5140385401248933,1,True
34887,0.5139987188577653,1,False
1466,0.5139641773700714,1,True
75716,0.5138965082168578,1,False
61083,0.5138849234580993,1,True
53253,0.513880922794342,1,True
71695,0.5138382804393768,1,True
42641,0.5138317918777466,1,False
80431,0.5138291311264038,1,False
17543,0.5138243782520294,1,False
69865,0.5138101637363434,1,True
48627,0.5137938594818116,1,False
6323,0.513772132396698,1,False
44864,0.5137363386154175,1,False
986,0.5137350922822952,1,False
45899,0.5137188482284546,1,True
37862,0.5136688566207885,1,True
91977,0.5135910892486573,1,True
63773,0.5135538059473037,1,True
93508,0.5135466158390045,1,False
40907,0.5135406160354614,1,True
93937,0.513494645357132,1,True
10995,0.5134529912471771,1,True
32897,0.5133992040157318,1,True
32914,0.5133447873592376,1,True
83975,0.5132984066009522,1,False
79879,0.5132859992980957,1,True
85841,0.5132673394680023,1,True
13973,0.5132354819774627,1,False
77585,0.5132122123241425,1,True
41989,0.5132100033760071,1,True
46673,0.5131971096992493,1,False
17999,0.5131312537193298,1,False
40248,0.5131140947341919,1,False
84757,0.5131134396791458,1,True
65537,0.5130503064393996,1,True
95765,0.5130409002304077,1,True
41982,0.5129550874233246,1,False
14847,0.5129413002729416,1,True
58994,0.5129217267036438,1,True
34423,0.5128710556030274,1,True
32977,0.5128180313110351,1,False
70776,0.5128176701068878,1,False
84921,0.5127823007106781,1,False
70936,0.5127688562870025,1,True
33941,0.5127555286884308,1,False
67423,0.512681759595871,1,False
44875,0.5126645904779434,1,False
41974,0.5126623940467835,1,True
96974,0.512645002603531,1,False
47887,0.5126433426141739,1,True
58493,0.5126170861721039,1,False
72348,0.5125941097736358,1,False
50976,0.5125791883468628,1,False
28987,0.5125544047355652,1,True
85810,0.512544987797737,1,True
64750,0.5125337040424347,1,False
79947,0.5124949562549591,1,True
93972,0.5124798148870469,1,False
36285,0.5124783688783645,1,True
48736,0.5124764776229858,1,False
31966,0.5123992347717286,1,True
52494,0.512383970618248,1,False
49995,0.5123712348937988,1,True
20988,0.5123297572135925,1,True
59750,0.5122990763187408,1,True
20997,0.5122662258148194,1,False
29256,0.5122649347782136,1,True
22827,0.5121544444561005,1,True
90861,0.512135968208313,1,True
90972,0.5121123826503754,1,False
51568,0.5120808184146881,1,True
60594,0.5120305871963501,1,True
91845,0.5120040774345398,1,False
38865,0.5120038890838623,1,False
63787,0.5119463992118836,1,False
98997,0.5119378983974456,1,False
49862,0.5119274002313614,1,True
26671,0.5118987059593201,1,False
77545,0.5118743449449539,1,True
77998,0.5118352675437927,1,False
12953,0.5118235528469086,1,False
61990,0.5117661082744598,1,False
80981,0.5117158889770508,1,True
44764,0.5116924983263016,1,False
32553,0.5116854655742645,1,False
20837,0.5116766500473022,1,True
72783,0.5116438353061676,1,False
13299,0.5116405045986175,1,False
40133,0.511610083580017,1,True
59959,0.5115857583284378,1,True
67128,0.5115627264976501,1,True
68620,0.5115550184249877,1,False
29934,0.5115444731712342,1,False
27962,0.5115417319536208,1,True
90243,0.5114601862430572,1,True
76923,0.5114281839132309,1,False
56912,0.5114030742645264,1,False
17802,0.5113826209306718,1,False
97736,0.5113550996780396,1,False
21716,0.511269577741623,1,False
94776,0.5112679016590118,1,True
20671,0.5112665200233459,1,True
88953,0.5112065470218659,1,False
31852,0.5111916124820709,1,False
97941,0.5111851012706756,1,False
30876,0.5111658620834351,1,False
68523,0.5111388766765594,1,True
24948,0.5111238312721252,1,True
27425,0.5111154866218567,1,False
74923,0.5111093950271606,1,False
3978,0.5111061453819274,1,False
49988,0.5110979354381562,1,False
89776,0.5110866212844849,1,False
20946,0.5110863876342774,1,True
40755,0.5110760927200317,1,False
40981,0.5110431587696076,1,False
39802,0.5109955108165741,1,True
61511,0.5109776282310485,1,True
97211,0.5109544718265533,1,True
31783,0.5109449708461762,1,False
44953,0.5109297907352448,1,False
68774,0.5109099078178405,1,False
93884,0.5108360564708709,1,False
21973,0.5108292698860168,1,False
13291,0.5108121979236603,1,False
9921,0.5108060520887374,1,True
68938,0.5107762897014618,1,True
21704,0.5106955778598785,1,True
60361,0.5106685650348664,1,True
28953,0.5106580555438995,1,False
62932,0.5106502270698547,1,False
77682,0.5106422120332719,1,True
42924,0.5106363159418106,1,False
93756,0.5106046199798584,1,False
41528,0.5105708873271942,1,False
49811,0.5105527901649475,1,False
66679,0.5105510866641998,1,False
85995,0.5104772078990936,1,False
87757,0.5104724359512329,1,True
89986,0.5104407072067261,1,True
2945,0.5104396724700928,1,True
95889,0.510430760383606,1,True
92542,0.5104222142696381,1,True
61994,0.510298900604248,1,True
87378,0.5102739906311036,1,True
31626,0.5102713716030121,1,True
338,0.5102257764339447,1,True
53304,0.5102134573459625,1,True
55971,0.5102031743526458,1,False
1020,0.5101012980937958,1,False
61164,0.510066602230072,1,True
5986,0.5100420182943344,1,True
68235,0.5100324511528015,1,True
1518,0.510028419494629,1,True
35899,0.5099786049127579,1,True
42967,0.5099347865581512,1,False
72400,0.5099312645196914,1,False
71592,0.509866452217102,1,True
91838,0.5098380780220032,1,True
664,0.5098061275482177,1,True
3335,0.5097915482521057,1,False
95945,0.5097675740718841,1,False
13721,0.5096083426475525,1,False
68996,0.5095839869976044,1,True
63926,0.5095660531520844,1,False
93904,0.5094965267181396,1,True
54926,0.509489728808403,1,True
11998,0.5093566751480103,1,True
33871,0.5093486440181733,1,False
61562,0.5093368518352508,1,False
63958,0.5093241810798645,1,True
76336,0.5093028032779694,1,True
38740,0.5092809677124024,1,True
17232,0.5092519390583038,1,True
85982,0.5092360329627991,1,False
93289,0.5090424394607544,1,False
69300,0.5090318536758422,1,True
20981,0.5089885342121124,1,True
28380,0.5089740562438965,1,True
70982,0.5089367830753326,1,True
13332,0.5089343202114105,1,False
62948,0.5088809126615524,1,False
48610,0.5088765585422517,1,True
80997,0.5088741707801818,1,True
61988,0.5088609337806702,1,True
20808,0.5088583517074585,1,True
11750,0.5088087689876557,1,True
33288,0.5087611824274063,1,False
19440,0.5087584161758423,1,True
44890,0.508617570400238,1,False
70184,0.5085865664482117,1,True
941,0.5085704946517944,1,False
51815,0.5085150361061096,1,False
7714,0.508511449098587,1,True
17439,0.5084812891483307,1,True
51886,0.508459541797638,1,True
71937,0.5084185254573822,1,False
13873,0.508395636677742,1,False
17419,0.5083946788311005,1,True
97237,0.5083658421039581,1,True
51344,0.5083340275287628,1,True
83493,0.508267308473587,1,False
30980,0.5082594263553619,1,False
90841,0.5082534384727478,1,True
87210,0.5082467222213745,1,True
22974,0.5081261312961578,1,False
59899,0.5080444759130478,1,False
72854,0.5080390453338623,1,False
99079,0.5080331534147262,1,True
24748,0.5079796016216278,1,False
93964,0.5079024350643158,1,True
11954,0.507826566696167,1,False
42882,0.5078137028217315,1,False
28444,0.507794222831726,1,True
71062,0.5077234065532684,1,True
42885,0.5075986242294311,1,False
53070,0.507577075958252,1,False
42936,0.5075263559818268,1,False
81936,0.5074318099021912,1,True
17721,0.5074097442626953,1,True
86292,0.5073677861690521,1,False
40883,0.5073355484008789,1,False
27879,0.5073317229747772,1,False
80862,0.5073155558109284,1,True
33249,0.5073010277748108,1,False
2630,0.50729032933712,1,True
46889,0.5072642594575882,1,False
60674,0.5072438025474548,1,False
33616,0.5072229570150375,1,False
44830,0.5072052842378616,1,False
44799,0.5072024416923523,1,False
9145,0.5071282398700714,1,True
32322,0.507026755809784,1,False
11947,0.5069776773452759,1,True
61800,0.5069571924209595,1,False
93958,0.5069495713710785,1,True
56175,0.5069351828098297,1,False
1993,0.5069281780719757,1,False
57390,0.5069205248355866,1,False
47342,0.5069174456596375,1,True
40999,0.5068946272134781,1,True
51716,0.5068826460838318,1,False
23926,0.5068802237510681,1,False
73992,0.5068632221221924,1,False
96709,0.5068011891841888,1,False
40954,0.50675234913826,1,True
59931,0.5067125123739242,1,True
61992,0.5067054212093354,1,False
83938,0.5067037439346314,1,False
53829,0.5067021596431732,1,False
8383,0.5066883826255798,1,True
92584,0.506667286157608,1,False
61867,0.5066486227512359,1,True
20931,0.5066419446468353,1,True
80772,0.5065733563899995,1,False
30839,0.5065378046035767,1,True
43543,0.5065029716491699,1,True
37935,0.5063529968261719,1,True
30817,0.5063095128536225,1,True
34864,0.506307954788208,1,False
81902,0.506301383972168,1,True
96595,0.5062980556488037,1,True
33952,0.5062359762191773,1,False
28670,0.5062350726127625,1,True
73701,0.5061861991882324,1,False
52977,0.5061843538284302,1,True
72923,0.5061786687374115,1,False
41761,0.5061505401134491,1,True
20908,0.5061445552110673,1,False
62553,0.5061401927471161,1,False
28075,0.5060772800445557,1,True
70658,0.5060621559619903,1,True
70231,0.506039844751358,1,True
66673,0.5060355055332184,1,False
85825,0.5060302186012269,1,False
38907,0.5060272812843323,1,True
80999,0.5060184872150422,1,True
40761,0.505997383594513,1,True
72572,0.5059544360637664,1,False
80762,0.5059355139732361,1,False
97932,0.505924146771431,1,True
80955,0.5059071159362794,1,False
97274,0.5058553850650788,1,True
30746,0.5058358752727509,1,True
58850,0.5057512176036835,1,True
82978,0.5057475912570953,1,False
53967,0.505747127532959,1,False
11910,0.5057444477081299,1,False
25605,0.5056700313091278,1,False
61044,0.5056352126598358,1,True
22750,0.5056034123897553,1,False
71615,0.5055543756484986,1,True
68933,0.5055274581909179,1,False
7191,0.5054990386962891,1,True
54917,0.5054809784889222,1,False
48997,0.5053897142410279,1,True
86764,0.505366221666336,1,False
52936,0.5053643751144409,1,False
42988,0.5052911150455475,1,False
46623,0.5052715086936951,1,False
4948,0.5052712279558182,1,False
70953,0.5052639460563659,1,True
80729,0.5052466201782226,1,True
94732,0.5052300941944122,1,False
31532,0.5052201735973358,1,True
41993,0.5052114617824555,1,False
32850,0.5052097404003143,1,False
55784,0.5051645904779434,1,False
41961,0.5051368570327759,1,True
90980,0.5051267349720001,1,False
67701,0.5050778621435166,1,True
41997,0.504990895986557,1,True
13799,0.5048420631885528,1,True
670,0.5048024940490723,1,True
80144,0.504777399301529,1,False
31858,0.5047562623023987,1,True
5935,0.5047179681062699,1,True
792,0.5047136616706849,1,True
20977,0.5047081518173218,1,False
55907,0.5047052842378617,1,False
96174,0.5046747624874115,1,True
94631,0.5046744239330292,1,False
10950,0.5046435248851776,1,True
82863,0.5046045172214508,1,True
17146,0.504566752910614,1,False
61421,0.504561984539032,1,True
10979,0.5045596015453339,1,True
35756,0.5045153999328613,1,False
9962,0.5044462776184082,1,False
32173,0.504443074464798,1,True
90926,0.504401261806488,1,False
76259,0.5043669760227203,1,False
68741,0.5043547832965851,1,False
25982,0.5042679530382157,1,False
81930,0.5042399477958679,1,True
1913,0.5042281293869019,1,False
33966,0.5041334462165833,1,False
60213,0.5041011810302735,1,True
49968,0.5040741103887558,1,True
58952,0.5040469145774842,1,False
81383,0.5040278005599975,1,True
1331,0.504024988412857,1,True
83318,0.5040247851610185,1,False
11979,0.5038924837112426,1,False
13715,0.5038782185316086,1,False
87137,0.5038643527030945,1,True
7211,0.5038619589805603,1,True
49964,0.5038615942001343,1,True
68909,0.5037923097610474,1,True
29242,0.5037417227029801,1,True
40998,0.5037396687269211,1,True
11410,0.5037174427509308,1,True
12702,0.5036970055103303,1,False
18939,0.5036025613546371,1,True
91777,0.5035307061672211,1,True
79464,0.5035016304254532,1,True
12963,0.5034858179092407,1,True
81939,0.5034408271312714,1,False
1559,0.5034309959411621,1,True
82853,0.5033730190992356,1,False
928,0.5032365918159485,1,True
62990,0.5031811684370041,1,False
40987,0.5031530916690826,1,False
749,0.5031445384025574,1,True
75964,0.5031038689613343,1,True
73981,0.5030705654621124,1,False
70971,0.5030579888820648,1,False
60537,0.5030374109745026,1,True
4918,0.5029977065324783,1,False
12941,0.5029333460330963,1,True
24692,0.5028595089912414,1,True
21991,0.5028515636920929,1,True
92338,0.5028505051136016,1,True
74617,0.5028385961055756,1,False
2829,0.502781058549881,1,False
97459,0.5027539265155793,1,True
74897,0.502722042798996,1,False
12676,0.5026915669441223,1,False
34874,0.5026864355802536,1,False
38992,0.5026778966188431,1,True
6766,0.5026310324668884,1,True
19828,0.502591860294342,1,False
26516,0.5025793296098708,1,False
90615,0.502568553686142,1,True
16820,0.5025035095214844,1,False
23900,0.5024924761056899,1,False
62808,0.5024667680263519,1,False
88983,0.5024637007713317,1,False
62906,0.5024337714910507,1,False
61998,0.5024200266599654,1,True
5790,0.502412987947464,1,False
10248,0.5024069082736969,1,True
63263,0.5023446500301361,1,False
69765,0.5023355823755264,1,False
31072,0.5022648274898529,1,False
83897,0.5022428596019746,1,True
13790,0.5021788436174393,1,False
83393,0.5021780091524124,1,True
72848,0.502129088640213,1,False
75981,0.5021229386329651,1,False
37252,0.501983722448349,1,True
45852,0.5019530981779099,1,False
16812,0.5019484150409699,1,False
95858,0.501948401927948,1,True
29894,0.5019017195701598,1,True
30906,0.5018928456306457,1,True
79417,0.5018457120656967,1,True
66464,0.5017948561906815,1,False
90882,0.5017872631549836,1,False
60558,0.5017678701877594,1,True
37829,0.5017588996887208,1,True
42883,0.5017426025867462,1,False
13925,0.5017269384860993,1,False
38989,0.5017199552059173,1,True
10459,0.501704587340355,1,True
21637,0.5016854810714722,1,True
57715,0.5016680073738098,1,False
27756,0.5016079956293107,1,False
52981,0.5014779269695282,1,False
40957,0.501436072587967,1,True
60822,0.501406956911087,1,False
21443,0.5013984751701355,1,True
97740,0.5013851773738861,1,True
12870,0.5013757252693176,1,False
72971,0.501366651058197,1,False
44994,0.5012634181976319,1,False
20956,0.5011919641494751,1,False
74997,0.5011588382720947,1,False
80960,0.5011238980293273,1,False
97651,0.5010773998498916,1,False
71943,0.5010683000087738,1,True
55505,0.50098912358284,1,True
89214,0.5009585928916931,1,True
43403,0.5008697938919068,1,True
54990,0.5008683204650879,1,True
95580,0.5008342438936233,1,True
69263,0.5008230185508729,1,True
67495,0.5008229231834411,1,False
96346,0.5008070939779281,1,True
42674,0.5007777392864228,1,False
99832,0.5007694685459136,1,True
35968,0.5007656121253967,1,False
80652,0.5007616519927979,1,True
67763,0.5007449567317963,1,False
34907,0.5007441675662995,1,False
53784,0.5007269787788391,1,False
95972,0.5006975054740905,1,False
15978,0.5006931674480438,1,False
32967,0.5006903243064881,1,False
96619,0.5006283211708069,1,True
92806,0.5005878031253814,1,False
81832,0.5005753755569458,1,True
66447,0.5005289745330811,1,False
74989,0.5005130416154862,1,False
72868,0.5004947137832642,1,True
64988,0.500484516620636,1,True
35951,0.5004353106021882,1,False
6998,0.5003823435306549,1,True
31175,0.5003634798526764,1,True
34947,0.5002670645713806,1,True
69290,0.5001924777030945,1,True
68473,0.500191195011139,1,True
32610,0.5001882612705231,1,False
85948,0.5001845747232437,1,True
68997,0.5001614844799042,1,True
70826,0.5001573407649994,1,True
24830,0.5000892418622971,1,True
58739,0.5000714242458344,1,True
31582,0.5000696802139282,1,False
87660,0.500029034614563,1,True
25638,0.5000244325399399,1,False
46669,0.5000191628932953,1,False
89506,0.5000145417451858,1,True
30814,0.4999678909778595,1,True
96341,0.49985451221466065,1,True
21075,0.49983204722404484,1,False
86554,0.4997893983125687,1,True
68595,0.49976993024349214,1,True
51630,0.4996684420108795,1,False
1883,0.4995783245563507,1,True
73922,0.4995709717273712,1,True
22900,0.499570415019989,1,False
80996,0.4995022261142731,1,False
28694,0.49948490262031553,1,False
47198,0.49947838306427006,1,True
51528,0.4994589686393738,1,True
90122,0.4994364333152771,1,True
48569,0.49942633271217346,1,True
96264,0.49942185163497926,1,False
51618,0.4993531882762909,1,False
552,0.49929388880729675,1,True
99067,0.499258633852005,1,True
17424,0.4992415750026703,1,True
95833,0.4992188560962677,1,False
52948,0.4992108416557312,1,False
52985,0.49920294642448426,1,False
35921,0.4991924983263016,1,False
59285,0.4991873395442963,1,True
43953,0.4991739022731781,1,False
42972,0.499147721529007,1,False
33653,0.499104266166687,1,False
35867,0.49907901644706726,1,False
87655,0.49902366399765014,1,True
91651,0.49896778643131257,1,False
45896,0.4989347791671753,1,False
54890,0.49889650821685794,1,False
51783,0.49885798573493956,1,False
23910,0.4988549816608429,1,True
48616,0.4988468933105469,1,True
60977,0.4988170611858368,1,False
83357,0.4988162732124328,1,False
1999,0.4987793928384781,1,True
16709,0.4987152111530304,1,False
51646,0.498693345785141,1,True
24736,0.4986797517538071,1,False
37655,0.49861508309841157,1,True
90991,0.49861494541168216,1,False
45775,0.49858032941818237,1,True
53664,0.49856892943382264,1,True
32920,0.49856157004833224,1,False
44669,0.4985580825805664,1,True
44854,0.4985302186012268,1,False
31898,0.4985255169868469,1,False
90493,0.4984976983070374,1,False
13602,0.49845689117908476,1,False
60938,0.49842756032943725,1,False
39868,0.4983619320392609,1,True
31945,0.4982996678352356,1,False
35757,0.49821994185447693,1,False
40973,0.49820762157440185,1,False
72732,0.49820662856101994,1,False
83443,0.4981381940841675,1,True
1949,0.4980504631996155,1,False
55984,0.4979915201663971,1,False
76567,0.4979477173089981,1,False
50959,0.4979222059249878,1,True
23393,0.49792053937911984,1,False
81068,0.49790812611579893,1,True
574,0.4978831207752228,1,True
41615,0.49783462166786197,1,False
31794,0.4977387011051178,1,False
33879,0.4976876622438431,1,True
47221,0.49768423318862914,1,False
42805,0.49767011404037476,1,False
95821,0.4976690709590912,1,False
5970,0.4976163613796234,1,True
33874,0.49761205971240996,1,False
31910,0.49759138941764836,1,True
49905,0.4975796294212341,1,True
7696,0.4975586724281311,1,True
58131,0.497452517747879,1,True
68819,0.4974300700426102,1,True
50969,0.4973001801967621,1,True
48954,0.49728311419487,1,True
38874,0.49724933683872224,1,True
74872,0.49721796810626984,1,True
20942,0.49720561504364014,1,True
92971,0.4972020161151886,1,False
92152,0.4971931517124176,1,True
13898,0.4971870505809784,1,False
71990,0.4971858513355255,1,True
48843,0.4971501886844635,1,False
3864,0.497143337726593,1,False
31774,0.4971336770057678,1,False
40968,0.49709548592567443,1,False
11899,0.49693367958068846,1,True
7016,0.4968675088882446,1,True
77866,0.4968631279468536,1,False
30921,0.4968628025054932,1,True
97208,0.49683426022529603,1,False
95659,0.4967909044027328,1,False
6933,0.49675583839416504,1,False
42952,0.496738373041153,1,False
26708,0.49673729836940766,1,False
33533,0.4966582244634628,1,False
39828,0.4966553241014481,1,True
22768,0.49661877632141116,1,False
28375,0.4966110301017761,1,True
65996,0.496604380607605,1,False
56889,0.49656556606292723,1,True
73615,0.49652104496955873,1,False
81760,0.49643911719322203,1,True
52971,0.4964214050769806,1,False
83860,0.49641221165657046,1,False
99062,0.4964058762788773,1,True
30810,0.49638553500175475,1,True
1114,0.4963836288452148,1,True
13956,0.49632728695869444,1,False
41963,0.49628455340862276,1,True
40560,0.49626724421977997,1,False
954,0.4962606102228165,1,True
33792,0.49623703002929687,1,True
40935,0.4962272381782532,1,True
30282,0.4962097525596619,1,True
40443,0.4962009501457214,1,False
22636,0.4961819934844971,1,False
57403,0.49616279602050783,1,False
22947,0.49615182280540465,1,False
23894,0.4961448895931244,1,False
43999,0.49612442910671234,1,False
11921,0.4961177790164948,1,False
80345,0.49610285222530365,1,True
51525,0.496100497841835,1,True
91833,0.4960641026496887,1,False
40910,0.49594430923461913,1,False
81600,0.495929257273674,1,True
30718,0.49591127038002014,1,False
78550,0.49586781799793245,1,True
3883,0.4958164870738983,1,False
61579,0.4958088409900665,1,True
20608,0.49579430460929874,1,True
79977,0.49575374960899354,1,True
199,0.49575002074241636,1,True
25859,0.49574669301509855,1,False
50973,0.4957223796844482,1,True
20804,0.4957067275047302,1,True
846,0.49566661477088925,1,True
78972,0.4956627225875854,1,True
6022,0.4956329709291458,1,True
77162,0.495628137588501,1,True
74846,0.495626762509346,1,False
80991,0.4956256651878357,1,False
90824,0.49561277151107785,1,True
91984,0.495601624250412,1,True
93762,0.4955837082862854,1,False
71950,0.4954736292362213,1,False
37300,0.4954238307476044,1,True
9737,0.4953902423381805,1,True
71547,0.49537604331970214,1,False
25997,0.4953559100627899,1,True
10863,0.49533648550510406,1,True
72405,0.49525711297988895,1,True
70753,0.49524841070175174,1,True
1033,0.49524534344673155,1,False
50882,0.495187531709671,1,True
81987,0.4951452696323395,1,False
1967,0.4951451003551483,1,False
65761,0.4951354217529297,1,False
18674,0.4951351940631866,1,False
49981,0.4950453472137451,1,True
66196,0.495013644695282,1,True
80974,0.494854679107666,1,False
49776,0.4947857654094696,1,True
44797,0.494774808883667,1,False
90447,0.49475951433181764,1,False
45632,0.49472854256629945,1,False
87689,0.4946850669384003,1,True
18930,0.4945742797851562,1,True
82242,0.49456413865089416,1,False
42491,0.49455933809280395,1,False
4790,0.4945534700155258,1,False
89840,0.49454473733901977,1,True
81803,0.49451078176498414,1,True
64932,0.4945067632198334,1,True
45731,0.4945062261819839,1,False
57522,0.4944175899028778,1,True
85271,0.4943509292602539,1,True
76048,0.4943477129936218,1,True
80843,0.4943257427215576,1,True
72956,0.49427273511886594,1,False
19523,0.49424441933631896,1,True
36863,0.49424066066741945,1,True
21975,0.494221076965332,1,True
57785,0.4941875660419464,1,True
59037,0.49404403030872346,1,True
23761,0.49400225579738616,1,False
76656,0.4939981609582901,1,True
60105,0.4938875341415405,1,True
17541,0.49383666515350344,1,False
96941,0.49382593512535095,1,False
86924,0.49377794086933136,1,False
23404,0.49376059949398043,1,False
82078,0.4937342882156372,1,False
3880,0.4937205195426941,1,True
32970,0.4937177431583405,1,True
44149,0.49369781732559204,1,True
20970,0.4936687958240509,1,False
29467,0.49362968087196346,1,True
71939,0.49361410379409787,1,False
58388,0.4935969454050064,1,True
11617,0.49358498454093935,1,True
31987,0.49358381271362306,1,False
95789,0.49353022813797,1,False
57728,0.49352643489837644,1,True
48702,0.49352120101451874,1,False
41707,0.49349581718444824,1,False
20999,0.4934866201877594,1,False
30001,0.49346488118171694,1,True
10966,0.4934572041034698,1,True
40912,0.49342013001441953,1,True
31977,0.4933852756023407,1,True
1963,0.4932824170589447,1,False
20909,0.4932779002189636,1,False
90366,0.4931524360179901,1,True
90614,0.49310122668743134,1,False
21247,0.49308456778526305,1,True
47797,0.49306838154792787,1,True
50805,0.49306647419929506,1,False
81963,0.49298584103584286,1,False
54861,0.4929809784889221,1,False
80965,0.492976970076561,1,False
46222,0.4929596769809723,1,True
51980,0.49293138027191163,1,False
92564,0.4929172521829605,1,False
41821,0.4929161858558655,1,True
83350,0.49291471362113953,1,True
44678,0.492855481505394,1,False
96068,0.4928150939941406,1,True
72894,0.49278254866600035,1,False
73977,0.4927735370397568,1,False
73799,0.49275834918022154,1,False
32271,0.4927495658397675,1,True
51675,0.49274851322174074,1,False
77384,0.4927353835105896,1,True
46887,0.4926893025636673,1,True
64958,0.49267247557640076,1,True
77679,0.49259600281715393,1,False
39201,0.4925434285402298,1,True
47881,0.4925147473812103,1,False
39821,0.49247970938682556,1,True
30316,0.4924660897254944,1,True
53735,0.4924406808614731,1,False
76011,0.4924241274595261,1,True
55881,0.4924203360080719,1,False
71617,0.49242019534111026,1,True
18197,0.492402885556221,1,True
11928,0.49236501336097716,1,True
2628,0.4923498284816742,1,False
1776,0.4923280054330826,1,True
22859,0.49230336844921113,1,False
73950,0.49227209508419034,1,True
45824,0.49227101445198057,1,True
78984,0.49219570636749266,1,False
53121,0.49210427880287166,1,False
3954,0.4921009635925293,1,True
26738,0.4920916491746902,1,False
81405,0.4920865422487259,1,True
31286,0.4920515263080597,1,True
49996,0.49201953649520874,1,False
51954,0.49201568484306335,1,True
21474,0.49201048135757447,1,False
1968,0.4919585716724396,1,True
47892,0.4919558435678482,1,True
16148,0.4919483351707459,1,True
6894,0.491927478313446,1,True
9967,0.4919089239835739,1,True
20335,0.49181969463825226,1,False
21647,0.4917263209819794,1,True
31946,0.49171967804431915,1,True
44874,0.4917188560962677,1,False
42758,0.49169859290122986,1,False
94652,0.49168977558612825,1,True
78342,0.49160864531993864,1,True
53919,0.4915924251079559,1,False
14619,0.49155567049980164,1,False
61682,0.4915520715713501,1,False
93615,0.4914745676517487,1,False
60997,0.4914547425508499,1,False
1941,0.4913132095336914,1,True
69720,0.49127095460891723,1,True
28347,0.4912432670593262,1,True
36260,0.49120674312114715,1,True
68976,0.4911767965555191,1,False
87998,0.4911738169193268,1,False
10844,0.49115555465221405,1,False
10934,0.491133468747139,1,False
60670,0.491131774187088,1,True
73614,0.4910780727863312,1,False
31487,0.49106809139251706,1,True
71960,0.49106357753276825,1,False
30808,0.49101743042469026,1,True
81793,0.49092912912368775,1,False
63521,0.4909147047996521,1,False
46856,0.49090077459812165,1,False
22815,0.4908408188819885,1,False
38423,0.4908333200216293,1,True
24964,0.4908068895339966,1,False
90399,0.49078166007995605,1,True
61891,0.4907627391815186,1,True
62141,0.49072943568229677,1,False
45871,0.4907066398859024,1,False
50210,0.4907044446468353,1,True
71867,0.4906672441959381,1,False
20984,0.49064304649829865,1,True
91876,0.4906305801868439,1,False
75805,0.49061173617839815,1,False
99955,0.49061139523983,1,True
27654,0.49060451447963715,1,False
10988,0.49059530794620515,1,True
89598,0.4905669867992401,1,True
21796,0.49054406404495243,1,False
34642,0.49054090023040775,1,False
11054,0.49051424026489254,1,True
22448,0.49044924676418306,1,False
15933,0.4904377156496048,1,False
73012,0.4904369366168976,1,False
71966,0.49034818291664123,1,False
31762,0.49031881332397464,1,False
27148,0.4903135550022125,1,True
62854,0.49030307948589325,1,True
21774,0.4902984082698822,1,True
16967,0.4902473449707031,1,True
33937,0.49017401814460754,1,True
2968,0.49017079651355744,1,True
82502,0.4901706129312515,1,False
29976,0.4900729537010193,1,True
62984,0.48998821139335635,1,False
62903,0.48997556686401367,1,False
31877,0.48997357726097107,1,True
74867,0.48995020389556887,1,False
14874,0.48990389466285705,1,False
18774,0.48988296806812287,1,False
11726,0.48982569336891174,1,False
65832,0.4898061990737915,1,True
79615,0.48976410150527955,1,True
85997,0.4897564643621445,1,False
12894,0.4896436965465546,1,False
74844,0.48962856590747833,1,False
72995,0.4896047949790955,1,True
55934,0.48957071542739866,1,True
24993,0.48956415832042693,1,True
37550,0.4895449322462082,1,False
53946,0.4895313137769699,1,True
46602,0.48950505554676055,1,False
43512,0.489497811794281,1,False
25827,0.4894697749614716,1,False
50967,0.4894384276866913,1,True
69992,0.4894176000356674,1,False
84902,0.4894128930568695,1,False
61961,0.4894049096107483,1,True
53939,0.4893129187822342,1,True
49939,0.4892724633216858,1,False
21892,0.48925881028175355,1,False
15916,0.4891924983263016,1,False
1411,0.48911184072494507,1,True
45732,0.48908164381980895,1,False
51962,0.4890470266342163,1,False
74881,0.4889627188444138,1,True
24915,0.4889600944519043,1,False
51748,0.48893723607063294,1,True
65997,0.4889287078380585,1,False
7343,0.4889071214199066,1,False
13445,0.48889271438121795,1,True
53937,0.48886167764663696,1,False
83960,0.4888398706912994,1,False
41012,0.48883673787117005,1,True
94967,0.488815530538559,1,False
72026,0.48879338622093205,1,True
24883,0.48875129222869873,1,False
11992,0.48874432444572447,1,True
21878,0.488690567612648,1,False
72960,0.48865085721015933,1,False
22141,0.48863172650337217,1,True
27133,0.4886298131942749,1,False
9881,0.48861370980739594,1,True
5920,0.4885891407728195,1,True
52377,0.488579124212265,1,False
75826,0.4885690015554428,1,False
90355,0.48852844834327697,1,True
51255,0.48847491979599,1,True
77166,0.4884631514549255,1,False
93768,0.48845676898956303,1,False
8860,0.4883171725273132,1,False
15948,0.48830745041370394,1,True
85844,0.48829145312309263,1,True
60521,0.4882837891578674,1,True
11840,0.4882518339157105,1,True
40997,0.48824430525302887,1,False
92610,0.4882436603307724,1,True
72798,0.4882186210155487,1,False
37684,0.48821768403053284,1,False
21626,0.48817392587661745,1,False
21958,0.4881504279375076,1,False
958,0.48814106166362764,1,False
68489,0.48811621010303496,1,True
44946,0.4880559819936752,1,False
41887,0.4880223846435547,1,False
55872,0.4879809784889221,1,False
51984,0.4879635101556778,1,True
15980,0.4879532951116562,1,False
69589,0.48794147491455075,1,False
96998,0.4878175711631775,1,False
43891,0.4877523308992386,1,False
65980,0.4877171736955643,1,False
10961,0.48767914056777956,1,True
50889,0.4876699024438858,1,True
14848,0.4876690709590912,1,False
617,0.48766539096832273,1,True
87739,0.48765463292598726,1,False
86314,0.48763857603073124,1,True
32980,0.487623108625412,1,False
4818,0.4876183032989502,1,False
3517,0.4876170498132706,1,False
30840,0.4876084250211716,1,True
26697,0.48760360896587374,1,False
98985,0.4876032668352127,1,True
64452,0.4875900661945343,1,False
37269,0.48755805909633637,1,True
58838,0.48753654956817627,1,True
45992,0.4874981534481049,1,False
7670,0.48731982946395874,1,False
29966,0.48730324268341063,1,True
38929,0.48730237603187565,1,False
93878,0.4872995233535766,1,False
76721,0.4872504734992981,1,True
95759,0.48723837196826936,1,False
94884,0.48722268640995026,1,False
22778,0.4871842324733734,1,False
93924,0.48717156887054447,1,True
94802,0.48714206933975224,1,False
14873,0.48713054418563845,1,True
49803,0.487084704041481,1,False
64872,0.4870228624343872,1,False
50628,0.4870210665464401,1,False
69633,0.486993967294693,1,True
95989,0.48698905467987064,1,True
87726,0.4869845575094223,1,True
91930,0.4869225931167602,1,False
472,0.48690651297569276,1,False
43693,0.4868929588794708,1,False
32937,0.4868753063678741,1,False
12930,0.4868721717596054,1,True
5952,0.48686878502368924,1,True
70946,0.48685176730155943,1,True
19884,0.4867898559570313,1,False
3640,0.4867441213130951,1,False
50906,0.48670132756233214,1,True
11268,0.48669589519500733,1,True
40966,0.4866769695281983,1,True
99825,0.4866700887680054,1,True
99964,0.48666400790214537,1,False
10239,0.4866511297225952,1,True
78882,0.48661263823509215,1,False
60752,0.4866065847873688,1,True
61183,0.4865818178653717,1,True
13496,0.4865503418445587,1,False
2974,0.48654223084449766,1,False
84843,0.4864994370937347,1,True
35911,0.4864945983886719,1,False
46608,0.4864917755126953,1,True
95636,0.486485458612442,1,False
50994,0.4864531189203262,1,False
22953,0.4864270496368408,1,True
911,0.48642662703990935,1,False
10972,0.4864220941066742,1,False
81830,0.48639104425907137,1,False
90208,0.4863765752315521,1,True
84950,0.48634479820728305,1,False
1737,0.48629803538322447,1,False
21607,0.48627850532531736,1,True
43468,0.48627612471580506,1,False
61989,0.4862429255247116,1,False
11702,0.4861918449401855,1,True
76937,0.48618452966213227,1,True
68984,0.48616469860076905,1,True
9982,0.4861594200134277,1,False
52692,0.48613063275814056,1,True
83518,0.48611188888549806,1,True
96277,0.48609711647033693,1,False
40792,0.4860841143131256,1,True
95701,0.4860714358091354,1,False
99934,0.48606184601783753,1,False
41970,0.48598914504051205,1,False
47530,0.4859744942188263,1,True
95514,0.4859684860706329,1,True
50708,0.48595120906829836,1,False
80664,0.48593929946422576,1,False
79537,0.4858569312095642,1,True
73870,0.4858487606048584,1,True
70985,0.48583564400672913,1,True
933,0.4856594789028168,1,True
54660,0.48565820455551145,1,False
54776,0.48553190886974334,1,False
89983,0.48552254438400266,1,False
96238,0.4855009627342224,1,False
68756,0.4854898071289062,1,True
43290,0.4854767572879791,1,False
22892,0.4854642784595489,1,False
29110,0.4854493570327759,1,True
11683,0.48541972994804383,1,False
36277,0.48537279844284054,1,True
30408,0.4853566640615463,1,True
68232,0.48532950520515444,1,True
52277,0.4853282654285431,1,False
97680,0.48532784402370455,1,False
30971,0.4853266805410385,1,False
74725,0.4852722990512848,1,False
8979,0.4852681773900986,1,True
40636,0.4852505099773407,1,False
41443,0.4851862680912018,1,True
46535,0.4851583349704742,1,False
8991,0.4851506358385086,1,True
64710,0.485126051902771,1,False
40978,0.485116730928421,1,False
13487,0.4850735569000244,1,False
7732,0.4850646090507507,1,True
65947,0.48499310433864595,1,True
63437,0.48498029351234434,1,False
38967,0.48489453792572024,1,True
98996,0.48488151013851166,1,True
85973,0.48487604439258575,1,False
2834,0.48484808921813966,1,False
44872,0.4848441743850708,1,True
82917,0.4848398971557617,1,False
58990,0.4848110020160675,1,True
33887,0.4847817397117615,1,False
54892,0.4847734707593918,1,False
68632,0.4847438883781433,1,False
25956,0.48466956794261934,1,True
53777,0.4846445947885513,1,False
82654,0.48464164972305296,1,False
59457,0.4846265721321106,1,True
40089,0.48461940526962277,1,True
61297,0.48459978342056276,1,True
25848,0.4845922267436981,1,False
64959,0.4845438379049301,1,False
31589,0.4845370674133301,1,False
49951,0.484515038728714,1,False
32950,0.48450742006301883,1,False
73989,0.48449132323265076,1,False
95770,0.4844599252939224,1,True
21873,0.48441604495048524,1,True
40449,0.4844110810756683,1,False
80883,0.4844020998477936,1,False
24635,0.4843731105327606,1,False
972,0.48435364723205565,1,False
71951,0.4843455195426941,1,False
20234,0.4843280100822449,1,True
46124,0.48431021332740787,1,True
17688,0.48428551197052,1,True
14913,0.48426017224788664,1,False
95992,0.48425811171531674,1,True
93862,0.4842533230781555,1,False
22973,0.4842286825180054,1,True
73933,0.48421385407447814,1,False
94545,0.48420377671718595,1,False
47735,0.48416495084762573,1,False
8872,0.484116085767746,1,False
50943,0.4839912760257721,1,False
66640,0.48396740555763246,1,False
61973,0.48396484375000004,1,True
46624,0.4838888281583786,1,False
40738,0.4838351780176163,1,True
40830,0.483827583193779,1,True
92979,0.4838014495372772,1,False
89336,0.4837972265481949,1,True
31984,0.483764808177948,1,False
80976,0.4837393891811371,1,True
998,0.48363514244556427,1,True
7798,0.48361751914024353,1,False
632,0.4836040782928467,1,True
49934,0.4834884411096573,1,True
51562,0.48348305821418763,1,True
27505,0.4834426355361938,1,False
49802,0.48343971014022824,1,False
68975,0.4834232658147812,1,False
9920,0.48342301964759826,1,False
29401,0.4834100306034088,1,True
73696,0.4833697032928467,1,True
35855,0.4833696508407593,1,False
84869,0.48333288848400113,1,False
21676,0.4833269560337067,1,True
50961,0.4833153289556503,1,False
87298,0.48330352663993836,1,False
85914,0.4832460457086563,1,False
97735,0.48320769488811494,1,True
4991,0.48309455990791317,1,True
63661,0.4830656599998474,1,False
50012,0.48305893182754517,1,True
40649,0.48304937064647674,1,False
72011,0.4830401414632797,1,True
21846,0.4830088394880295,1,False
2850,0.48300188660621646,1,True
4981,0.4829532951116562,1,False
57611,0.48295241832733155,1,False
19991,0.48294390976428986,1,True
79965,0.4829393631219864,1,True
4959,0.48289209365844726,1,False
75824,0.4828826344013214,1,False
44795,0.4828814673423767,1,False
98906,0.4828405171632767,1,True
45793,0.48283532381057737,1,False
60417,0.4827751636505127,1,True
46141,0.4827365505695343,1,True
27709,0.48272777676582335,1,False
32966,0.48272595822811126,1,True
70920,0.4826923441886902,1,True
7204,0.48264497160911557,1,True
58104,0.4825964033603668,1,True
26268,0.4825314319133759,1,True
94621,0.48253094792366025,1,False
71666,0.48244922041893,1,False
73638,0.4824470561742783,1,False
26648,0.48239011347293853,1,False
42201,0.4823415458202362,1,False
25767,0.4823343813419342,1,True
25948,0.4822775405645371,1,False
33958,0.48227109968662263,1,False
55696,0.4822689765691757,1,False
81453,0.4821775484085083,1,False
84413,0.48215247571468356,1,True
3291,0.48210912227630615,1,True
95973,0.48210010409355164,1,False
81862,0.48209261655807495,1,True
90700,0.48206624269485476,1,False
1550,0.48206329107284546,1,False
9943,0.48201687276363375,1,True
4692,0.4820157688856125,1,False
43967,0.4820152771472931,1,True
92953,0.4819796234369278,1,False
7311,0.4819530463218689,1,True
47678,0.48194083631038664,1,False
69846,0.48193905234336853,1,False
72969,0.4819046115875244,1,True
50900,0.48188238024711605,1,False
20544,0.48170788168907164,1,False
23736,0.4816958713531494,1,False
37951,0.48163348972797393,1,False
44973,0.48160793542861935,1,True
81711,0.4815869224071503,1,True
28709,0.4815692979097366,1,True
4618,0.48155567049980164,1,False
20964,0.4815516400337219,1,True
26919,0.4814981555938721,1,False
37546,0.48143356204032894,1,True
25716,0.4813965082168579,1,False
80309,0.481362270116806,1,True
81955,0.48134886264801025,1,False
6586,0.4813072395324707,1,True
33852,0.4812423741817474,1,False
34976,0.4812250256538391,1,True
40697,0.4812090086936951,1,True
70842,0.48115560770034793,1,False
53908,0.4811554789543152,1,False
51966,0.48115199923515317,1,False
26549,0.4811514508724213,1,True
11862,0.4811512041091919,1,False
44944,0.4811496311426163,1,False
1263,0.48114458680152894,1,True
91976,0.48112253665924076,1,False
23962,0.48108399510383604,1,True
23944,0.48105400919914243,1,False
67466,0.4810175359249115,1,False
78835,0.48099768698215484,1,True
64876,0.480974058508873,1,False
65693,0.4809684729576111,1,False
90938,0.4809219896793365,1,True
35713,0.4808853948116303,1,False
1855,0.4808834797143936,1,False
23802,0.4808287930488586,1,False
32665,0.48078957080841067,1,False
70972,0.4807369142770767,1,False
70021,0.48069665431976316,1,False
5908,0.48066418766975405,1,False
31998,0.4806447815895081,1,True
60800,0.4806397658586502,1,True
10355,0.4806388354301453,1,True
22697,0.4806111699342728,1,False
57256,0.48059627890586853,1,True
28997,0.48056542992591855,1,True
84900,0.4805559819936752,1,False
93922,0.4805189037322998,1,False
28505,0.4805141097307205,1,True
46663,0.480456166267395,1,True
95970,0.4804532951116562,1,False
3549,0.48037502288818357,1,False
86823,0.4803682696819306,1,False
10683,0.48033186674118045,1,True
73921,0.48031843423843384,1,False
21395,0.4803135323524475,1,True
62904,0.4802919179201126,1,False
24965,0.4802719062566757,1,False
78330,0.48021833062171937,1,True
356,0.48020697355270386,1,True
6955,0.48020414352416996,1,False
1639,0.48018280148506165,1,True
97752,0.4801756709814072,1,True
63961,0.4801723092794418,1,True
736,0.4800846445560455,1,True
43925,0.48005437791347505,1,True
75958,0.47999310433864595,1,True
8613,0.47998777627944944,1,True
9992,0.4799254363775253,1,True
78937,0.4799203318357468,1,False
48072,0.4798442482948303,1,True
50982,0.479821959733963,1,False
21529,0.4798175752162933,1,True
41384,0.4797470879554748,1,True
56008,0.4797413694858551,1,True
69698,0.47972408771514896,1,False
78992,0.4796913504600525,1,True
38906,0.4796262723207474,1,True
86225,0.47962562680244447,1,True
25805,0.47962408542633056,1,False
51932,0.47959953248500825,1,False
27860,0.47951154768466947,1,False
80817,0.4795105123519897,1,True
59848,0.4794977885484696,1,False
96658,0.4794398260116577,1,False
80973,0.4794395911693573,1,True
34425,0.4794351977109909,1,False
57966,0.47941911399364473,1,False
54978,0.4794183599948883,1,False
3581,0.4794034153223038,1,False
1698,0.4793875229358673,1,True
44621,0.4793455958366394,1,False
89958,0.4793329352140427,1,True
58984,0.4792684704065323,1,False
82790,0.4792019069194794,1,False
20877,0.47919772982597353,1,True
41885,0.4791726779937744,1,True
93970,0.47917168021202083,1,False
11926,0.4791525852680206,1,False
43966,0.47914130687713624,1,False
24949,0.479086349606514,1,False
88774,0.47902376592159274,1,True
61835,0.4790141141414642,1,True
79754,0.47896103441715243,1,True
78928,0.4788372594118118,1,True
31738,0.4788306820392608,1,True
5784,0.4787677454948425,1,False
47219,0.4787609428167343,1,True
90855,0.47875377655029294,1,True
84937,0.47872133374214176,1,False
92805,0.4787176728248596,1,True
94895,0.47863593101501467,1,False
61873,0.47856143712997434,1,True
67653,0.47853691279888155,1,True
33989,0.47850811064243315,1,False
69851,0.478497679233551,1,False
94854,0.4784741848707199,1,False
84942,0.4784722352027893,1,False
17808,0.4784658861160278,1,False
10750,0.4784363150596619,1,True
1689,0.4784053528308868,1,True
53382,0.47839062094688417,1,False
12689,0.4783840918540955,1,False
8987,0.47836314797401425,1,False
50523,0.4782712805271149,1,True
31978,0.4782475656270981,1,False
30661,0.4782059299945831,1,False
70513,0.4781893825531006,1,True
60853,0.47811288237571714,1,True
41872,0.4780889427661896,1,False
32856,0.47808843553066255,1,True
50196,0.4780713582038879,1,True
8988,0.47805443286895755,1,True
89985,0.4780233508348465,1,True
55918,0.4780169028043747,1,False
81889,0.47799309968948367,1,False
36378,0.4779921615123749,1,False
43454,0.47799136996269226,1,False
50970,0.4779768943786621,1,True
2773,0.47795045733451846,1,False
70932,0.47794904828071594,1,False
74925,0.4779410004615784,1,True
10981,0.47793763399124145,1,False
14971,0.47789209365844726,1,False
37647,0.47787412226200104,1,True
67841,0.4778542309999466,1,False
28778,0.47781016111373903,1,True
51661,0.47780358433723447,1,True
48434,0.47778457283973697,1,False
13762,0.4777668285369873,1,False
85908,0.4777463924884796,1,False
84834,0.4776992118358612,1,False
90075,0.47758889079093936,1,True
42784,0.4775674766302109,1,False
45823,0.4775525140762329,1,True
54989,0.47754626512527465,1,False
73810,0.47754590690135956,1,True
1218,0.4775431668758392,1,True
72539,0.47754005908966063,1,False
22916,0.4775222498178482,1,True
71759,0.4774979043006897,1,True
40314,0.47748757719993595,1,True
13972,0.4774820196628571,1,False
40984,0.47747911512851715,1,True
76864,0.477454606294632,1,False
23908,0.47743362724781035,1,True
85913,0.4773972874879837,1,False
44676,0.4773965847492218,1,True
91387,0.4773819506168365,1,False
84981,0.47737604439258574,1,False
56304,0.4773740315437317,1,False
10914,0.4773578906059265,1,False
95801,0.47735259056091306,1,True
69684,0.4773511439561844,1,False
31791,0.47728289127349854,1,True
38990,0.4772345340251923,1,True
52986,0.4771833658218384,1,False
85927,0.4771642017364502,1,True
65941,0.47713109135627746,1,False
6707,0.47712888777256013,1,False
43892,0.4771250945329666,1,False
22835,0.4770795112848282,1,False
70959,0.4770722854137421,1,True
22489,0.47706476211547855,1,False
41958,0.4770466113090515,1,True
23503,0.4770455646514893,1,False
14968,0.4770438379049301,1,False
91484,0.47697735190391544,1,False
73945,0.4769639360904694,1,False
8936,0.47694566011428835,1,True
46930,0.4769005364179611,1,False
52221,0.4768763107061386,1,False
74987,0.47681720852851867,1,False
71844,0.47679913938045504,1,True
99987,0.4767696815729141,1,True
65973,0.4767662537097931,1,False
50387,0.47676154255867004,1,True
98955,0.4767415940761566,1,False
12590,0.4767269659042358,1,False
65919,0.47669249832630156,1,False
23978,0.47666201353073123,1,False
2897,0.4766047888994217,1,False
12950,0.4765961730480194,1,False
24961,0.476586719751358,1,False
77804,0.4765713268518448,1,True
21316,0.4765579926967621,1,True
22984,0.4765146702528,1,False
95809,0.4765109175443649,1,True
78840,0.47645927250385284,1,False
46503,0.4764137309789658,1,False
53977,0.4764118129014969,1,False
26201,0.4763528311252594,1,True
60944,0.4763327395915985,1,False
2947,0.4762727212905884,1,False
30642,0.47627045631408693,1,True
61960,0.4762567061185837,1,False
8923,0.4762542653083801,1,True
11965,0.4762429994344711,1,True
66378,0.4762249457836151,1,False
1708,0.47618931174278256,1,True
71761,0.4761388623714447,1,False
94954,0.4760684674978256,1,False
15909,0.4760670626163483,1,True
31879,0.4760478419065476,1,False
12625,0.4760156404972076,1,False
30915,0.47601182103157047,1,False
60956,0.4759961324930191,1,True
22298,0.47598915815353393,1,True
22724,0.4759784650802612,1,False
8687,0.47597754597663877,1,True
1358,0.47596232652664183,1,True
93968,0.47594159305095673,1,True
70237,0.47587281107902524,1,True
22734,0.4758699458837509,1,False
44831,0.4758578550815582,1,False
42977,0.4758317947387695,1,False
89154,0.47581185698509215,1,True
77349,0.4757794654369354,1,True
83892,0.47576757073402404,1,True
55627,0.47574481785297396,1,True
35919,0.4756859815120697,1,False
84944,0.4756140786409378,1,False
44982,0.4756117069721222,1,False
73820,0.47561030089855194,1,False
853,0.47559241712093353,1,False
82469,0.47557764649391177,1,False
35971,0.47555294156074523,1,False
24818,0.4755330443382263,1,True
86462,0.4755259132385254,1,True
18963,0.47552168667316436,1,False
4706,0.4755054432153702,1,False
44886,0.4754554212093353,1,False
77944,0.47545259714126586,1,False
44995,0.4754073214530945,1,False
41987,0.4754021823406219,1,False
95984,0.4753939241170883,1,False
91962,0.47538044035434723,1,False
76818,0.4753117710351944,1,False
25816,0.475251806974411,1,True
94570,0.47518847942352294,1,True
97659,0.47518310010433196,1,False
51897,0.47508609354496,1,True
22738,0.47506269812583923,1,True
11964,0.4750590932369232,1,True
64980,0.4750203466415405,1,False
72736,0.4749650776386261,1,False
83787,0.47488276243209837,1,False
20063,0.47487647175788883,1,True
37892,0.4748623430728912,1,False
91949,0.47477377712726593,1,False
48889,0.4747391641139984,1,False
29600,0.4747364342212677,1,True
28966,0.4747308683395386,1,True
30043,0.4746878123283386,1,True
55896,0.4746393275260925,1,True
60906,0.47460814237594606,1,False
50996,0.47458658158779143,1,False
64947,0.4745060646533966,1,True
30964,0.47446892261505125,1,False
14836,0.4744596248865128,1,True
23856,0.47445144295692443,1,False
62739,0.474443097114563,1,False
70999,0.4744368106126785,1,True
31455,0.4743423104286194,1,True
73749,0.4743353539705277,1,True
95971,0.4742662537097931,1,False
80752,0.47423260092735287,1,False
53979,0.47421222031116483,1,False
93632,0.47419680416584015,1,False
14691,0.47418414235115053,1,False
25715,0.4741409945487976,1,False
27306,0.4741355794668198,1,True
51604,0.4741008985042572,1,True
38783,0.47408934235572814,1,False
93967,0.47406385719776156,1,False
22714,0.4740119487047195,1,False
70319,0.47391661405563357,1,True
45895,0.47391293287277225,1,False
10910,0.4738968986272812,1,True
30785,0.47388115286827087,1,False
57720,0.473786398768425,1,False
83861,0.4737689471244812,1,False
93828,0.4737663471698761,1,True
71647,0.47376012682914737,1,False
133,0.47373746037483216,1,True
76999,0.47372017562389374,1,True
15607,0.47369387328624724,1,False
19692,0.4736895924806595,1,True
61773,0.47362554192543027,1,False
24926,0.47361743927001954,1,False
22362,0.473611912727356,1,False
12958,0.4736097717285156,1,False
67072,0.47355338037014005,1,True
45984,0.47354804873466494,1,True
36859,0.47341050922870637,1,False
60559,0.4734036719799042,1,False
97262,0.4733774435520172,1,False
53891,0.47336749911308285,1,False
64722,0.47333878636360166,1,True
63928,0.4733300441503525,1,False
12093,0.4732630580663681,1,False
90982,0.4732543516159058,1,False
45887,0.47325335919857026,1,True
45755,0.47322036683559415,1,True
73972,0.47315890550613404,1,True
30997,0.47313820362091064,1,False
90209,0.4731177699565887,1,True
52870,0.47310569703578953,1,False
55952,0.47306762874126435,1,False
857,0.47304641604423525,1,True
67943,0.47303364515304563,1,False
96973,0.4730031830072403,1,True
60576,0.47300145983695985,1,False
25987,0.472984516620636,1,True
84811,0.4729357790946961,1,False
99507,0.4729167008399964,1,True
20527,0.4729129803180695,1,True
90984,0.4729022914171219,1,False
75986,0.47288298010826113,1,True
70533,0.4727588212490082,1,True
96886,0.4727073472738266,1,True
76780,0.4726887375116348,1,False
31875,0.4726547300815582,1,True
65929,0.4726183032989502,1,False
34898,0.4725899630784989,1,True
10181,0.4724644148349762,1,True
24904,0.47245127737522125,1,False
25977,0.47240701377391814,1,False
69984,0.47240190744400024,1,False
14914,0.4723973971605301,1,False
60450,0.47239240527153015,1,False
65968,0.4723826003074646,1,False
78793,0.47230647802352904,1,False
21759,0.472295583486557,1,True
61967,0.4722861862182617,1,False
30256,0.4722412490844726,1,True
8781,0.47221921741962436,1,False
63909,0.47218668282032017,1,False
15994,0.47217743039131166,1,True
31755,0.4721139490604401,1,False
67800,0.4720863628387451,1,False
69993,0.4720770978927612,1,True
42664,0.472062606215477,1,False
26890,0.4720556640625,1,False
94990,0.47203605830669404,1,False
11972,0.47199676871299745,1,True
29676,0.47198889434337615,1,True
5903,0.47197505176067356,1,True
43873,0.4719221967458725,1,False
49358,0.4718625891208649,1,True
84932,0.47186178326606754,1,False
27090,0.47185027062892915,1,True
20630,0.47181132197380066,1,False
50891,0.4717996972799301,1,False
91675,0.47176589131355284,1,True
56328,0.47172761619091036,1,False
80437,0.47170644521713256,1,True
45955,0.4717035174369812,1,False
45888,0.4716708242893219,1,False
73740,0.4716595286130905,1,False
99615,0.4716550695896149,1,True
50819,0.47161305546760557,1,True
75769,0.471578831076622,1,False
48857,0.47156750440597534,1,False
60958,0.47153278470039367,1,True
61527,0.47152520656585695,1,False
65892,0.471497939825058,1,False
50822,0.4714655405282974,1,True
8530,0.4714124947786331,1,False
55803,0.47139458775520326,1,True
87764,0.4713741207122803,1,True
57600,0.4713583171367645,1,False
54999,0.4713582015037537,1,False
57642,0.47135289192199703,1,True
5988,0.47134862780570985,1,True
10739,0.4713475120067596,1,True
40706,0.4712210965156555,1,False
41979,0.4712132269144058,1,True
84891,0.47118898332118986,1,False
15651,0.47114004373550417,1,True
44720,0.4711105191707611,1,False
31752,0.47110044419765473,1,True
69937,0.47106868028640747,1,True
5973,0.47103730857372283,1,False
50756,0.47103589653968814,1,True
71622,0.47101957142353057,1,True
84991,0.471001580953598,1,False
32965,0.47083160638809207,1,True
99984,0.47082399249076845,1,False
30957,0.47079720318317414,1,False
18824,0.47076802253723143,1,True
32178,0.47069914937019347,1,False
63905,0.47066826701164244,1,False
64692,0.47066580176353456,1,False
32363,0.4706490659713745,1,False
55986,0.47064888060092924,1,True
35870,0.47063304305076603,1,False
20430,0.47062907338142396,1,True
68859,0.4706082558631897,1,True
70841,0.47057823777198793,1,False
24816,0.4705224609375,1,False
85972,0.4705176305770874,1,False
68314,0.47051204830408094,1,True
55975,0.4704532951116562,1,False
55967,0.4704532951116562,1,False
43865,0.4704225623607635,1,False
19990,0.47037937939167024,1,True
27591,0.4703686368465424,1,True
2922,0.4702892589569092,1,False
32544,0.47028751313686373,1,False
70061,0.4702566456794739,1,True
14814,0.47018847465515134,1,False
52982,0.470163699388504,1,True
31350,0.47015668749809264,1,False
21750,0.47014906227588654,1,True
3511,0.4701396363973618,1,False
60918,0.4701358860731125,1,False
26903,0.47008698880672456,1,False
4994,0.47005205631256103,1,False
76583,0.4700471532344818,1,False
93741,0.47000111401081085,1,False
3708,0.46998592615127566,1,False
65965,0.46995127737522124,1,False
41675,0.4699231457710266,1,True
10636,0.46991926670074463,1,False
89952,0.4698876440525055,1,True
80137,0.46981437742710114,1,True
82942,0.4697931307554245,1,False
95922,0.46975236892700195,1,False
30147,0.4697341501712799,1,True
54613,0.4696925365924835,1,True
99992,0.46967083394527437,1,True
10885,0.46963350832462314,1,False
31917,0.46962885081768035,1,True
37531,0.4695768022537231,1,False
18827,0.469522961974144,1,True
37625,0.4694950664043427,1,False
24706,0.4693969368934631,1,False
91945,0.4693829274177551,1,False
81888,0.4693770503997803,1,False
75943,0.46936183750629423,1,True
83931,0.46935445368289946,1,False
97634,0.4693472146987915,1,False
53994,0.46929023385047913,1,True
61953,0.46928910970687865,1,False
98875,0.46928190410137177,1,True
70967,0.4692563146352768,1,False
90278,0.46925308704376223,1,True
43945,0.46924508213996885,1,False
92788,0.4692000436782837,1,False
61504,0.4691957116127014,1,False
99727,0.46911315858364105,1,False
29988,0.46908210933208466,1,False
51803,0.46908073782920834,1,True
12942,0.4690679001808167,1,False
24905,0.46905278563499453,1,False
60617,0.46904756784439083,1,True
45990,0.46904685974121096,1,True
41941,0.46902087152004246,1,False
56044,0.46901044368743894,1,True
1548,0.4689514660835266,1,True
79289,0.4689190149307251,1,True
83926,0.4689036893844605,1,False
63967,0.4688988518714905,1,False
88153,0.46885986506938937,1,True
60744,0.46879319965839383,1,False
41952,0.4687798345088959,1,True
16959,0.4687766396999359,1,False
55946,0.4686999225616455,1,False
64973,0.4686952632665634,1,False
75849,0.4686789345741272,1,False
95936,0.46866889894008634,1,False
91509,0.4686560583114624,1,False
53477,0.46860812306404115,1,False
61629,0.4685842955112457,1,True
37792,0.4685763496160507,1,False
89957,0.4685747760534287,1,True
45754,0.468571714758873,1,False
58157,0.4685626059770584,1,True
89687,0.46854048550128935,1,True
21917,0.46852800250053406,1,False
8981,0.46852490365505217,1,True
99618,0.468497679233551,1,False
94912,0.4684920382499695,1,True
85895,0.468474058508873,1,False
55959,0.4684572958946228,1,True
8764,0.46844807028770447,1,True
12191,0.4683504813909531,1,True
64985,0.4683345568180084,1,True
84957,0.4682991522550583,1,False
49987,0.4682895791530609,1,True
75939,0.4682709175348282,1,False
31869,0.4682388263940811,1,False
2882,0.4681239777803421,1,True
76609,0.468123762011528,1,False
41419,0.4681232273578644,1,False
92595,0.46808898508548735,1,False
45958,0.46807038843631743,1,False
30600,0.4680634677410126,1,True
70835,0.46806098937988283,1,True
74956,0.46805294156074523,1,False
13918,0.46799095928668977,1,False
50774,0.46798285603523254,1,False
95975,0.4679532951116562,1,False
63527,0.4679359924793243,1,False
60969,0.4679323786497116,1,False
84943,0.4678920936584473,1,False
6811,0.46788285315036776,1,True
53737,0.46786583304405216,1,False
90842,0.46781573712825775,1,True
93950,0.4678036618232727,1,False
15825,0.4677668595314026,1,False
85900,0.46769416213035586,1,False
4917,0.4676907753944397,1,False
46155,0.4676901173591614,1,True
30402,0.4676831591129303,1,True
75970,0.46768060863018035,1,False
28995,0.4676564466953278,1,False
10970,0.4675514727830887,1,False
61799,0.4675186312198639,1,False
14517,0.46747795641422274,1,True
56971,0.4674679404497147,1,False
35962,0.46745127737522124,1,False
16790,0.46743118941783907,1,False
50987,0.4672454434633255,1,False
30981,0.4672146451473236,1,True
63643,0.46715069115161895,1,False
34980,0.4670737588405609,1,False
16856,0.46706918835639955,1,False
75908,0.4670459735393524,1,False
1764,0.46700599253177644,1,True
59989,0.4669848382472992,1,False
22908,0.46697713255882267,1,False
87829,0.4669749015569687,1,False
43110,0.46696133852005006,1,False
62950,0.4669470173120499,1,False
85639,0.4669266784191132,1,False
72625,0.4669235515594482,1,False
67663,0.4669026458263397,1,False
51911,0.46687781393527983,1,False
96665,0.46686304271221163,1,False
6836,0.4668560516834259,1,True
64978,0.46673380613327026,1,False
23299,0.46670897245407106,1,True
42946,0.466686914563179,1,False
73995,0.46662615656852724,1,True
61401,0.46661000609397885,1,True
45963,0.466586349606514,1,False
82682,0.46654278874397276,1,False
10661,0.46654229164123534,1,True
40776,0.4665119063854217,1,False
70524,0.4664970421791077,1,False
15977,0.4664693433046341,1,False
74981,0.4664693433046341,1,False
9846,0.46646673321723936,1,True
83961,0.4664654368162155,1,False
35854,0.46643131494522094,1,False
6315,0.4664308822154999,1,False
82757,0.46636621713638304,1,False
76699,0.46632020592689516,1,False
60862,0.46631133794784546,1,True
70810,0.46626265287399293,1,True
56732,0.46619462728500366,1,False
45948,0.4661871457099915,1,True
24959,0.46614963114261626,1,False
43824,0.46610529899597164,1,False
88989,0.46606530725955964,1,False
94863,0.4660475707054138,1,False
58819,0.4660466241836548,1,True
41933,0.4660395300388336,1,True
22956,0.46598700284957884,1,False
94973,0.46595485985279084,1,True
81914,0.4658617210388184,1,True
61093,0.46579940438270573,1,True
93963,0.46578781187534335,1,False
13900,0.4657587134838104,1,True
72758,0.4657575684785843,1,False
51863,0.4657548487186432,1,True
57891,0.46569076359272005,1,False
30230,0.4656604552268982,1,False
71953,0.4656493937969208,1,True
72404,0.4656470900774002,1,False
61965,0.4656366968154907,1,False
69643,0.46558157801628114,1,False
79978,0.46556204199790957,1,True
63762,0.4655618119239807,1,False
18382,0.46555397629737855,1,True
19993,0.4655185747146606,1,False
68512,0.46551078617572783,1,True
80957,0.465479821562767,1,False
96907,0.46547481894493103,1,True
23938,0.4654730671644211,1,False
47807,0.46547172248363494,1,True
25974,0.46546434223651884,1,True
60280,0.4654329776763916,1,True
20142,0.4654053872823715,1,False
32894,0.4653793680667877,1,False
54919,0.4653678220510483,1,False
19662,0.46536642730236055,1,True
42629,0.46535203874111175,1,True
52413,0.46534484207630156,1,False
61887,0.4653065633773804,1,False
67526,0.4652893936634064,1,False
18898,0.4652653801441192,1,False
3986,0.46524632930755616,1,False
62706,0.4652370595932007,1,False
41726,0.46523331105709076,1,True
24928,0.4652118283510208,1,False
13996,0.46520439922809603,1,False
94874,0.46513392627239225,1,False
40632,0.4651216572523117,1,True
86880,0.465117826461792,1,False
66681,0.4650512081384659,1,True
45844,0.4650474309921265,1,False
23469,0.46504516661167145,1,True
32960,0.4650100308656693,1,False
25990,0.46500355541706084,1,False
88033,0.46497115552425383,1,True
79805,0.46491827845573425,1,False
24938,0.46488417983055114,1,False
54984,0.4648760443925858,1,False
32868,0.46484719812870023,1,True
33843,0.46480358719825743,1,False
14752,0.46479856789112095,1,True
31967,0.46479445219039917,1,False
81990,0.46478896141052245,1,False
81450,0.46478397846221925,1,False
82441,0.4647835183143616,1,False
20643,0.46473151445388794,1,False
8828,0.4646792584657669,1,True
68961,0.46467101395130156,1,True
23804,0.4646371179819107,1,False
832,0.46461970686912535,1,False
48899,0.46461277067661283,1,True
12879,0.464586478471756,1,False
24971,0.4645444536209107,1,False
85802,0.46450761914253236,1,False
91942,0.46450713872909544,1,False
54872,0.4644502586126328,1,False
35689,0.46443680584430697,1,True
94565,0.46440103828907014,1,False
28200,0.4643899828195572,1,True
34666,0.46436118960380557,1,False
90641,0.46432525157928467,1,False
90944,0.464325168132782,1,True
13429,0.46425518035888674,1,False
31982,0.4642028832435608,1,False
27529,0.46417640149593353,1,True
97912,0.4641650462150574,1,False
42943,0.46415845096111297,1,False
75749,0.4641080057621002,1,False
93420,0.46409451723098755,1,False
31740,0.4640757930278778,1,True
21976,0.4640722262859345,1,False
5519,0.4639811223745346,1,False
46345,0.46394699573516845,1,False
22927,0.463920436501503,1,True
97381,0.4639154303073883,1,False
9097,0.4638795506954193,1,True
15906,0.463873153924942,1,False
15815,0.463844798207283,1,False
61997,0.46381043195724486,1,False
69842,0.46379688262939456,1,False
80979,0.46377733230590823,1,True
10937,0.4637161695957184,1,True
64808,0.46370048582553863,1,False
94957,0.46366889894008634,1,False
48332,0.46366677045822147,1,True
5938,0.4636647254228592,1,False
51866,0.4636617434024811,1,True
31896,0.46365473031997684,1,False
80869,0.46363748967647556,1,False
62690,0.463635036945343,1,False
65988,0.463634677529335,1,False
85949,0.46360103607177733,1,True
4962,0.4635931187868118,1,True
75925,0.4635801291465759,1,True
31528,0.4635723090171814,1,True
4772,0.46356571197509766,1,True
99850,0.46354856848716736,1,False
41996,0.4634835702180863,1,False
33831,0.4634443461894989,1,False
6841,0.4633929097652435,1,False
44970,0.46337055444717407,1,False
28981,0.46334270000457767,1,False
85892,0.46333782553672787,1,False
23878,0.4633220636844635,1,False
40920,0.46328052282333376,1,False
44442,0.46325312435626986,1,True
29330,0.46324397683143614,1,True
95778,0.4631582623720169,1,False
64837,0.4631315386295319,1,True
72641,0.4630315577983856,1,False
22700,0.462993266582489,1,True
31549,0.46292038679122927,1,False
51376,0.46291644871234894,1,True
10654,0.46282995223999024,1,True
74833,0.46274899125099184,1,False
79994,0.4627424210309982,1,True
33942,0.46273135781288144,1,True
35779,0.46271518886089325,1,False
46470,0.46270020842552184,1,False
40256,0.4626901781558991,1,True
23815,0.4626724207401276,1,False
43531,0.46263189673423766,1,False
92942,0.46262912154197694,1,True
4824,0.4626277148723602,1,True
60317,0.46262232065200803,1,True
10107,0.4625935542583466,1,True
13727,0.4625479203462601,1,False
73702,0.4625464200973511,1,False
13842,0.4625290113687515,1,True
87407,0.4625252103805542,1,True
61934,0.4625198328495026,1,False
85491,0.46251452326774595,1,False
73982,0.46243264198303224,1,False
29964,0.46242623865604404,1,False
95503,0.462420192360878,1,False
40974,0.46241747677326206,1,False
63089,0.4623231792449951,1,False
15943,0.46232118010520934,1,False
15239,0.4622916215658188,1,True
4990,0.46226179122924804,1,False
14980,0.46225576877593993,1,False
26714,0.4622434240579605,1,True
88927,0.4622393262386322,1,True
55831,0.4621744239330292,1,False
3726,0.4621486753225327,1,False
70585,0.4621479868888855,1,True
80509,0.4621255850791931,1,False
10982,0.46212144136428834,1,True
618,0.46211698532104495,1,True
4716,0.4621113133430481,1,False
77729,0.4621108812093735,1,True
10327,0.46210112929344177,1,True
34849,0.46209855377674103,1,False
41560,0.4620953440666199,1,True
8887,0.46206029832363127,1,True
42862,0.46205067038536074,1,False
36734,0.46204298913478853,1,False
82224,0.46200906097888944,1,False
64994,0.46200345039367674,1,False
89846,0.4619859218597412,1,True
74976,0.46197163105010985,1,False
77977,0.4619636660814285,1,False
65843,0.4619266402721405,1,False
98262,0.4619252222776413,1,True
15882,0.4619180142879486,1,True
80447,0.4619114601612091,1,False
93914,0.46190119326114654,1,False
72244,0.46189060449600217,1,True
31850,0.46175191283226014,1,False
49919,0.461724779009819,1,True
61234,0.4616938996315002,1,True
21927,0.4616540938615799,1,False
90795,0.4616137766838074,1,False
47313,0.46152811527252197,1,True
3639,0.46152593910694123,1,False
80469,0.4615041923522949,1,True
79802,0.46148908257484433,1,True
26939,0.4614734345674515,1,False
26796,0.4614200609922409,1,False
52310,0.4614093327522278,1,False
28922,0.46138335824012755,1,True
71834,0.461366006731987,1,False
83874,0.4613637453317642,1,False
20957,0.4613583958148956,1,False
20954,0.46134768187999725,1,False
41296,0.4613264298439026,1,False
80390,0.4613226735591889,1,True
90160,0.46131954550743104,1,True
13627,0.46119990944862366,1,True
62574,0.46119870066642765,1,False
56101,0.46119418621063235,1,True
43439,0.4611581915616989,1,True
77809,0.4611567306518555,1,True
8863,0.4611248010396958,1,False
64759,0.46103148043155673,1,False
92612,0.4610114485025406,1,False
44966,0.4609861570596695,1,False
9227,0.4609660768508911,1,True
61671,0.4609499144554138,1,True
53932,0.46092293560504916,1,True
40996,0.46092247545719145,1,True
92837,0.46088008642196654,1,False
66573,0.4607923269271851,1,False
2741,0.4607816874980927,1,False
93487,0.46078162133693695,1,False
6849,0.4607334524393082,1,True
47508,0.46063978016376494,1,True
57711,0.46058188021183016,1,False
38697,0.46058158755302425,1,False
37876,0.4605768048763275,1,True
91630,0.4605546402931213,1,False
59463,0.4605514144897461,1,True
50625,0.4605087554454803,1,False
22941,0.4604294979572296,1,False
40582,0.4604288423061371,1,False
83929,0.4604020017385483,1,False
475,0.4603934836387634,1,False
66431,0.4603725701570511,1,True
26347,0.46035141229629517,1,False
70347,0.4603428202867508,1,False
43592,0.4603012001514435,1,True
36274,0.46029464244842533,1,True
65696,0.46027799010276793,1,True
43686,0.4602681106328964,1,False
53981,0.46024471521377563,1,True
70773,0.460197017788887,1,True
879,0.4601818853616715,1,True
28673,0.46015628993511204,1,True
83634,0.46014998137950897,1,False
60777,0.46008597970008847,1,True
73963,0.4600854384899139,1,True
66214,0.46006712555885315,1,True
70340,0.4600415641069412,1,False
31901,0.460031675696373,1,False
15941,0.46001825094223026,1,False
1840,0.4599617213010788,1,True
51494,0.4599410915374756,1,False
61470,0.459832192659378,1,True
84868,0.45982144474983216,1,False
38816,0.45979787468910216,1,False
20663,0.4597843670845032,1,True
71967,0.4597525155544281,1,False
48582,0.45967884063720704,1,True
64791,0.45967736542224885,1,False
30782,0.4596159756183624,1,False
3908,0.4595861095190048,1,False
46828,0.4595634722709656,1,False
76813,0.4595544856786728,1,True
12863,0.4595129942893982,1,False
12715,0.45947902500629423,1,False
34969,0.45947509348392485,1,True
32931,0.4594214051961899,1,True
50132,0.45932647347450256,1,True
39969,0.4593111532926559,1,False
939,0.45929950594902036,1,True
13979,0.4592922556400299,1,False
73966,0.4592855215072632,1,False
56157,0.4592710548639297,1,True
54897,0.4591780525445938,1,False
9589,0.45916224718093873,1,False
25930,0.4591474562883377,1,False
42880,0.4591467368602753,1,True
45699,0.45914129495620726,1,False
14974,0.4591372346878052,1,False
51938,0.45913586854934696,1,True
94878,0.4591165149211884,1,True
30945,0.45903391182422637,1,False
90919,0.4590264469385147,1,False
60643,0.4590136390924454,1,False
51296,0.4589768695831299,1,False
85984,0.4589690363407135,1,True
1742,0.4589595103263855,1,True
25717,0.45891944944858554,1,True
84877,0.4589181798696518,1,False
39990,0.45888889849185943,1,True
80875,0.4588706225156784,1,False
10911,0.4588697266578674,1,True
90963,0.45884949564933775,1,False
63983,0.4588046157360077,1,True
62792,0.45879563331604,1,False
45842,0.4587838876247406,1,False
42560,0.4587803548574448,1,False
65962,0.45875885367393493,1,False
97368,0.45869972586631774,1,True
60870,0.45866307616233826,1,False
32634,0.4585254228115082,1,True
89967,0.4584545630216599,1,True
40397,0.4584513008594513,1,False
24934,0.4584318816661835,1,False
11451,0.45839066863059996,1,True
41728,0.4583814036846161,1,True
95868,0.45834147930145264,1,False
32820,0.4583322894573212,1,True
92656,0.45832216382026675,1,False
61981,0.45828495085239407,1,False
45994,0.45824797809123996,1,False
45983,0.45824797809123996,1,False
14985,0.45822428464889525,1,False
47725,0.4582227206230164,1,False
78989,0.4581834048032761,1,False
70512,0.458086000084877,1,False
28818,0.45806434571743015,1,False
24988,0.45797239124774936,1,False
50829,0.4579358541965485,1,False
67614,0.4579162496328354,1,True
31768,0.45789042115211487,1,True
29923,0.45786820352077484,1,False
74943,0.457864779829979,1,False
20569,0.45785070419311524,1,False
85935,0.45783111929893494,1,False
31142,0.45780765056610107,1,True
84701,0.4577668595314026,1,False
4860,0.4577668595314026,1,False
83813,0.45773671329021454,1,False
37888,0.4577326548099518,1,True
23198,0.4577274233102798,1,True
98964,0.4577149248123169,1,False
65949,0.4577064311504364,1,False
11903,0.45761974513530734,1,False
10957,0.45758417546749114,1,False
67563,0.45756593346595764,1,False
31407,0.4574943858385086,1,True
91409,0.45746952533721924,1,True
66780,0.4574545395374298,1,True
82608,0.45742215812206266,1,False
82504,0.4573703742027283,1,False
96239,0.4572305291891098,1,True
25506,0.4572218269109726,1,False
69762,0.45721817076206206,1,True
95669,0.45716164767742157,1,False
26915,0.4571525168418884,1,False
40786,0.4571227443218231,1,False
20228,0.4571187198162079,1,True
33763,0.45710143744945525,1,False
88788,0.4570517152547836,1,True
87887,0.4570410364866257,1,False
94900,0.45703385829925536,1,True
76475,0.45702563524246215,1,False
79974,0.45700668573379516,1,True
8964,0.4570001459121704,1,False
50971,0.45690754652023313,1,True
20893,0.4568961215019226,1,True
11080,0.45689402341842655,1,False
21800,0.45688636183738707,1,False
30883,0.45685429334640504,1,False
4939,0.45677841305732725,1,False
10291,0.45673375844955444,1,True
78134,0.45671932339668275,1,True
65800,0.45665034115314485,1,False
42755,0.45663841009140016,1,False
2898,0.4565954571962357,1,False
50256,0.45659349918365477,1,True
23969,0.4565711605548859,1,False
91412,0.45654996514320373,1,True
14993,0.45651191353797915,1,False
35874,0.4565109175443649,1,False
12890,0.45649231255054473,1,False
50965,0.456470502614975,1,False
66389,0.45638648331165316,1,False
63642,0.45637985348701476,1,False
40253,0.45634792268276214,1,True
76549,0.45633420765399935,1,True
91796,0.4563304489850998,1,False
76284,0.45631583750247956,1,False
70560,0.4563042449951172,1,True
89930,0.4562647545337677,1,False
9677,0.4562487989664078,1,False
26064,0.4562410491704941,1,False
55985,0.45619526326656346,1,False
15998,0.45619285345077515,1,False
6573,0.45618101239204406,1,False
991,0.45614672780036924,1,False
74514,0.4561416953802109,1,False
36330,0.45611651897430416,1,True
54963,0.45610291719436646,1,False
75882,0.4560987776517868,1,False
72317,0.45609135627746583,1,False
40963,0.4560456037521362,1,False
70768,0.4559870225191116,1,True
81640,0.4559814441204071,1,False
48834,0.4559758913516998,1,False
50061,0.4559332740306854,1,True
21921,0.45585816621780395,1,False
15946,0.4558530086278916,1,False
9543,0.4558236163854599,1,False
91970,0.4558086377382279,1,True
11796,0.45580549001693726,1,True
64686,0.4556805896759033,1,False
87586,0.45564038217067715,1,True
33685,0.4556305128335953,1,False
1244,0.4555483615398407,1,False
66727,0.4555244213342667,1,True
97704,0.4554579037427902,1,False
81958,0.4554314839839935,1,False
94976,0.4554245656728745,1,True
92394,0.45539112031459805,1,False
22991,0.455383808016777,1,False
3138,0.45537770926952365,1,False
85725,0.45526685953140256,1,False
20691,0.4551991665363312,1,False
90934,0.4551976466178894,1,True
95547,0.45519153714179994,1,False
61722,0.4551836490631104,1,False
66837,0.45512291193008425,1,True
27376,0.4551075804233551,1,False
64582,0.45509320437908174,1,False
56914,0.4550809878110886,1,False
726,0.45507902204990386,1,True
76726,0.45506708800792695,1,True
93665,0.4550638282299042,1,False
65992,0.45505205631256107,1,False
69900,0.45501973867416384,1,False
31673,0.4549817013740539,1,True
83868,0.45497955441474913,1,False
6369,0.4549770772457123,1,True
93783,0.4549582052230835,1,False
34833,0.4549538588523865,1,False
18401,0.4549509298801422,1,True
85955,0.4548841798305512,1,False
88207,0.4548393166065216,1,True
80887,0.45481749951839445,1,False
57587,0.454782053232193,1,True
937,0.4547648012638092,1,False
89707,0.4547424030303955,1,True
24847,0.4547334659099579,1,False
4936,0.4546816670894623,1,False
79876,0.45463417112827303,1,True
4957,0.4545912367105484,1,False
24976,0.45457375884056095,1,False
37812,0.4545663040876389,1,False
2667,0.45455823123455047,1,False
5683,0.4545441621541977,1,False
56580,0.4545224368572235,1,True
65966,0.4544502586126328,1,False
54893,0.4544487202167511,1,False
64989,0.4544374006986618,1,False
59995,0.4544214105606079,1,False
57098,0.45441472828388213,1,False
76582,0.4544004100561142,1,False
95836,0.45439693689346317,1,False
33350,0.4543665987253189,1,True
33834,0.45436064243316654,1,False
47627,0.4542715644836426,1,True
71934,0.45426714181900024,1,False
44846,0.4542628961801529,1,False
43981,0.45421159923076626,1,False
80951,0.45420326828956603,1,True
18983,0.4542020845413208,1,False
50776,0.4541945886611939,1,True
24308,0.4541906464099884,1,False
82987,0.45417261600494385,1,False
68425,0.4541479915380478,1,True
91772,0.45414570093154905,1,False
78963,0.45414022147655486,1,False
85812,0.4540928107500076,1,False
50845,0.45409053802490235,1,False
18996,0.45409001350402833,1,False
10974,0.4540827459096909,1,False
43238,0.45406639635562895,1,False
29996,0.45404640495777127,1,True
44686,0.4540046417713165,1,False
81998,0.4539772802591324,1,True
27216,0.4539749598503113,1,True
14938,0.4539476543664932,1,False
73726,0.45393843472003936,1,False
71271,0.45393628239631656,1,True
76631,0.4538944590091705,1,False
69791,0.453887568116188,1,False
22819,0.4538199579715729,1,False
55960,0.4538037133216858,1,True
58358,0.45379126906394956,1,True
21586,0.4536705720424652,1,True
71643,0.45365083634853365,1,True
84995,0.45363992035388945,1,True
35952,0.4536354613304138,1,False
43414,0.4536181044578552,1,False
34981,0.45361587762832645,1,False
5950,0.45361587762832645,1,False
91973,0.45359459877014163,1,False
85978,0.45357450127601623,1,False
86374,0.4535705608129501,1,False
85778,0.4535314804315567,1,False
72777,0.4535306394100189,1,True
31180,0.45345841646194457,1,True
67558,0.4534276783466339,1,False
98986,0.45340066254138944,1,False
43920,0.45335186779499054,1,False
23000,0.4533219265937805,1,False
79400,0.453291951417923,1,True
55825,0.4532709175348282,1,True
51883,0.4532579416036606,1,False
4988,0.45324797809123996,1,False
90690,0.45321276903152463,1,False
30652,0.4532063281536102,1,True
35934,0.45315325081348423,1,False
12291,0.45307215094566344,1,False
70865,0.4530394566059113,1,False
31152,0.4529773604869842,1,False
23983,0.4529649037122726,1,True
89949,0.45295428395271303,1,True
62293,0.45289597392082215,1,False
88169,0.45286708176136015,1,True
92753,0.4528647524118423,1,False
38998,0.45284778118133545,1,True
19663,0.45280674248933794,1,True
34722,0.45280586659908295,1,False
55830,0.4527664542198181,1,True
22628,0.45275898814201354,1,True
82752,0.4527562248706818,1,False
3580,0.45275097906589507,1,False
15991,0.45274199604988097,1,False
54957,0.4527393591403961,1,False
51959,0.452723433971405,1,False
36978,0.4526778781414032,1,False
93746,0.45266751050949094,1,False
63901,0.4526619303226471,1,False
53332,0.4526461958885193,1,False
71257,0.45261113286018373,1,True
52973,0.45258092939853667,1,True
74558,0.4525788277387619,1,False
8754,0.4525283992290497,1,False
55997,0.45250832319259643,1,True
4980,0.4525035554170609,1,False
92985,0.45250161111354825,1,False
70486,0.45249492168426514,1,True
62995,0.4524389243125916,1,False
3737,0.4523812973499298,1,False
78915,0.4523775100708008,1,False
43960,0.452367182970047,1,True
36982,0.4523635631799698,1,False
28198,0.45235616505146026,1,True
5663,0.4523560082912445,1,False
80153,0.4523521566390991,1,True
69462,0.4523486709594727,1,True
24925,0.452347868680954,1,False
74756,0.4523343962430954,1,False
94992,0.4523272371292114,1,False
41767,0.45229488134384155,1,True
97037,0.4522454297542572,1,False
84876,0.4522247916460037,1,True
20985,0.4522079443931579,1,False
71930,0.4521184897422791,1,True
61810,0.4521032249927521,1,True
11940,0.45195944607257843,1,False
45756,0.45192590057849885,1,False
962,0.45190881967544555,1,True
33992,0.4518174189329147,1,False
43910,0.4518139761686325,1,False
85953,0.45178509116172794,1,False
61528,0.45177538275718687,1,True
85992,0.45174987137317657,1,False
59985,0.4517173874378204,1,False
7731,0.45161601662635803,1,True
11562,0.4516050958633423,1,False
30167,0.45155737042427063,1,False
85674,0.45154560267925264,1,True
22369,0.45152328729629515,1,False
96830,0.45149899065494536,1,False
30854,0.4514844125509262,1,True
99885,0.4514327293634415,1,True
72606,0.4513975417613983,1,False
41495,0.4513896256685257,1,True
62936,0.4513773655891419,1,False
25749,0.45137227714061734,1,False
31942,0.4513697552680969,1,True
14915,0.45135262072086335,1,False
80617,0.4513357239961624,1,True
37432,0.45126692175865174,1,False
50979,0.45124380588531493,1,True
77888,0.4512398099899292,1,False
59986,0.451182416677475,1,True
74885,0.4511688989400864,1,False
18950,0.4511512994766235,1,False
26325,0.45113858401775364,1,True
70673,0.45113189578056334,1,True
32471,0.4511252748966217,1,False
95899,0.45105981826782227,1,False
22873,0.4510233294963837,1,False
38519,0.45095731735229494,1,True
30425,0.450934876203537,1,False
27441,0.45088613748550416,1,True
32779,0.4508734744787216,1,False
70797,0.4508494257926941,1,False
78851,0.4508397597074509,1,True
43706,0.45083596527576447,1,False
50818,0.4508214318752289,1,False
9836,0.4507866132259369,1,True
85616,0.45076541483402255,1,False
61844,0.4507327651977539,1,False
74825,0.4507211673259735,1,False
90911,0.4506888121366501,1,False
30724,0.4506189775466919,1,False
25971,0.4505558317899704,1,False
59864,0.45052539885044096,1,False
91837,0.4505155420303345,1,True
65912,0.4505057883262634,1,True
23614,0.4504978662729263,1,True
3667,0.45049641966819765,1,False
53396,0.45047372579574585,1,False
35745,0.4504637122154236,1,False
90898,0.45045256197452543,1,False
33369,0.4504449224472046,1,False
39382,0.45043455362319945,1,True
56046,0.4503759968280792,1,False
6110,0.45036241710186004,1,True
51829,0.4503514212369919,1,False
44987,0.45033692121505736,1,False
11956,0.45033049523830415,1,True
7596,0.4502809709310532,1,False
93838,0.4502249538898468,1,False
12935,0.4501935851573944,1,False
55920,0.4501523369550705,1,False
40839,0.4501516181230545,1,False
8400,0.45014455735683445,1,True
61478,0.45014307141304016,1,True
31959,0.45014244198799136,1,True
74868,0.45005426824092865,1,False
23992,0.4499169570207596,1,False
56941,0.44989668250083925,1,False
70621,0.44988733232021333,1,False
71978,0.44984382450580596,1,True
41930,0.4498313397169113,1,False
62276,0.44978469371795654,1,False
93843,0.44978227019309996,1,False
71595,0.44977109313011165,1,True
53204,0.44969573318958284,1,True
61627,0.4496907365322113,1,True
80705,0.4496496522426605,1,True
35954,0.44960359811782835,1,False
91400,0.4495612096786499,1,False
5981,0.44954508781433106,1,False
93984,0.4495413148403168,1,False
86877,0.44950029075145725,1,False
20584,0.44949826180934904,1,True
39988,0.44944764852523805,1,True
18972,0.4494109171628952,1,True
70079,0.44940390825271603,1,True
51757,0.44940091788768766,1,True
1897,0.4493962895870209,1,False
36329,0.4493772321939468,1,True
1459,0.4493640846014023,1,True
53747,0.44934167504310607,1,False
82699,0.44924490451812743,1,False
12471,0.4492208904027939,1,False
19666,0.44921014964580536,1,True
90747,0.449191654920578,1,False
90964,0.4491124874353409,1,True
43444,0.4490955674648285,1,False
34984,0.44909481525421147,1,False
80832,0.4490942108631134,1,True
40459,0.4490339744091034,1,False
61663,0.44902832865715026,1,True
3926,0.4490066510438919,1,False
11975,0.44898404598236086,1,False
73971,0.44897949635982515,1,False
41433,0.4489619994163513,1,False
36517,0.448928085565567,1,False
70767,0.4489259254932404,1,True
3951,0.4489045053720474,1,False
60220,0.44890118718147276,1,True
6792,0.4488726443052292,1,False
83445,0.448871266245842,1,False
94945,0.44882533252239226,1,False
12959,0.4488202095031738,1,False
88677,0.44881760984659197,1,True
53690,0.44872855007648466,1,False
64512,0.44870261788368226,1,False
38931,0.44869612276554105,1,True
74963,0.4486831140518188,1,False
24972,0.4486831140518188,1,False
60789,0.44866553246974944,1,True
64793,0.44861872494220734,1,False
25964,0.44861587762832644,1,False
29552,0.44860856771469115,1,False
30888,0.4485655426979065,1,False
53938,0.44855830788612366,1,False
57898,0.4485491818189621,1,False
68797,0.44853826880455017,1,False
23917,0.44853715956211093,1,False
10685,0.44849656343460087,1,True
78762,0.4484670126438141,1,True
66005,0.44846653044223783,1,True
375,0.44842493534088135,1,True
70923,0.44840884923934937,1,False
21117,0.44838873624801634,1,True
10838,0.4483766329288483,1,True
42684,0.4483431297540665,1,False
6964,0.4483421754837036,1,False
80863,0.44832750260829923,1,True
23806,0.4483119797706604,1,False
57677,0.44827008664608003,1,False
95986,0.44824797809123995,1,True
46772,0.4482259225845337,1,True
81315,0.44820312023162845,1,True
11402,0.44820250988006594,1,True
81715,0.44817243456840516,1,True
61879,0.4481547898054123,1,True
9246,0.4481525814533234,1,True
31538,0.44812874794006347,1,True
26235,0.448079714179039,1,True
69825,0.4479693377017975,1,False
35967,0.44793779253959654,1,False
26431,0.4479314112663269,1,False
61595,0.4479296267032623,1,True
59991,0.44785395443439485,1,True
44302,0.4478333032131195,1,False
13493,0.4477555620670319,1,False
67723,0.44774501264095307,1,False
45832,0.44771773755550387,1,False
94927,0.44765494108200077,1,False
53927,0.44763463079929355,1,False
81471,0.4476000648736954,1,True
41538,0.44757039308547975,1,True
30912,0.4475682431459427,1,True
44969,0.4475386673212052,1,False
26453,0.447527614235878,1,True
25988,0.44751843214035036,1,False
34983,0.4475035554170609,1,False
2751,0.4474609380960465,1,False
94867,0.4474526274204254,1,False
12829,0.4473645442724228,1,False
2698,0.447355425953865,1,False
11708,0.44731971740722654,1,False
85937,0.4473160660266876,1,False
46867,0.4472752076387405,1,False
32978,0.4472402966022492,1,False
63783,0.4472276359796524,1,True
99761,0.4472191464900971,1,True
71744,0.4471020060777664,1,False
3968,0.44700538873672485,1,False
44991,0.4470034503936767,1,False
70508,0.44695156455039975,1,True
30469,0.44683841466903684,1,True
94961,0.44679294288158417,1,False
54795,0.44679103910923,1,False
272,0.4467341017723083,1,True
69815,0.44669056832790377,1,True
2679,0.4466755253076553,1,False
9787,0.4466248738765717,1,False
92331,0.44660820364952086,1,False
43941,0.4466003394126892,1,False
42475,0.4465822184085846,1,False
88909,0.44657027661800386,1,True
93929,0.44655573010444644,1,True
83949,0.4465365082025528,1,False
61964,0.44652090609073636,1,False
64263,0.44649620532989504,1,False
60603,0.4464748430252075,1,True
81159,0.4464581882953644,1,False
94765,0.44644432961940766,1,False
50977,0.4464336484670639,1,False
77191,0.44641139686107634,1,True
83516,0.44639553308486934,1,False
639,0.4463844263553619,1,False
11883,0.4463576489686966,1,False
10456,0.4463516116142273,1,True
3970,0.4463513231277466,1,True
75866,0.4463448143005371,1,False
49832,0.4463257998228073,1,False
51582,0.4462852561473847,1,True
62934,0.44626353859901424,1,False
32631,0.44618030488491056,1,False
25905,0.4461688989400864,1,False
650,0.4461684739589691,1,False
70401,0.4461456960439682,1,True
92663,0.446128466129303,1,False
2990,0.4460961937904358,1,False
63423,0.44606364965438844,1,False
87761,0.4460001891851425,1,True
51522,0.44594871401786806,1,True
68801,0.4459478348493576,1,False
72884,0.44592719376087187,1,False
7828,0.4459257870912552,1,True
86796,0.4459066545963287,1,True
74966,0.445838577747345,1,False
30643,0.44581556916236875,1,True
65918,0.4457989287376404,1,False
30963,0.44576853573322295,1,True
3973,0.44569178521633146,1,False
40858,0.4456592780351639,1,True
60917,0.4456494826078415,1,True
81910,0.44562713384628294,1,False
20620,0.4456081736087799,1,False
9898,0.4455882793664932,1,False
15796,0.44558015584945676,1,True
66354,0.445576998591423,1,False
57183,0.4455556291341781,1,True
53840,0.4455271238088608,1,False
32627,0.4454826229810715,1,False
43666,0.4454628801345825,1,False
27205,0.44545692920684815,1,True
62362,0.4453843152523041,1,False
32909,0.44537788212299345,1,True
79800,0.44534250140190124,1,True
34882,0.4453230947256088,1,False
13960,0.44526956737041473,1,False
78527,0.4452657246589661,1,True
84746,0.44518854081630704,1,False
41709,0.4450739192962646,1,True
69632,0.44505433440208436,1,False
73960,0.4449280607700348,1,False
74855,0.44489728748798374,1,False
3641,0.4448938584327698,1,False
65960,0.444880702495575,1,False
21934,0.44485693275928495,1,True
60663,0.44483306646347043,1,True
24937,0.444816792011261,1,False
84885,0.44481606602668766,1,False
90707,0.44476432383060455,1,False
33898,0.4447475582361221,1,False
66257,0.444728267788887,1,True
25847,0.4447176289558411,1,False
74848,0.4447176289558411,1,False
30607,0.44470181107521056,1,True
23915,0.44470107078552246,1,False
80177,0.44468087434768677,1,True
34977,0.444654386639595,1,False
65840,0.44464913427829744,1,False
85934,0.44462706327438356,1,False
92523,0.444625284075737,1,False
91708,0.4445940017700195,1,True
72993,0.44455272018909453,1,True
74258,0.4445483136177063,1,True
1607,0.4445355260372162,1,True
94642,0.44452465534210206,1,False
25913,0.44451511442661285,1,False
52951,0.44447955369949343,1,False
59974,0.4444577419757843,1,False
45951,0.44445491790771485,1,False
93483,0.4443899863958359,1,False
12601,0.4443837833404541,1,False
21959,0.44436621785163877,1,True
59847,0.4442857933044434,1,False
3488,0.44423671066761017,1,True
73681,0.44418196320533754,1,True
90486,0.444181712269783,1,False
50975,0.44417455673217776,1,True
81885,0.44415026664733886,1,False
46087,0.4441282057762146,1,True
21911,0.44411876976490017,1,True
24761,0.44410080313682554,1,True
26572,0.4440963399410248,1,False
83538,0.4440492898225784,1,False
37077,0.4440441012382507,1,True
49090,0.44402073562145233,1,True
12722,0.44395897030830384,1,True
75804,0.4439469861984253,1,False
65993,0.44390086889266966,1,False
41959,0.4438677257299423,1,True
90720,0.4438668030500412,1,False
34941,0.44378677368164066,1,False
52387,0.4437772220373154,1,False
12908,0.44373331010341643,1,True
66853,0.44368661344051363,1,False
72820,0.44368146240711215,1,True
13792,0.4436438220739365,1,False
21811,0.44358616054058075,1,False
4507,0.44357649326324466,1,True
91354,0.44356885850429534,1,True
62723,0.4435613119602203,1,True
1383,0.4435072034597397,1,False
81266,0.4434925699234009,1,False
790,0.4434762686491013,1,False
76222,0.443470783829689,1,True
94452,0.44346146523952484,1,True
93250,0.4434568971395493,1,False
13805,0.4434119594097138,1,False
93674,0.4434091240167618,1,False
69402,0.44339783072471617,1,False
94637,0.4433499985933304,1,True
65971,0.443338577747345,1,False
15956,0.4433328920602798,1,False
81681,0.4433126467466354,1,True
30913,0.44329359114170075,1,True
87742,0.44328288674354555,1,False
12731,0.44327101469039915,1,True
41073,0.4432657539844513,1,True
2965,0.4432219982147217,1,True
52710,0.4432109498977661,1,False
12976,0.44318805813789364,1,True
81278,0.4431825375556946,1,True
47971,0.44317168116569516,1,False
391,0.4431443381309509,1,True
28979,0.4431200855970383,1,False
2933,0.44311664879322055,1,True
59573,0.44310638308525085,1,True
33718,0.4430864930152893,1,False
92917,0.4430379569530487,1,False
57344,0.4430089294910431,1,True
47638,0.4430051451921463,1,True
2865,0.44294295251369475,1,False
55989,0.4429358500242233,1,False
30998,0.442918062210083,1,False
68742,0.44290757834911343,1,False
11074,0.44286104798316955,1,True
39984,0.44279436647892,1,False
12759,0.4427234590053558,1,False
95489,0.44270776748657226,1,False
24827,0.4426864355802536,1,False
71962,0.4426849871873856,1,False
23831,0.44268020629882815,1,False
2548,0.4426548135280609,1,False
91552,0.44264822244644164,1,False
43388,0.4426438492536545,1,False
36804,0.44263725817203525,1,False
75956,0.44263022005558017,1,False
3923,0.4425225234031677,1,False
44801,0.4424952971935272,1,True
35978,0.44244168281555174,1,False
45953,0.44241974532604217,1,False
15985,0.4423816907405853,1,False
94864,0.44237379789352416,1,False
44992,0.4423371309041977,1,False
32964,0.442311749458313,1,True
96468,0.44230938494205474,1,False
77655,0.4423064082860947,1,True
53962,0.4422824740409851,1,False
75859,0.44221762895584105,1,False
5928,0.44221762895584105,1,False
80778,0.44220472216606144,1,False
50137,0.4420217061042786,1,False
28994,0.4420015680789947,1,False
28990,0.4419964665174484,1,False
71700,0.4419451892375946,1,True
8997,0.4418901216983795,1,False
44543,0.44186921417713165,1,False
95734,0.44182861328125,1,False
43667,0.4417994385957718,1,False
55909,0.4417777252197266,1,False
82742,0.44176019668579103,1,False
60275,0.44173133075237275,1,True
69798,0.44169435143470764,1,False
23993,0.4416659462451935,1,True
13494,0.4416492432355881,1,False
42596,0.44163793563842774,1,False
82420,0.44160038590431216,1,False
51976,0.44158807933330535,1,False
73536,0.4415492731332779,1,False
14916,0.4415347468852997,1,False
17431,0.44151690661907195,1,False
11843,0.4414979439973831,1,False
65953,0.4414794820547104,1,False
48882,0.44146718561649323,1,True
6593,0.4414527428150177,1,False
96139,0.44142428874969486,1,True
84997,0.4414008688926697,1,False
71219,0.4413738226890564,1,True
40838,0.44136475205421444,1,False
74733,0.44127616345882414,1,True
28809,0.4412633049488067,1,False
923,0.44122446715831753,1,True
91969,0.44122192203998567,1,False
74924,0.4411688989400864,1,False
49859,0.44115478813648223,1,False
11892,0.44115408301353454,1,False
12782,0.44113417506217956,1,False
9995,0.4411232215166092,1,False
52955,0.44097916603088383,1,False
80552,0.44097849011421203,1,False
70894,0.4409396606683731,1,False
93588,0.44085660815238953,1,False
44820,0.4408393657207489,1,False
85936,0.4408390074968338,1,False
91110,0.44082873106002807,1,True
94677,0.4407845318317413,1,False
96946,0.4407518589496613,1,False
84679,0.44070690631866455,1,False
23889,0.4407001596689224,1,False
46800,0.440689212679863,1,False
21904,0.44068284928798673,1,False
54871,0.4406778943538666,1,True
12586,0.4406764042377472,1,False
85600,0.4406728690862656,1,True
28881,0.44061169803142547,1,False
37813,0.4405659902095795,1,True
51940,0.4405466896295548,1,False
43405,0.4405115109682083,1,True
74759,0.44050981640815734,1,False
82962,0.44049249589443207,1,True
21909,0.44047582864761353,1,True
46043,0.4404457795619965,1,True
72549,0.4403762686252594,1,False
51092,0.44032569587230685,1,True
70947,0.44022923052310947,1,True
94972,0.4402276974916458,1,False
99924,0.4402221268415451,1,False
90170,0.44021188974380493,1,False
45721,0.44018145501613615,1,False
35844,0.4401523369550705,1,False
10850,0.440123678445816,1,False
92899,0.44011371314525605,1,False
93947,0.44009749770164486,1,False
46606,0.44009238600730893,1,False
10929,0.4400842159986496,1,False
82806,0.4400812923908234,1,False
60774,0.44006999373435973,1,False
87620,0.44005266487598416,1,False
31310,0.44001779079437253,1,False
53362,0.4399985772371292,1,False
89988,0.43999122083187103,1,True
55799,0.43993264973163604,1,True
9600,0.43990788340568543,1,True
63498,0.4399028420448303,1,True
33520,0.43986168026924133,1,False
33859,0.43986160397529606,1,False
65964,0.4398371309041977,1,False
76719,0.4398149144649506,1,False
31941,0.43981022477149967,1,False
26508,0.4397458392381668,1,False
78961,0.4397230613231659,1,True
93504,0.4397070395946503,1,False
53653,0.4396476721763611,1,False
26609,0.4396098476648331,1,False
34961,0.43955552160739897,1,False
38869,0.4395295763015747,1,True
5640,0.43952898025512693,1,True
48418,0.4394500744342804,1,False
23966,0.4394168335199356,1,False
64693,0.43940436601638794,1,False
60937,0.43940009772777555,1,True
11371,0.4393284350633621,1,True
66750,0.43932391196489334,1,False
35900,0.43928327441215514,1,False
99841,0.43927907288074497,1,False
60636,0.4392737340927124,1,False
14881,0.4392621260881424,1,False
22751,0.43925344705581665,1,False
12929,0.43922878563404083,1,False
35980,0.43920623779296875,1,False
63740,0.43917783081531525,1,False
20115,0.43916843831539154,1,True
91695,0.4391537302732468,1,False
14924,0.43913240790367125,1,False
39735,0.43911483347415925,1,False
11930,0.4390922421216965,1,False
75835,0.4390781795978546,1,False
68474,0.4390725183486939,1,True
4982,0.43906484603881835,1,False
34952,0.43903274953365323,1,False
95395,0.43903259336948397,1,True
29692,0.43902776658535003,1,True
70917,0.43900740206241606,1,False
4617,0.43900632321834565,1,False
2940,0.43900295734405514,1,False
45813,0.43900221288204194,1,False
16238,0.438988139629364,1,True
15988,0.4389870661497116,1,False
94888,0.43898058056831357,1,False
35993,0.4389794820547104,1,False
94413,0.43897238016128537,1,False
74985,0.4389472907781601,1,False
90640,0.4389435434341431,1,False
61206,0.43893518567085266,1,True
1817,0.43892211496829986,1,True
36387,0.4388992220163345,1,True
91807,0.4388872647285461,1,False
28897,0.43887228548526763,1,False
22317,0.43885719120502475,1,False
42981,0.43876204669475555,1,False
16414,0.43869298040866855,1,True
14950,0.4386831140518188,1,False
88994,0.4386616367101669,1,True
8159,0.43864527106285095,1,True
80854,0.4386256223917008,1,False
3447,0.4385524779558182,1,False
57862,0.4385243946313858,1,False
4680,0.43850212812423706,1,False
63631,0.438482695221901,1,True
70942,0.43844420373439785,1,True
7092,0.438411813378334,1,True
42841,0.438386213183403,1,False
64882,0.4383812379837036,1,True
95921,0.43833031713962556,1,False
9993,0.43822066664695736,1,False
85944,0.4382203406095505,1,False
62260,0.43821204245090484,1,True
3837,0.4381968694925308,1,False
2896,0.43818490266799925,1,True
42255,0.4381665909290314,1,True
7693,0.4381622487306595,1,False
94787,0.43813272535800935,1,False
90079,0.43813220262527464,1,True
77776,0.43806652903556825,1,False
73723,0.4380329060554504,1,False
70878,0.4380171722173691,1,False
58854,0.4380113965272904,1,True
35963,0.43793914318084715,1,False
5728,0.43792033433914185,1,False
50997,0.4379073864221573,1,False
76807,0.43790044844150544,1,False
94988,0.43783692121505735,1,False
77999,0.4377854055166245,1,True
37025,0.43778042376041415,1,True
62675,0.43777643382549286,1,False
82158,0.4377617132663727,1,False
14946,0.4377300101518631,1,True
72983,0.4377247142791748,1,False
65872,0.43768013358116153,1,False
93285,0.43763009667396546,1,True
22985,0.43762419700622557,1,False
30950,0.43756452679634095,1,True
60763,0.4375617450475693,1,True
6975,0.4375486248731613,1,True
6124,0.43752631723880764,1,True
41543,0.4375118482112884,1,True
31183,0.43746798634529116,1,True
33866,0.4374650102853775,1,False
69295,0.4374598699808121,1,True
70694,0.4373569023609162,1,False
2392,0.4373482185602188,1,False
24973,0.4373371309041977,1,False
84980,0.4373371309041977,1,False
91943,0.4373250448703766,1,False
62638,0.43732005000114443,1,False
4969,0.43728617548942567,1,False
97981,0.43727127373218533,1,False
53582,0.43726470410823826,1,False
58887,0.4372516614198685,1,False
94724,0.437245796918869,1,False
96501,0.4372441589832306,1,False
53744,0.4371819746494293,1,False
14982,0.4371592527627945,1,False
22946,0.4371539843082428,1,False
40843,0.4370957267284393,1,False
93467,0.43707921147346496,1,False
85650,0.4369726777076721,1,False
10374,0.43696413755416874,1,True
21877,0.4369525521993637,1,False
70398,0.4369001543521881,1,True
16289,0.43689644396305083,1,False
43784,0.4368843936920166,1,False
51930,0.43686469316482546,1,False
70067,0.43682323455810546,1,False
53718,0.43681569457054137,1,False
12928,0.43676023244857787,1,True
59612,0.4367430078983307,1,True
43909,0.43672571182250974,1,False
12677,0.4366930305957794,1,False
71540,0.43667332410812376,1,True
71304,0.436672773361206,1,False
65963,0.4366664600372314,1,False
90397,0.4366429626941681,1,True
59935,0.43658524215221406,1,False
44298,0.43656254291534424,1,True
75929,0.43653792679309844,1,True
80942,0.43649986207485203,1,True
25844,0.43648714542388917,1,True
56325,0.43648502707481385,1,True
40847,0.43642818689346313,1,False
63993,0.4363967299461365,1,True
54908,0.4363936287164688,1,False
95934,0.4363936287164688,1,False
49255,0.4363832950592041,1,True
24985,0.4363519477844238,1,False
18896,0.4363518935441971,1,False
52867,0.43631214201450347,1,True
52660,0.43629820048809054,1,False
10772,0.43629233837127684,1,True
70955,0.43627088248729706,1,False
88971,0.4362434530258179,1,False
13637,0.43622184157371524,1,False
99958,0.43615345358848573,1,False
85964,0.4361481010913849,1,False
26789,0.4361151397228241,1,True
45658,0.4360885661840439,1,False
37399,0.4360747367143631,1,False
32410,0.4360734051465988,1,False
84748,0.4360158610343933,1,False
88462,0.43597870111465453,1,True
69676,0.43597158432006833,1,False
64881,0.43597018241882324,1,False
59904,0.4359444719552994,1,True
30934,0.43592908561229704,1,False
24838,0.4359191077947617,1,True
93784,0.43585074961185455,1,False
72628,0.43583642959594726,1,False
70670,0.435818053483963,1,True
1846,0.4358113253116608,1,False
22210,0.4357663720846176,1,True
42937,0.4356844300031662,1,False
54662,0.4356710308790207,1,False
81306,0.4355983328819275,1,True
72935,0.43557876408100127,1,True
75827,0.4355267459154129,1,False
79412,0.4355230861902237,1,True
21566,0.43551439642906187,1,True
30769,0.4354548585414887,1,True
12965,0.4354546236991882,1,False
64583,0.43542033433914185,1,False
57679,0.43539267539978027,1,False
16473,0.43538824796676634,1,False
42403,0.4352778732776642,1,False
88921,0.4352374392747879,1,True
73857,0.4352345824241638,1,False
15089,0.43522900164127354,1,True
93840,0.43521656215190885,1,False
1256,0.43516431570053105,1,True
72587,0.4350923633575439,1,False
94885,0.4350537610054016,1,False
22269,0.4350469261407852,1,True
58864,0.43504061341285705,1,True
68967,0.43503242611885073,1,True
34990,0.4349971348047257,1,False
2944,0.4349782621860504,1,False
11494,0.43497419714927676,1,False
910,0.43497247159481045,1,True
84986,0.4349641007184982,1,False
45897,0.4349324083328247,1,False
10913,0.4348825150728226,1,True
17933,0.43487936854362486,1,False
88984,0.43486291766166685,1,True
4983,0.43483713090419773,1,False
35833,0.43482021510601043,1,False
40950,0.4348123878240585,1,False
65928,0.4347886562347412,1,False
10777,0.4347756773233414,1,False
63681,0.4347491371631622,1,False
9833,0.43469257533550265,1,False
85801,0.4346779596805572,1,False
55908,0.4346175187826157,1,False
91842,0.4346047472953797,1,True
83441,0.4345944118499756,1,False
14958,0.4345761841535568,1,True
64764,0.43457572996616367,1,False
94994,0.4345634961128235,1,False
99319,0.4345504146814346,1,True
90966,0.43451154351234433,1,False
99977,0.4345101326704025,1,False
40360,0.43449551999568936,1,True
72517,0.4344565886259079,1,False
30717,0.43440769433975224,1,True
7316,0.4343868154287338,1,False
52705,0.4343503749370575,1,True
53713,0.434237984418869,1,True
40909,0.4342367571592331,1,False
30310,0.43422156691551206,1,True
54970,0.43421323657035826,1,False
50635,0.4342001140117645,1,True
53972,0.43418954193592074,1,False
94775,0.43409570574760437,1,True
41931,0.43407970905303955,1,False
74834,0.4340548628568649,1,False
44940,0.43403274953365323,1,False
41368,0.4340168333053589,1,True
41533,0.43400178194046024,1,True
12883,0.43398694396018983,1,False
91918,0.43396720886230467,1,False
63919,0.43396218717098234,1,False
49487,0.4339026093482971,1,True
2295,0.4338902473449707,1,False
20950,0.43388677716255186,1,True
84985,0.43384775042533874,1,False
92943,0.433808456659317,1,False
72988,0.4338045769929886,1,False
44788,0.4337725675106049,1,False
10941,0.43376479506492616,1,False
47712,0.4336546105146408,1,False
26614,0.43363758862018587,1,False
17657,0.43360808670520784,1,True
45863,0.43360476911067963,1,False
21120,0.4335800015926361,1,True
52269,0.43357520818710327,1,False
10980,0.4335742801427841,1,False
51837,0.4335580265522003,1,True
63443,0.43354529738426206,1,False
38916,0.43350586414337156,1,False
73983,0.4335030007362366,1,False
95948,0.4334719252586365,1,False
74637,0.43346774876117705,1,False
23947,0.4334115326404572,1,False
13927,0.4333572828769684,1,True
60776,0.4333251053094864,1,False
11948,0.4332932835817337,1,False
67809,0.4332540571689606,1,False
81493,0.43323641300201415,1,True
35657,0.43320690631866454,1,False
31922,0.4331967651844025,1,True
40641,0.43318270564079286,1,False
95957,0.4331767362356186,1,False
41456,0.4331579089164734,1,True
20362,0.43314565300941466,1,True
92782,0.43313929736614226,1,False
3363,0.4331242126226425,1,False
82461,0.43311526834964753,1,False
26060,0.433113831281662,1,True
60384,0.43306062519550326,1,True
12943,0.4330317467451096,1,True
97810,0.43301558077335356,1,False
20612,0.4330106496810913,1,True
47876,0.4328884768486023,1,False
65907,0.4328741979598999,1,False
2633,0.43287106454372404,1,False
37739,0.4328489023447037,1,False
83939,0.43283923983573913,1,False
65989,0.43283692121505735,1,False
23934,0.4328367853164673,1,False
11623,0.43283573985099794,1,False
27091,0.43282861590385435,1,False
71857,0.43282102525234223,1,True
81064,0.43280275583267214,1,True
887,0.4327414035797119,1,True
77270,0.4327408790588379,1,False
85985,0.43273839175701145,1,False
23359,0.43271200835704804,1,False
4881,0.4326776337623596,1,False
83329,0.4326588648557663,1,False
45435,0.4326503521203995,1,False
27937,0.43261928498744967,1,False
94501,0.4326063394546509,1,False
88482,0.43260216295719145,1,False
10658,0.43260122418403624,1,False
62450,0.43258792102336885,1,False
71709,0.43256862998008727,1,True
21653,0.4325564241409302,1,False
13681,0.4325265908241272,1,False
45954,0.4324599677324295,1,False
65760,0.432443425655365,1,False
68977,0.4324424558877945,1,False
49857,0.43241551518440247,1,True
27695,0.43240631937980656,1,True
15960,0.4323525404930115,1,True
82544,0.4323196321725845,1,False
98995,0.4322766381502151,1,False
25904,0.4322510015964508,1,False
17593,0.43223752737045285,1,True
96461,0.4321723836660385,1,False
67812,0.43215743243694305,1,False
25755,0.4320922726392746,1,True
25639,0.43208497047424316,1,False
94655,0.43203463435173034,1,False
14939,0.43202661216259003,1,False
76180,0.43202288925647736,1,True
52956,0.43199456989765167,1,True
31299,0.43195870518684387,1,True
45712,0.43193477392196655,1,False
23972,0.43191421687603,1,False
73961,0.43187510073184965,1,False
89950,0.4318733435869217,1,False
1822,0.43187020778656005,1,True
63693,0.4318546634912491,1,False
22748,0.4318471109867096,1,False
73956,0.43184446096420287,1,False
12456,0.43181700825691227,1,False
64780,0.43175576329231263,1,False
50962,0.4317336046695709,1,False
82984,0.43166240930557254,1,True
24936,0.43163448631763457,1,False
3456,0.4316331845521927,1,False
34978,0.43162816524505615,1,False
19580,0.4315662252902984,1,False
57896,0.43153738260269164,1,False
93437,0.4315183186531067,1,False
33765,0.4314490532875061,1,False
85989,0.43144769608974454,1,False
65978,0.4313970613479614,1,False
20572,0.4313899827003479,1,True
57836,0.4313873207569122,1,False
45831,0.43137319743633273,1,False
22771,0.43137165069580075,1,False
69878,0.4313463652133942,1,False
11802,0.4312642937898636,1,False
97962,0.43123254537582395,1,False
74961,0.4312255859375,1,False
95924,0.43122262477874757,1,False
89784,0.4312102282047272,1,False
54980,0.4311821347475052,1,False
82886,0.4311758315563202,1,False
60577,0.43115998625755314,1,True
3736,0.43115307092666627,1,False
204,0.4310807979106903,1,True
34979,0.43107706487178804,1,False
95916,0.43107191085815433,1,False
89919,0.43098028004169464,1,True
56199,0.4309624129533768,1,True
74913,0.43093537449836733,1,False
5858,0.43092603027820586,1,False
80736,0.43084024131298065,1,False
35845,0.43083922982215883,1,False
2732,0.4308237516880036,1,False
52806,0.4308167541027069,1,True
49719,0.43081407725811005,1,False
96763,0.4307847911119461,1,False
47317,0.430752569437027,1,False
74993,0.43074797809123994,1,False
62370,0.4307109028100967,1,False
24659,0.43070728719234463,1,False
30453,0.43067738473415373,1,False
23968,0.4306597548723221,1,False
45414,0.4306318062543869,1,False
3603,0.430617573261261,1,False
66859,0.43056700766086575,1,True
95577,0.4305650418996811,1,False
66574,0.4304216742515564,1,False
55895,0.4304209905862808,1,False
51099,0.43028487443923946,1,False
98849,0.43028277516365054,1,False
24981,0.4302516919374466,1,False
26749,0.430246416926384,1,False
19944,0.4302418452501297,1,True
40366,0.4301902550458908,1,True
62781,0.43018008649349215,1,True
82924,0.4300114822387695,1,False
10402,0.4300044369697571,1,True
28763,0.4299956315755844,1,False
44532,0.4299833434820175,1,False
70802,0.4299769997596741,1,False
72898,0.42995402038097386,1,False
328,0.429948103427887,1,True
62827,0.4299041491746902,1,True
51680,0.4298981994390488,1,True
92847,0.42986755907535557,1,True
10266,0.4298618185520172,1,False
60818,0.42984577000141144,1,True
15494,0.4298031848669052,1,False
61606,0.42978349149227146,1,True
29758,0.4297507381439209,1,True
31813,0.4296985328197479,1,True
94950,0.429685662984848,1,False
35734,0.4296731901168823,1,False
21297,0.4296708405017853,1,False
45800,0.4296420603990555,1,False
72480,0.42964013636112214,1,False
31204,0.42962384343147275,1,True
44884,0.4295883190631866,1,False
1349,0.4295863538980484,1,False
74933,0.4295477992296219,1,False
3914,0.4295258730649948,1,False
81923,0.42951201915740966,1,False
28992,0.42950767278671265,1,True
54974,0.4295052444934845,1,False
22514,0.42949903607368467,1,False
14981,0.4294576823711395,1,False
76670,0.4293614250421524,1,False
31083,0.4292991870641708,1,True
80522,0.42929332494735717,1,False
95964,0.42927620172500613,1,False
95923,0.42923951387405396,1,False
55990,0.42909481525421145,1,False
2475,0.4290853041410446,1,False
61507,0.4290206748247147,1,True
5987,0.42898626506328585,1,False
589,0.4289685499668121,1,False
54542,0.4289677321910858,1,True
92741,0.4289540159702301,1,False
17708,0.428946225643158,1,True
20843,0.42894330799579616,1,True
37516,0.42884616017341615,1,True
72596,0.42884505867958067,1,True
42905,0.42884224057197573,1,True
70807,0.42884075522422793,1,True
72817,0.42883168160915375,1,False
41684,0.4287961149215698,1,True
21951,0.428792935013771,1,True
97443,0.4287500619888306,1,True
52591,0.42869815170764924,1,False
83547,0.4286626797914505,1,False
92453,0.4286162787675858,1,False
11807,0.42861396372318267,1,False
60970,0.4286128056049347,1,False
91132,0.4286075055599213,1,True
46661,0.4285626727342606,1,False
44896,0.4285552036762238,1,False
72861,0.428554989695549,1,False
10727,0.4285466194152832,1,False
83856,0.4284797763824463,1,True
41817,0.42847173392772675,1,False
880,0.42839882016181946,1,False
44972,0.42838781118392943,1,False
10145,0.4283812040090561,1,True
33137,0.42836948156356813,1,False
57710,0.4283587032556534,1,False
578,0.42834122657775875,1,True
95967,0.42830615639686587,1,False
67706,0.42828425467014314,1,False
80856,0.4282412612438202,1,False
52980,0.42815108358860016,1,True
10832,0.4280615341663361,1,False
864,0.42805432379245756,1,False
55854,0.4280267459154129,1,False
70830,0.428022044301033,1,False
60409,0.4280111938714981,1,False
3473,0.4280005240440369,1,False
69543,0.4279828053712845,1,True
31876,0.42793111741542816,1,False
91633,0.42791302680969234,1,False
51955,0.4279102200269699,1,False
32236,0.42787984549999236,1,True
2976,0.42783975005149844,1,False
5808,0.4278178611397743,1,False
75976,0.42779224693775175,1,False
69963,0.427770180106163,1,True
10924,0.4277634090185165,1,True
70966,0.4276948893070221,1,False
13968,0.4276893585920334,1,True
26827,0.4275874364376068,1,False
33490,0.42754796624183655,1,False
6829,0.4274590128660202,1,False
24835,0.4274154710769653,1,False
61845,0.4273913198709488,1,True
93687,0.4273703968524933,1,False
82704,0.427368169426918,1,False
72602,0.42735826373100283,1,False
86860,0.4273349064588547,1,False
72416,0.42732727169990536,1,False
24739,0.42730586290359496,1,False
72978,0.427267889380455,1,True
41964,0.4272661769390106,1,False
95338,0.42724204540252686,1,False
46729,0.42720753729343414,1,False
45610,0.4271869641542435,1,False
14426,0.42715210556983946,1,True
1919,0.42712218761444093,1,False
75848,0.42711751878261567,1,False
94479,0.4270884168148041,1,False
90868,0.4270841836929321,1,False
21604,0.42702100932598114,1,True
41973,0.42701200962066654,1,False
14817,0.42694627940654756,1,False
32917,0.4269383078813553,1,False
51916,0.42692417263984683,1,False
43441,0.42692315340042114,1,False
44744,0.4269044077396393,1,False
19883,0.4269022625684738,1,True
40729,0.42686407446861263,1,False
42929,0.42686406552791595,1,False
88974,0.42685524821281434,1,False
80332,0.42678237795829777,1,True
62272,0.4267506182193756,1,False
17105,0.4267446613311767,1,True
62736,0.42673885703086856,1,False
22840,0.4267098045349121,1,False
35964,0.42667132198810576,1,False
21994,0.4266701203584671,1,True
2669,0.42665990233421325,1,False
60341,0.42665486097335814,1,True
55894,0.4266381406784058,1,True
80735,0.4266030669212341,1,False
64670,0.42660039603710176,1,False
930,0.4265734684467316,1,False
26859,0.426548427939415,1,True
712,0.42654519498348237,1,True
48916,0.42652012646198273,1,False
5959,0.42650671124458317,1,False
93850,0.42647758722305296,1,False
62750,0.4264156007766724,1,False
13690,0.4264018994569778,1,False
37999,0.42639609038829807,1,False
31235,0.4263354527950287,1,True
23422,0.4262912112474442,1,False
41252,0.4262839698791504,1,True
83869,0.4262829011678696,1,False
3791,0.42627728104591367,1,False
88539,0.4262397241592407,1,True
42719,0.4262252748012543,1,False
90412,0.42622420728206634,1,False
17851,0.4261693871021271,1,False
51250,0.4261666053533554,1,False
77339,0.4261390149593353,1,False
75899,0.4260722118616104,1,False
93955,0.4260646432638168,1,False
79995,0.42600769340991973,1,True
92643,0.42599941372871397,1,False
55870,0.42595045566558837,1,False
92912,0.4258456200361252,1,False
32851,0.4258153784275055,1,False
9989,0.425807244181633,1,True
11952,0.4257672941684723,1,True
62859,0.42571184754371644,1,False
82623,0.4256989616155624,1,False
29856,0.42567554295063015,1,False
11259,0.42566654920578006,1,True
24725,0.4256584417819977,1,False
7520,0.4256560891866684,1,True
82307,0.4256452715396881,1,False
84504,0.4255998706817627,1,False
42733,0.4255856609344483,1,False
61543,0.42555534958839414,1,False
98816,0.4255104809999466,1,False
43983,0.4255078464746475,1,False
83467,0.4255063498020172,1,False
79899,0.4254949843883514,1,False
46883,0.4254932481050491,1,False
78994,0.42548840105533603,1,True
5974,0.4254877400398255,1,False
24888,0.42547988951206206,1,False
31885,0.42545580029487606,1,False
93646,0.4253774234652519,1,False
43969,0.42533748209476474,1,False
5255,0.4252828943729401,1,True
41399,0.4251389521360397,1,True
85758,0.4250293570756912,1,False
91212,0.42496058702468875,1,True
27183,0.4249400627613068,1,True
45875,0.4249324083328247,1,False
1301,0.4249220645427704,1,True
2854,0.4249193006753922,1,False
49986,0.4248282015323639,1,True
29529,0.42477394044399264,1,True
24812,0.4247702223062515,1,False
22626,0.42476967215538025,1,False
91820,0.42474672377109524,1,False
7572,0.4246991276741028,1,False
42172,0.42466139495372773,1,True
16227,0.42458771884441376,1,True
86629,0.4245834839344025,1,False
68142,0.42451765179634093,1,True
5972,0.42451526820659635,1,False
70859,0.42449886858463287,1,False
13793,0.42447425425052643,1,False
39881,0.4244553560018539,1,True
96711,0.4244313299655914,1,True
6440,0.4243868160247803,1,True
45751,0.42438006699085234,1,False
56814,0.42437323212623596,1,False
43972,0.4243672490119934,1,False
14979,0.42436242997646334,1,False
5926,0.42434712290763854,1,False
74749,0.424343843460083,1,False
67867,0.42431561172008514,1,True
58725,0.42430973827838897,1,False
68587,0.42427998483181,1,False
67704,0.4242763715982437,1,False
65826,0.42426339209079744,1,False
95928,0.42425155758857724,1,False
11817,0.4242465078830719,1,True
10799,0.42421316862106323,1,True
79991,0.4242082321643829,1,True
73912,0.4241843032836914,1,True
23724,0.42418332636356354,1,False
26906,0.4241120773553848,1,False
96824,0.4240931659936905,1,False
54880,0.4240503150224686,1,False
21643,0.42403364181518555,1,False
1867,0.42399150311946865,1,False
46644,0.42398140907287596,1,False
69848,0.423978334069252,1,False
24855,0.4239757668972015,1,False
46590,0.42394011378288265,1,False
45906,0.4239093518257141,1,False
32752,0.42382980287075045,1,False
29989,0.42382759213447574,1,False
22954,0.42382044732570645,1,False
62967,0.4238024431467056,1,False
3409,0.42379893839359284,1,False
21533,0.4237534761428833,1,False
84663,0.42371189177036284,1,False
41596,0.42370312452316283,1,True
61855,0.42368964970111844,1,False
3972,0.42365581154823306,1,False
33964,0.423642640709877,1,True
47457,0.4236353451013565,1,True
95767,0.423592426776886,1,False
15939,0.4235731840133667,1,False
64969,0.42354740500450133,1,False
1819,0.42354189455509184,1,False
75260,0.42339504897594454,1,True
48914,0.4233910119533539,1,True
10855,0.42334983348846433,1,False
5962,0.42334073066711425,1,False
1485,0.4233282136917114,1,True
6540,0.4233062702417374,1,False
31924,0.42328310906887057,1,True
45773,0.4232829296588898,1,False
11211,0.42326508641242977,1,True
32567,0.4232368642091751,1,False
62753,0.42321381747722625,1,True
13706,0.4232033520936966,1,False
87045,0.42320012986660005,1,True
83508,0.42319790840148924,1,True
92319,0.42319115817546843,1,False
39592,0.4231644344329834,1,True
4973,0.4231638848781586,1,False
20825,0.42315901517868043,1,True
610,0.4231453591585159,1,True
76612,0.42310175895690916,1,True
5594,0.42308807611465454,1,False
19932,0.42302546501159666,1,False
81647,0.4229779756069183,1,False
11842,0.4229767554998398,1,False
18529,0.4229691433906555,1,True
52831,0.42294378340244293,1,False
56954,0.422943714261055,1,True
8990,0.42287279546260836,1,True
83589,0.4228533321619034,1,False
47751,0.42285261273384095,1,True
96936,0.4228031885623932,1,False
37702,0.422796710729599,1,True
55888,0.42279280066490177,1,False
13648,0.42277590990066527,1,False
7396,0.4227615135908127,1,False
13160,0.4227259820699692,1,False
85877,0.42270189106464384,1,False
33978,0.42254441022872924,1,False
86727,0.4225122803449631,1,False
52263,0.4224934846162796,1,False
3342,0.4224911344051361,1,False
80937,0.4224580407142639,1,False
95912,0.42244342565536497,1,False
19960,0.42241243422031405,1,False
38458,0.42240150570869445,1,True
23814,0.4224002605676651,1,False
36748,0.42237546980381013,1,False
44898,0.422367587685585,1,False
22894,0.4223634159564972,1,False
39931,0.4223540759086609,1,False
4738,0.42232715129852294,1,True
92689,0.4223189777135849,1,False
25803,0.4223031848669052,1,False
3560,0.42225889444351195,1,False
53287,0.42217273950576784,1,False
66883,0.42214601337909696,1,True
34943,0.42207254767417907,1,False
4784,0.4220692777633667,1,True
72901,0.42203857839107517,1,False
78022,0.42202565193176267,1,True
92920,0.4219852221012116,1,False
39436,0.42197370886802676,1,True
93313,0.42197344183921814,1,False
42520,0.4219425082206726,1,False
2969,0.42193421065807346,1,False
8989,0.4219242334365845,1,False
55531,0.42191744506359097,1,False
18960,0.42191156685352327,1,False
5980,0.4218504935503006,1,False
74978,0.42183270215988156,1,False
85858,0.4217924928665161,1,False
24946,0.421791689991951,1,False
83506,0.4216641646623611,1,False
70873,0.421656289100647,1,False
11786,0.4216381394863129,1,True
64970,0.42162467718124386,1,False
45980,0.42162467718124386,1,False
76548,0.4216051763296127,1,True
50665,0.4216043043136597,1,True
6702,0.4215233051776886,1,False
97027,0.4214899319410324,1,True
88593,0.42146477758884426,1,False
97347,0.42145642518997195,1,True
855,0.42143297612667086,1,True
89813,0.42142926037311557,1,False
27806,0.42139421820640566,1,False
97250,0.4213870733976364,1,True
55765,0.4213686516880989,1,True
99935,0.42132776737213135,1,False
94644,0.42130042612552643,1,False
70866,0.4212665033340454,1,False
70667,0.42124832212924956,1,False
13857,0.4212384414672852,1,True
97836,0.42122088193893437,1,False
72713,0.42119587898254396,1,False
42720,0.42116045534610747,1,False
64383,0.4210832720994949,1,False
42761,0.42102998137474057,1,False
12966,0.42099560737609865,1,False
54923,0.4209226942062378,1,False
84848,0.4209023803472519,1,True
73836,0.4209021335840225,1,False
2608,0.4208836871385574,1,False
71063,0.4208550274372101,1,True
61996,0.4208479237556457,1,False
43675,0.4208416205644607,1,True
93973,0.42081882297992707,1,True
70571,0.4207392305135727,1,True
70960,0.4207327681779861,1,False
24986,0.42069585978984836,1,False
44920,0.4206814593076706,1,False
73976,0.420680844783783,1,False
13892,0.4206674486398697,1,False
22067,0.42066651403903965,1,False
62989,0.4206481033563614,1,False
94710,0.4206318062543869,1,False
9930,0.420624440908432,1,False
4325,0.4205999088287353,1,True
83733,0.42056800484657286,1,False
95448,0.4205514192581177,1,True
58847,0.42054726541042325,1,True
75911,0.4205131316184998,1,False
64870,0.42050404608249664,1,False
61257,0.4204995888471603,1,True
81928,0.4204542255401611,1,True
25425,0.4203810775279999,1,False
15691,0.42037816882133483,1,False
52970,0.4203720670938492,1,False
83808,0.42034661054611205,1,False
53719,0.42028876453638075,1,False
43950,0.420285382270813,1,True
6466,0.4202379661798477,1,False
76278,0.4202032595872879,1,True
21848,0.420148195028305,1,True
63581,0.42013758182525635,1,False
42873,0.4200521475076675,1,True
10656,0.4200405496358871,1,False
23705,0.42002863585948946,1,False
83886,0.41999912858009336,1,True
95416,0.41999232947826387,1,True
42850,0.419910598397255,1,False
80412,0.4198851788043976,1,True
3992,0.41988155901432034,1,False
31796,0.4198795264959335,1,False
65631,0.41981121003627775,1,False
34668,0.4197968918085098,1,False
51714,0.4197927516698837,1,False
77976,0.4197237414121628,1,False
13939,0.41968804121017456,1,False
66781,0.41967221260070803,1,False
95977,0.41959381580352784,1,False
65253,0.4195870566368103,1,False
2574,0.4195752841234207,1,False
30497,0.4195720934867859,1,True
25818,0.41954227149486545,1,True
98581,0.41950958013534545,1,True
8994,0.41950156807899475,1,False
73168,0.4194986182451248,1,False
39942,0.41945033133029935,1,False
41858,0.4194359439611435,1,False
36805,0.41943539202213287,1,False
89500,0.4194045686721802,1,True
88996,0.4194005626440048,1,False
57222,0.4193896812200546,1,True
97720,0.419310422539711,1,False
11861,0.4191877770423889,1,False
63974,0.41918269753456117,1,True
93849,0.4191723668575287,1,False
60428,0.4191558194160462,1,True
75898,0.41912679851055146,1,False
745,0.4190930140018463,1,True
74930,0.4190244066715241,1,False
42871,0.4190198075771332,1,False
43422,0.4190096879005432,1,True
82877,0.4189871764183044,1,False
63602,0.4189846551418304,1,False
53974,0.4189200782775879,1,False
63494,0.4189113819599152,1,False
21416,0.4189017462730408,1,True
5890,0.4188597846031189,1,False
44957,0.4187318742275238,1,False
39986,0.41873030304908754,1,False
53596,0.41871097445487976,1,False
72733,0.41867473304271696,1,False
20583,0.4186646926403046,1,False
29606,0.4186621934175491,1,True
68576,0.41863777220249176,1,False
67292,0.41860138297080995,1,True
497,0.4185960078239441,1,True
29760,0.41856710374355316,1,False
26380,0.41855916738510135,1,False
2457,0.4185005873441696,1,False
45555,0.41847494542598723,1,False
83981,0.4184711107611656,1,False
40864,0.41847053349018093,1,True
38985,0.4184603333473206,1,True
95960,0.41845762372016904,1,False
5930,0.41844335854053494,1,False
36253,0.4184405851364136,1,True
14815,0.4184403443336487,1,False
97727,0.41843888819217684,1,False
25960,0.41837995529174804,1,False
19741,0.4183473336696625,1,False
10133,0.41833929300308226,1,True
34880,0.41833289206027985,1,False
21943,0.4182912003993988,1,False
15681,0.4182640665769577,1,False
32972,0.4182442188262939,1,False
22587,0.4182426226139069,1,False
30821,0.4182246685028076,1,False
55709,0.41821237981319426,1,False
98772,0.4181388884782791,1,True
2938,0.4180966871976852,1,True
73717,0.41809400498867033,1,False
81753,0.4180699509382248,1,False
11597,0.4180588507652283,1,False
74859,0.4180434489250183,1,False
80785,0.41804001450538636,1,False
74965,0.4180031752586365,1,False
20616,0.4179812335968017,1,True
24800,0.4179725682735443,1,True
74737,0.4179658913612366,1,False
3895,0.41795626521110535,1,False
69537,0.4179530593752861,1,True
21823,0.41791923880577087,1,False
20831,0.41791518390178684,1,True
57419,0.4178810042142868,1,True
32739,0.41783069729804995,1,False
2926,0.41779524445533756,1,False
74977,0.4177495634555817,1,True
49714,0.4177471303939819,1,False
15790,0.4177379161119461,1,False
74715,0.4177379161119461,1,False
23959,0.41773396074771885,1,False
82970,0.4177311205863953,1,False
67604,0.41771905720233915,1,False
51979,0.417691125869751,1,True
85705,0.4176821601390839,1,False
11155,0.41767100334167484,1,True
39632,0.41763188362121584,1,True
45408,0.4176054173707962,1,True
81322,0.4176042199134827,1,True
70918,0.41760115981101986,1,False
81755,0.4175878155231476,1,False
34975,0.4175623559951782,1,False
31943,0.41753142893314366,1,False
18909,0.417515242099762,1,False
18731,0.4174645334482193,1,False
90932,0.4174581730365753,1,False
71656,0.41741547524929046,1,False
91879,0.41740651726722716,1,False
13859,0.4173757922649384,1,False
5383,0.4173692893981934,1,False
45877,0.4173658698797226,1,False
83977,0.41736085116863253,1,False
25705,0.4173338532447815,1,False
73747,0.41733020842075347,1,False
33661,0.4173112469911575,1,False
68833,0.41729578375816345,1,True
21799,0.417267352938652,1,True
7038,0.41715961158275605,1,True
88988,0.41713294088840486,1,True
68985,0.41711434364318845,1,False
95438,0.4170884168148041,1,False
90844,0.4170010966062546,1,False
35910,0.4169840002059937,1,True
94949,0.416981565952301,1,False
60314,0.41692021012306213,1,True
11731,0.41686739325523375,1,True
91149,0.41685201168060304,1,True
7894,0.416849268078804,1,False
15937,0.4168245720863342,1,False
93841,0.4168169128894806,1,False
42984,0.41681470572948454,1,False
13877,0.41677044153213505,1,False
12919,0.4167662048339844,1,True
18989,0.41661583542823794,1,True
72839,0.41659393727779387,1,True
33569,0.41658078134059906,1,False
24832,0.41655486285686494,1,False
25929,0.416524406671524,1,False
30130,0.4165165460109711,1,True
24966,0.4164979493618012,1,False
10816,0.4164900779724121,1,False
95851,0.41647576689720156,1,False
12425,0.4164616411924362,1,False
75845,0.4164296692609787,1,False
90763,0.41641196310520173,1,False
48904,0.4163969910144806,1,False
9986,0.41639256715774536,1,True
90776,0.416387631893158,1,True
73225,0.4163545662164688,1,False
18995,0.4162636822462082,1,False
859,0.4162314999103546,1,False
74504,0.4161933246254921,1,False
8892,0.41613380551338197,1,False
878,0.4161192673444748,1,False
91747,0.4161134493350983,1,False
22418,0.41610692620277406,1,False
98853,0.41607210397720334,1,True
88960,0.4160205310583115,1,True
50940,0.4159983444213867,1,False
81291,0.4159823668003082,1,True
29594,0.4159224909543991,1,True
97430,0.41591435551643374,1,False
90738,0.4158993136882782,1,False
36437,0.41585503816604613,1,True
9584,0.41584972977638246,1,True
64680,0.41584506511688235,1,False
81466,0.4158191895484924,1,True
90977,0.41581879675388334,1,False
654,0.4158156222105026,1,False
89991,0.41580138564109803,1,True
64771,0.41573627531528473,1,False
1889,0.4157082808017731,1,False
84960,0.41566388487815853,1,False
32413,0.415662767291069,1,True
92615,0.4156262892484665,1,False
72675,0.4156184458732605,1,False
64706,0.4156101661920547,1,False
46735,0.41555640995502474,1,False
85956,0.4155032444000244,1,False
12971,0.41549291789531706,1,True
73901,0.4153977167606354,1,False
12429,0.4153656768798828,1,False
42656,0.41535360455513,1,False
63751,0.41533407151699064,1,True
33841,0.415314393043518,1,False
52419,0.415289911031723,1,False
6701,0.4152767819166183,1,True
13849,0.41525203645229336,1,False
82265,0.4152378153800964,1,True
23785,0.41523087620735166,1,False
47900,0.41522960901260375,1,False
56393,0.41521335303783413,1,False
47449,0.41520395755767825,1,False
94875,0.41519621551036834,1,False
15749,0.4151811748743057,1,False
66712,0.4151582753658295,1,True
74971,0.41514626145362854,1,False
26716,0.4151337492465973,1,False
81195,0.4150709271430969,1,True
21422,0.4150706523656845,1,False
32485,0.41504546999931335,1,False
72666,0.41504042029380794,1,False
23699,0.41503696143627167,1,True
19929,0.41498095452785494,1,True
60779,0.414976692199707,1,False
83922,0.41493970930576324,1,True
22625,0.4149323344230652,1,False
20738,0.41490184545516967,1,False
71935,0.4149004590511322,1,False
61711,0.4148841387033463,1,True
16682,0.4148540997505188,1,False
2581,0.41484801888465883,1,False
20687,0.4148475009202957,1,False
12975,0.4148462694883347,1,False
70940,0.4148279821872711,1,True
37079,0.4148198342323303,1,False
33963,0.4147437220811844,1,False
61370,0.4147258734703064,1,True
34783,0.4146997803449631,1,False
18833,0.414698696732521,1,True
61806,0.41468541204929354,1,True
44943,0.4146460902690887,1,False
20514,0.41460228323936466,1,True
16345,0.41457304775714876,1,True
99983,0.41456804633140565,1,True
93921,0.41456563472747804,1,False
93837,0.41456430435180663,1,False
33470,0.4145354896783829,1,False
72264,0.41452445805072785,1,False
98953,0.41450930893421173,1,False
1831,0.4145074564218521,1,True
23666,0.4144767451286316,1,False
30451,0.4144570279121399,1,True
30700,0.414440535902977,1,True
5964,0.414429612159729,1,False
88937,0.4144132071733475,1,True
91863,0.4143983393907547,1,True
40392,0.41435021698474883,1,True
85951,0.4143433433771133,1,False
45247,0.41430896699428554,1,False
54944,0.41429730713367463,1,False
90180,0.4142692375183106,1,True
42875,0.4142446434497833,1,True
5828,0.4142139887809754,1,False
11858,0.4142049700021744,1,True
66642,0.41419926404953,1,False
83803,0.41418265759944917,1,False
86559,0.41416439950466155,1,False
12076,0.41412801802158355,1,False
31878,0.41412620127201083,1,True
80448,0.41402191638946534,1,True
21342,0.4140130293369293,1,False
24825,0.41393022835254667,1,False
21715,0.4139270555973053,1,True
73954,0.4139210659265518,1,False
47705,0.4139207148551941,1,False
51422,0.4139096623659134,1,True
11918,0.4138680905103683,1,False
11530,0.4138273251056671,1,True
55861,0.4138246649503708,1,False
11690,0.41380682349205017,1,False
20537,0.4138051223754883,1,True
533,0.41379417181015016,1,False
28172,0.41377388179302216,1,True
44971,0.41376102447509766,1,False
32944,0.41371037185192105,1,True
48746,0.413699591755867,1,False
44889,0.4136957573890686,1,False
40359,0.4136336433887482,1,True
32991,0.41358912646770474,1,True
42803,0.4135543471574783,1,True
24648,0.41353738486766817,1,False
73958,0.41352692127227786,1,False
64397,0.4135043329000473,1,False
89693,0.4134911531209946,1,False
32751,0.4134380042552948,1,False
33959,0.41336575150489807,1,False
43860,0.4133640486001968,1,True
27927,0.4132649439573288,1,False
62776,0.41324594795703884,1,False
96746,0.4132391458749771,1,False
92417,0.41323464989662173,1,False
24732,0.4131836032867432,1,False
63405,0.4131717473268509,1,False
99916,0.41312961399555204,1,False
53408,0.41311377584934234,1,True
45909,0.4131087535619736,1,False
31834,0.4130967456102371,1,False
2791,0.4130914831161499,1,False
1579,0.41308255076408384,1,True
70382,0.4130824089050293,1,False
36221,0.41305403649806977,1,True
90404,0.41300499320030215,1,False
95744,0.4129949063062668,1,False
77972,0.41298607826232914,1,False
19675,0.41297883808612823,1,False
73779,0.41295039415359497,1,False
24773,0.41291640758514403,1,False
74975,0.4128844791650772,1,False
16548,0.41287553131580357,1,False
75980,0.412861835360527,1,False
79846,0.4128501093387604,1,True
45952,0.412822522521019,1,False
6310,0.41279551982879636,1,False
90613,0.41277291655540466,1,False
31880,0.4127691715955734,1,False
53792,0.4127350801229477,1,False
13667,0.4127163827419281,1,False
25914,0.41270628392696385,1,False
11628,0.4127005106210708,1,False
6159,0.4126940965652466,1,False
64916,0.41264201819896695,1,False
5905,0.41263218760490417,1,False
91413,0.4126078969240189,1,False
61834,0.41259800553321835,1,True
12994,0.4125942915678024,1,False
50833,0.4125893872976303,1,True
11368,0.41247319102287294,1,True
92960,0.4124328935146332,1,False
83224,0.41237325608730313,1,False
31806,0.41234482228755953,1,True
34982,0.41232277154922486,1,False
70498,0.41226346492767335,1,False
10688,0.4122423195838928,1,True
7934,0.4122052001953125,1,False
85957,0.4121813583374023,1,False
52606,0.41217986404895784,1,False
37639,0.4121752107143402,1,False
47390,0.412166388630867,1,False
5846,0.4121603280305862,1,False
73540,0.41215873122215274,1,True
34915,0.4121376872062683,1,False
9964,0.4121163499355316,1,False
52823,0.4120965200662613,1,False
5855,0.41209423780441284,1,False
5883,0.41207642704248426,1,True
13701,0.41206917107105256,1,False
27548,0.4120660561323166,1,False
94509,0.41202403098344803,1,True
97538,0.41201269507408145,1,False
11755,0.4119959634542465,1,True
43266,0.4119638657569885,1,True
75768,0.411947358250618,1,False
93957,0.4119470238685608,1,False
37707,0.4119371974468231,1,False
32609,0.411929441690445,1,False
75950,0.4119281733036041,1,False
31986,0.4119017165899277,1,False
94745,0.4118790674209595,1,False
25946,0.41186036467552184,1,False
40856,0.41182455360889436,1,False
55978,0.41181282520294193,1,False
32764,0.41180895090103153,1,False
62535,0.411808670759201,1,False
61515,0.4117979991436005,1,True
53490,0.4117927169799805,1,False
73902,0.41177717566490174,1,True
5891,0.41176312983036045,1,False
61465,0.41173850059509276,1,False
10806,0.41172110140323637,1,True
84947,0.4116876214742661,1,False
80719,0.4116827803850174,1,False
20603,0.41166263341903686,1,True
12524,0.4116430693864822,1,False
1478,0.41158829808235164,1,False
45809,0.411504955291748,1,True
5915,0.4114863246679306,1,False
88548,0.41146927177906034,1,True
15903,0.41144569635391237,1,False
30346,0.4114160692691803,1,True
85865,0.4114124286174774,1,False
73962,0.41141079246997836,1,True
69171,0.41139700055122375,1,True
95946,0.41138635456562045,1,False
23601,0.41137344956398014,1,False
3934,0.4113551294803619,1,False
98925,0.41133931517601013,1,False
82701,0.41133049249649045,1,False
24868,0.41131589472293856,1,False
3655,0.4112911033630371,1,False
21287,0.4111539959907532,1,True
80533,0.4111102116107941,1,False
82325,0.4110712245106697,1,False
42773,0.41106519162654875,1,False
18850,0.4110519874095917,1,False
50895,0.4110384124517441,1,True
8897,0.41103159010410306,1,False
22966,0.41098425030708313,1,False
91591,0.4109759438037872,1,False
55891,0.41085720121860503,1,False
45678,0.41085542261600494,1,False
44714,0.41081558525562284,1,True
76877,0.4108032697439194,1,True
36471,0.41073413252830504,1,False
18984,0.4107317042350769,1,True
44488,0.410688619017601,1,False
28510,0.4106783056259155,1,True
40016,0.41061432659626007,1,True
88990,0.4105837291479111,1,True
75841,0.4105679553747177,1,False
27885,0.4105048716068268,1,False
62607,0.4104739612340927,1,True
2887,0.4104382175207138,1,False
60388,0.41043592333793644,1,True
35830,0.410412061214447,1,False
44699,0.41040230333805083,1,False
56981,0.4103936058282852,1,False
33436,0.4103685510158539,1,False
84938,0.41036325693130493,1,False
95866,0.4103532761335373,1,False
75906,0.4103071814775467,1,False
78908,0.4103035360574722,1,False
75928,0.41029675424098966,1,False
73915,0.4102721500396729,1,False
14849,0.41024908125400544,1,False
72665,0.4102063745260239,1,False
42903,0.4101959633827209,1,False
26678,0.41001517295837403,1,True
44990,0.4099817568063736,1,False
40794,0.40994294106960294,1,True
39951,0.4099311876296997,1,False
65264,0.409910683631897,1,False
96254,0.40987069487571715,1,True
74804,0.4098681539297104,1,False
27083,0.4098629438877106,1,True
57706,0.40985827147960663,1,True
80806,0.4098370778560638,1,True
98936,0.409770120382309,1,False
71887,0.40976648390293124,1,False
28832,0.409717435836792,1,True
91788,0.4096844190359116,1,True
35871,0.4096734714508057,1,False
79863,0.40965902924537656,1,False
10793,0.40963887751102446,1,True
12968,0.40960334837436674,1,True
91869,0.409556497335434,1,True
84812,0.40952960431575774,1,False
5173,0.4095212835073471,1,False
10638,0.4095146894454956,1,True
80871,0.40949870347976686,1,True
22979,0.4093938148021698,1,False
70493,0.40937170267105105,1,False
68944,0.4093448919057846,1,False
4884,0.4093147075176239,1,False
98828,0.40930545270442964,1,False
49634,0.4092922550439835,1,False
23746,0.40928334891796114,1,False
98819,0.409275169968605,1,False
39856,0.409269480407238,1,True
30973,0.4091727745532989,1,True
4856,0.40914506614208224,1,True
76688,0.4091220474243164,1,False
77653,0.4091023200750351,1,False
81688,0.40905986845493314,1,False
93754,0.40899993538856505,1,False
3568,0.4089887231588364,1,False
62458,0.4089594531059265,1,False
10964,0.4089040637016296,1,True
813,0.4088829702138901,1,False
61079,0.40887975573539737,1,True
61655,0.4088793444633484,1,True
75712,0.40884836614131925,1,False
43354,0.408777996301651,1,False
50942,0.40875786542892456,1,True
5937,0.40873740673065184,1,False
29929,0.40872267961502073,1,True
53933,0.40864128470420835,1,False
81659,0.40863306283950807,1,False
79872,0.40861645698547366,1,True
21896,0.40860075294971465,1,False
64792,0.40857436835765837,1,False
63307,0.40857270181179045,1,False
61431,0.40854648768901825,1,True
82823,0.40852527439594266,1,False
69982,0.4084886485338211,1,True
39822,0.4084690934419632,1,False
34919,0.4084325706958771,1,False
32885,0.4084324967861176,1,False
92257,0.4084044671058655,1,False
69639,0.40840417742729185,1,True
11753,0.40838398814201354,1,True
70405,0.40837474822998043,1,True
95911,0.40836028337478636,1,True
94587,0.40834506511688234,1,False
69838,0.40829352259635926,1,True
34885,0.40828532218933106,1,False
98905,0.40826767444610595,1,True
38805,0.4082672941684723,1,False
847,0.40825577259063717,1,True
52593,0.40820756316185,1,False
21224,0.4081740254163742,1,True
23462,0.40815426886081696,1,False
31614,0.40814823865890504,1,False
11820,0.4080570751428604,1,True
20664,0.40803850710392,1,False
38708,0.4080299839377403,1,True
23935,0.4080169588327408,1,True
5862,0.4080143827199936,1,False
53804,0.40793708264827727,1,False
51442,0.40793340086936947,1,True
14595,0.4079109698534012,1,False
2985,0.40787342488765715,1,False
9966,0.40787245690822604,1,True
93611,0.407740024626255,1,False
88696,0.4077219501137733,1,True
72926,0.4076949429512024,1,False
44863,0.40769273817539214,1,False
21702,0.4076529854536056,1,True
46903,0.407638988494873,1,False
95888,0.40763218760490416,1,False
52910,0.40755146384239194,1,False
8814,0.4074994060397148,1,True
41823,0.40748794019222256,1,False
58867,0.40748301506042484,1,False
9608,0.40744554460048676,1,True
47855,0.4074332746863365,1,False
10714,0.4073958796262741,1,False
62561,0.4073431533575058,1,False
33945,0.407303147315979,1,False
43790,0.4072803729772568,1,False
68899,0.4072519212961197,1,False
46787,0.4072259730100632,1,False
89833,0.4072011196613312,1,False
73314,0.40719995319843294,1,False
77935,0.4071790796518326,1,True
3903,0.4071777194738388,1,False
7708,0.4071702069044113,1,False
44743,0.4071631437540054,1,False
64684,0.4071252435445786,1,False
23271,0.40710603535175327,1,True
72557,0.4070686101913452,1,True
75281,0.4069343963265419,1,True
63981,0.4069138532876968,1,False
38996,0.40690140902996064,1,False
42776,0.40689717113971713,1,False
32791,0.40686400830745695,1,False
36529,0.40684996485710145,1,False
80665,0.40684832632541656,1,False
18914,0.4068443197011947,1,False
62432,0.4068396383523941,1,False
92301,0.40679931640625,1,False
57495,0.40679194867610935,1,False
42969,0.4067729139328003,1,False
62959,0.4067609089612961,1,False
4739,0.4067585051059723,1,False
31575,0.40673581838607786,1,True
51667,0.40668404161930083,1,False
1871,0.40668224573135375,1,False
60832,0.4066732734441757,1,False
44941,0.4066600948572159,1,False
50232,0.40663467824459076,1,True
47099,0.40662218630313873,1,True
81825,0.4066050261259079,1,True
41947,0.4066049593687058,1,True
26837,0.406579874753952,1,False
461,0.4065792965888977,1,False
94959,0.406524406671524,1,False
23864,0.406524076461792,1,True
52954,0.40649499714374543,1,False
51360,0.4064682072401047,1,True
6786,0.4064256489276886,1,False
31797,0.4064037418365478,1,False
41846,0.4063486963510513,1,True
12329,0.4062172347307205,1,False
74972,0.40620811343193053,1,False
70605,0.40604875922203065,1,True
16582,0.4059809952974319,1,False
75518,0.40594179391860963,1,False
23941,0.405850231051445,1,False
25918,0.40583289206027984,1,True
16822,0.40583160519599915,1,True
18836,0.4058262139558792,1,False
51239,0.40577600717544554,1,True
14529,0.40577497094869613,1,True
91543,0.40571010470390323,1,True
72637,0.40570747792720796,1,False
63911,0.4056410092115402,1,True
85971,0.40556261241436004,1,False
60907,0.4055452436208725,1,False
63588,0.4055302077531815,1,True
26799,0.40550825715065003,1,False
40657,0.4055072671175003,1,True
3882,0.40549445986747745,1,False
21902,0.4054252487421036,1,True
63821,0.4054118287563324,1,True
46396,0.4053833746910095,1,True
82732,0.40536368250846866,1,False
13840,0.40529389917850495,1,False
21364,0.40529192745685577,1,False
83637,0.40528307020664217,1,False
63887,0.40527178823947907,1,True
90673,0.40523120939731594,1,False
39995,0.4052037501335144,1,False
12256,0.40517738163471223,1,False
2771,0.4050118350982666,1,False
53401,0.4049950730800629,1,False
67963,0.40499285697937015,1,False
32726,0.40497734487056736,1,False
68377,0.40496198415756224,1,True
22717,0.404936830997467,1,False
59257,0.404917665719986,1,True
22806,0.4049169594049454,1,False
22848,0.4048723793029785,1,False
97887,0.40487051188945766,1,True
57765,0.4048658275604248,1,False
1969,0.40486422657966614,1,True
88970,0.4048539179563522,1,True
57157,0.4048469603061676,1,False
13953,0.4048281520605087,1,False
83966,0.40482100725173953,1,False
70446,0.4048085790872574,1,False
90597,0.40476102828979493,1,True
93864,0.4047515243291855,1,False
14864,0.4046622157096863,1,True
45787,0.4046583068370819,1,False
43641,0.4046349102258682,1,False
40030,0.40458842456340793,1,True
40868,0.404531916975975,1,False
52570,0.4045254647731781,1,False
42575,0.4045152276754379,1,False
83465,0.40451035857200623,1,False
32380,0.4044763869047165,1,True
19981,0.40442857682704925,1,False
22527,0.40442268013954163,1,False
30334,0.4044103312492371,1,True
93568,0.4043996822834015,1,False
80684,0.4043668228387832,1,False
75775,0.40430092334747314,1,True
5737,0.4042625778913498,1,False
61378,0.40422679245471954,1,True
54232,0.4042129454016685,1,True
33475,0.40418167591094967,1,False
64971,0.40417874574661256,1,False
12242,0.4041645842790604,1,False
32750,0.4041244912147522,1,False
51650,0.40409197032451627,1,True
3674,0.40408210277557377,1,False
54517,0.4040760278701782,1,True
90328,0.40406258583068844,1,True
25935,0.40405434906482696,1,False
11856,0.40404753625392914,1,False
21855,0.4040261387825012,1,False
45864,0.404023300409317,1,False
11506,0.4040126538276672,1,False
4905,0.4039863246679306,1,False
893,0.40395207524299626,1,False
50415,0.40394652247428897,1,True
33714,0.40392296880483625,1,False
73907,0.40391596376895905,1,False
10809,0.4038969093561172,1,False
90254,0.4038285005092621,1,True
63987,0.4038235938549042,1,False
58993,0.4038014429807663,1,False
848,0.4037392097711563,1,True
63610,0.40371614158153535,1,False
47755,0.4036781132221222,1,False
58441,0.4036768054962158,1,True
99996,0.4036494046449661,1,False
2942,0.4036416923999786,1,False
81740,0.40363857090473176,1,True
91934,0.4036255419254303,1,True
21578,0.4035590380430222,1,True
64920,0.4035585832595825,1,False
66732,0.40354662835597993,1,False
63698,0.4035010886192322,1,False
41789,0.4034610605239868,1,True
79552,0.40345494031906126,1,True
16692,0.4034358507394791,1,False
12864,0.4034285414218902,1,False
43918,0.40341361224651334,1,False
93822,0.40340546250343323,1,False
52919,0.40340477764606475,1,False
12952,0.4034019064903259,1,False
82624,0.403390097618103,1,False
44709,0.403388649225235,1,False
60671,0.40334532380104066,1,True
57595,0.40327831625938415,1,True
92543,0.4032763236761093,1,False
8573,0.403229153752327,1,True
75892,0.40322617828845975,1,True
24824,0.4032029271125793,1,False
41800,0.4031782692670822,1,False
30536,0.4031354647874832,1,True
61658,0.4030384862422943,1,True
8270,0.40302799761295316,1,True
13839,0.40302389562129975,1,False
35941,0.4030171775817871,1,False
7428,0.40297391414642336,1,False
9832,0.4029392611980438,1,False
92556,0.4029334527254105,1,False
67183,0.40293172657489773,1,True
84919,0.40292099058628084,1,False
54878,0.4029131045937538,1,True
93481,0.4028826957941055,1,False
43193,0.4028521758317948,1,False
2761,0.402840461730957,1,False
21196,0.4027971798181534,1,False
54661,0.40277060866355896,1,False
95779,0.40276773035526275,1,False
91904,0.40272515892982486,1,False
82957,0.40272079765796664,1,True
95963,0.40269589304924014,1,False
5971,0.40269589304924014,1,False
85868,0.4026753777265549,1,False
35863,0.402663796544075,1,False
43553,0.4026196929812431,1,False
65640,0.4026187950372696,1,False
87196,0.40261363685131074,1,False
44813,0.4025836932659149,1,False
65791,0.4025288450717926,1,False
5927,0.40245450258255006,1,False
62691,0.40245259940624234,1,False
93379,0.40244970440864564,1,False
45407,0.40243029296398164,1,True
42698,0.4024256902933121,1,False
34877,0.40240578293800355,1,False
14956,0.402371227145195,1,False
55783,0.40236576259136203,1,False
12875,0.4023599445819855,1,True
39796,0.40234882980585096,1,True
16572,0.4023441070318222,1,False
23241,0.4023239320516586,1,False
34899,0.4023034715652466,1,False
65772,0.40229677259922025,1,False
77975,0.40221907913684846,1,False
9287,0.40220309495925904,1,False
25837,0.40212465047836304,1,False
17283,0.4021079695224762,1,True
77141,0.4020969307422638,1,False
1297,0.4020032572746277,1,True
3945,0.40199338018894193,1,False
54929,0.4019848704338074,1,False
11773,0.4019813519716263,1,True
16571,0.40174671590328215,1,False
96823,0.4017175030708313,1,False
77771,0.40170563578605656,1,False
43977,0.40165832340717317,1,True
91958,0.40165542960166933,1,False
78991,0.40161495208740233,1,True
45986,0.4015807342529297,1,False
24974,0.40157805681228637,1,False
904,0.4015518063306809,1,False
40617,0.4015266358852386,1,True
35888,0.4014863246679306,1,False
69991,0.40147383511066437,1,True
20316,0.40145944118499755,1,True
54829,0.40145279943943024,1,False
90439,0.40140976369380954,1,True
95404,0.40138524532318115,1,False
65695,0.40137086391448973,1,False
18969,0.4013678175210953,1,False
31132,0.4012678438425064,1,True
2954,0.40126031696796416,1,False
14703,0.40124312430620196,1,True
66430,0.40121730774641035,1,False
24527,0.4011952346563339,1,False
96073,0.4011785316467285,1,True
45698,0.40115328907966613,1,False
47981,0.40114675998687743,1,False
56842,0.40110438644886015,1,False
44760,0.40109242677688595,1,False
59823,0.4010515993833542,1,False
77894,0.4010410988330841,1,False
56677,0.40103260934352875,1,False
14771,0.40102155447006227,1,False
13321,0.4010066378116608,1,False
34755,0.4010048085451126,1,False
6980,0.40096470952033997,1,False
17822,0.40094141781330106,1,False
37828,0.40092616975307466,1,False
76925,0.40091620981693266,1,False
44566,0.4009121036529541,1,False
12358,0.40090874195098875,1,False
12505,0.40089724600315096,1,False
3818,0.400851479768753,1,False
38915,0.400796914100647,1,False
55964,0.4007952374219894,1,False
63836,0.40073252081871036,1,False
17730,0.4006644231081009,1,False
22442,0.4006602770090103,1,False
3424,0.40064944326877594,1,True
96901,0.4006460446119309,1,False
73867,0.4006408804655075,1,False
33906,0.4006375533342361,1,False
78980,0.40060730457305904,1,True
12662,0.4005669891834259,1,False
61917,0.4004951012134552,1,False
8900,0.4004427349567413,1,True
551,0.40041766881942753,1,False
1561,0.4004159164428711,1,True
62299,0.4003941625356674,1,False
69940,0.4003882145881653,1,False
98991,0.4003442031145096,1,False
24815,0.40033245980739596,1,False
51214,0.40031537234783177,1,True
2952,0.40030073702335356,1,False
45513,0.4002783340215683,1,False
73635,0.400264630317688,1,False
50954,0.400257385969162,1,False
61795,0.4002466907724738,1,True
60884,0.4002317059040069,1,False
21277,0.4002142524719238,1,False
93858,0.4002135646343231,1,False
35889,0.40019737601280214,1,False
73506,0.4001559746265412,1,False
97468,0.40012952268123625,1,False
12504,0.40009523451328277,1,False
63754,0.40008815586566926,1,False
59167,0.40008096218109135,1,True
63947,0.4000661814212799,1,True
21970,0.40000948309898376,1,False
52704,0.3999744302034378,1,False
27869,0.3999707305431366,1,False
58475,0.3999520915746689,1,True
73993,0.39993709146976475,1,False
91897,0.3998754793405533,1,False
33883,0.39987062513828275,1,True
82411,0.3998257559537888,1,False
8183,0.39977720201015476,1,True
33494,0.399761158823967,1,False
13994,0.3997408539056778,1,False
96603,0.39968471378088,1,False
42652,0.39968262195587156,1,False
12973,0.39965067923069,1,True
42964,0.39964977502822874,1,False
67893,0.3995830738544464,1,False
13985,0.3995733404159546,1,True
60807,0.39952832758426665,1,False
33807,0.3995070540904999,1,False
29912,0.3995021426677704,1,False
9775,0.3994840103387833,1,True
21622,0.39946156322956083,1,False
77808,0.3994519120454788,1,False
60746,0.39937704026699067,1,True
95943,0.39936036467552183,1,False
81632,0.39935205578804017,1,False
13089,0.39930819272994994,1,False
32785,0.39922663033008576,1,False
74922,0.3992123287916184,1,False
350,0.399206902384758,1,False
13928,0.39919918179512026,1,True
79238,0.399171142578125,1,True
96713,0.3991366595029831,1,False
5739,0.3991073101758957,1,False
85590,0.3990730023384094,1,False
15931,0.3990619486570358,1,False
30823,0.3990504968166351,1,True
43602,0.39903387546539304,1,False
47730,0.39902544200420376,1,True
81196,0.3989543402194977,1,True
33617,0.39891611367464064,1,False
32759,0.3988961136341095,1,False
65939,0.3988801085948944,1,False
75927,0.39881533443927764,1,False
25862,0.3986849683523178,1,False
92958,0.3986231130361557,1,False
53559,0.39857992470264436,1,False
65681,0.398574623465538,1,False
97759,0.3985560041666031,1,False
64934,0.3984773302078247,1,False
57733,0.3984657818078995,1,False
29808,0.39845668375492094,1,True
6895,0.39842961072921756,1,False
34962,0.39839844286441806,1,False
883,0.398354218006134,1,True
23640,0.39834627151489255,1,False
36889,0.3983276665210724,1,True
14920,0.39830509483814236,1,False
97750,0.3982863390445709,1,False
20944,0.3982733780145645,1,True
32804,0.39827060759067534,1,False
15966,0.39826496243476867,1,False
51833,0.39824104607105254,1,True
63564,0.39823602557182314,1,False
43687,0.39820157408714296,1,False
3936,0.398197340965271,1,True
17840,0.3981833279132843,1,False
77735,0.3981504690647125,1,True
14970,0.3981195867061615,1,False
75481,0.3980945202708244,1,False
98247,0.39809184372425077,1,True
24990,0.39804915964603427,1,False
13739,0.3980477863550186,1,False
73741,0.3980460834503174,1,False
14717,0.3980386584997177,1,False
73803,0.3980311393737793,1,True
20123,0.398011212348938,1,False
29968,0.3980101466178894,1,False
57764,0.3979560053348541,1,False
41860,0.3979536527395249,1,False
68649,0.39793119072914124,1,True
47549,0.39789200127124785,1,False
54960,0.397886221408844,1,False
9713,0.3978809952735901,1,True
35929,0.39787306070327755,1,False
5922,0.3978700286149979,1,False
37959,0.3978294563293457,1,False
21777,0.397820674777031,1,True
98927,0.3977552276849747,1,False
95873,0.39774908125400543,1,False
95855,0.3977018254995346,1,False
39981,0.3976816326379776,1,False
72697,0.39765340447425845,1,False
27653,0.39765170574188236,1,True
65662,0.39764662146568297,1,False
22943,0.3976043778657913,1,False
15959,0.39755738377571104,1,False
33791,0.39755560338497165,1,True
14275,0.3975414080917835,1,True
81867,0.39753765225410465,1,False
33755,0.3975285768508911,1,False
9466,0.39751423358917237,1,False
52513,0.3975013011693954,1,False
58956,0.39749325513839723,1,False
60515,0.3974801331758499,1,True
89830,0.3974492800235748,1,True
44787,0.39744179248809813,1,False
72398,0.3974179595708847,1,False
72656,0.39741783440113065,1,False
70744,0.3973997443914413,1,True
42519,0.39738490521907804,1,False
65933,0.3973826533555984,1,False
36675,0.3973727643489838,1,True
52656,0.3973639267683029,1,True
2960,0.3973183119297028,1,False
32748,0.3972443640232086,1,False
20819,0.3972274649143219,1,False
13916,0.39722046971321107,1,False
52987,0.3972063457965851,1,False
13809,0.39715979158878323,1,False
2580,0.39715441226959225,1,False
31488,0.3971466261148453,1,True
43491,0.3971162131428719,1,False
1759,0.39709842324256894,1,True
43671,0.3970690271258354,1,False
37334,0.3970439523458481,1,False
26625,0.396990396976471,1,False
6883,0.3969541126489639,1,False
82943,0.39694623947143554,1,True
97847,0.3969345197081566,1,False
35787,0.3969287115335465,1,False
83646,0.3968703120946884,1,False
56919,0.396790840625763,1,False
97549,0.39672343492507933,1,False
66443,0.3967144176363945,1,False
94716,0.3966896542906761,1,True
12550,0.3966862645745277,1,True
36893,0.3966474217176438,1,False
76328,0.396616707444191,1,False
32904,0.39661425471305845,1,False
98264,0.3965568900108337,1,True
72598,0.39654997020959853,1,False
61333,0.39651964485645297,1,True
50781,0.3965098267793655,1,True
30806,0.3964743047952652,1,False
33948,0.39646174669265744,1,False
61728,0.39646017670631406,1,False
9652,0.3964235460758209,1,False
68990,0.3964018940925598,1,False
35679,0.39639143764972684,1,True
38994,0.3963814675807953,1,False
92668,0.3963466840982437,1,False
2285,0.39633203983306886,1,False
18935,0.3963137280941009,1,False
2991,0.39631024420261385,1,True
31553,0.396282576918602,1,False
80588,0.3962388354539871,1,True
74944,0.396201114654541,1,False
87521,0.39620051205158235,1,False
52076,0.39613019287586215,1,False
97516,0.39611362636089326,1,False
55819,0.3961130195856094,1,False
90943,0.3961015045642853,1,False
98408,0.3960986375808716,1,False
30738,0.3960797542333603,1,True
43901,0.3960780829191208,1,True
2757,0.3960547083616257,1,False
12808,0.3959954190254211,1,False
56885,0.3959849071502686,1,False
91424,0.39595834314823153,1,True
11728,0.3959467500448227,1,False
43783,0.39589800000190734,1,False
92965,0.3958924859762192,1,False
10872,0.3958799070119858,1,False
9550,0.3958086144924164,1,False
4852,0.3958050948381424,1,False
34784,0.3958050948381424,1,False
96465,0.39573308944702146,1,True
83116,0.3956566572189331,1,False
5951,0.39565168201923373,1,False
97915,0.39564627707004546,1,False
63442,0.3956406673789024,1,False
2514,0.3956342506408691,1,False
49994,0.39561722457408904,1,True
35946,0.3955998933315277,1,False
48691,0.3955955195426941,1,True
18716,0.3955848443508148,1,False
36724,0.39557177960872647,1,True
18932,0.39556821882724763,1,False
95920,0.3955655860900879,1,False
55751,0.39555719792842864,1,False
11704,0.395523054599762,1,True
45885,0.3955205172300339,1,False
83901,0.3954819321632385,1,True
77542,0.39538498640060427,1,False
22239,0.39534466147422787,1,False
67711,0.3953116518259049,1,False
47526,0.3953038722276688,1,False
68895,0.3952265703678131,1,False
98631,0.39520935356616976,1,True
50755,0.3951642370223999,1,False
57504,0.39510304033756255,1,False
46625,0.3951011049747467,1,False
94512,0.39502052873373034,1,True
15802,0.3950119996070862,1,False
43889,0.39499724984169005,1,False
24922,0.39498396158218385,1,False
9672,0.3949828878045082,1,True
89737,0.3949755847454071,1,True
3937,0.3949198478460312,1,False
42590,0.3949159425497055,1,False
83321,0.39489256620407104,1,False
92536,0.3948706430196762,1,False
5480,0.3948142790794372,1,False
99902,0.3948069190979004,1,False
1499,0.39480207324028016,1,True
91596,0.3947931456565857,1,True
77264,0.39460878193378446,1,False
151,0.3945225858688355,1,False
91896,0.3944462114572525,1,False
44964,0.39440946877002714,1,False
91812,0.39436299741268155,1,False
63927,0.39434816837310793,1,False
72964,0.39429838716983795,1,False
97580,0.3942602860927582,1,False
8487,0.39425144612789154,1,False
94586,0.39421800017356873,1,False
4904,0.3942151129245758,1,False
38898,0.3942051994800567,1,False
30773,0.3942000877857208,1,True
63865,0.3941988909244537,1,False
63616,0.394178820848465,1,False
370,0.3941546708345413,1,True
92894,0.39413677155971527,1,True
96396,0.3940416717529297,1,False
18786,0.394016245007515,1,False
81402,0.39399631500244137,1,True
13938,0.3939513945579529,1,False
44956,0.3939353138208389,1,False
24987,0.39393298685550693,1,False
10585,0.3939024269580841,1,True
66772,0.3938863134384155,1,False
88142,0.3938034355640411,1,True
43786,0.39379549503326416,1,True
78306,0.39376254975795744,1,True
53991,0.39368812680244447,1,False
23809,0.39366241872310637,1,False
63922,0.39365910708904267,1,False
54955,0.39364685356616974,1,False
34514,0.39361821591854096,1,False
58596,0.39361410558223725,1,True
33667,0.3935885143280029,1,False
94898,0.3935837709903717,1,True
81822,0.39357888281345366,1,False
12735,0.3935616934299469,1,False
74627,0.39353878021240235,1,False
27738,0.3935244405269623,1,True
70933,0.3935098421573639,1,False
55938,0.3934774380922318,1,False
68832,0.39345209121704106,1,False
43777,0.393438281416893,1,False
50951,0.3934343695640564,1,False
30951,0.3933814895153046,1,False
45939,0.3933798110485077,1,False
65888,0.39330509483814236,1,False
6391,0.39325284540653227,1,False
42401,0.39321748256683353,1,False
72991,0.3932109588384628,1,False
70441,0.3932050353288651,1,True
77792,0.3931808125972748,1,False
84872,0.3931691282987595,1,False
96616,0.3931421381235123,1,False
3494,0.3931365153193474,1,False
81820,0.3931325310468674,1,False
23937,0.39309748470783235,1,False
6865,0.39309038519859313,1,False
82166,0.39303505599498745,1,True
42237,0.3930148583650589,1,False
82993,0.39300781071186064,1,True
2504,0.3930001068115234,1,False
23977,0.39299694180488587,1,False
48823,0.39298109471797943,1,True
21238,0.39298102974891663,1,True
60793,0.39297638773918153,1,True
95953,0.3929520779848099,1,False
72788,0.3929519748687744,1,False
39219,0.39293290734291075,1,False
12523,0.3929195415973663,1,False
10824,0.392903219461441,1,False
22481,0.3928740638494491,1,False
70417,0.39286141157150267,1,True
76751,0.39282074630260466,1,True
74851,0.3928015100955963,1,False
76200,0.3927652132511139,1,False
27816,0.39274871826171875,1,False
59350,0.3927362078428268,1,True
18702,0.3927023071050644,1,True
60186,0.39269153237342835,1,True
71458,0.3926914930343628,1,False
22553,0.39267725855112073,1,False
95794,0.3926177513599396,1,False
32409,0.39261730372905734,1,False
13778,0.3926153391599655,1,False
70779,0.39260877907276154,1,False
82366,0.3925841981172562,1,True
62742,0.39252937853336334,1,False
45673,0.3925281071662903,1,False
62754,0.3925258222222328,1,False
72936,0.39249840915203094,1,True
96307,0.3924635022878647,1,False
86590,0.39244515627622606,1,False
64690,0.3924130403995514,1,False
17442,0.3923455893993378,1,True
68784,0.3922755438089371,1,True
73589,0.3922542494535446,1,False
13497,0.3922364443540573,1,False
37570,0.39219945937395095,1,False
12737,0.39219250559806823,1,False
85326,0.39217000737786295,1,False
54788,0.3921583068370819,1,False
14690,0.39214609026908875,1,False
96130,0.3921316277980804,1,True
51508,0.3921288681030274,1,False
26419,0.39210311979055407,1,False
56910,0.39207788169384006,1,False
57864,0.3920766046643257,1,False
55931,0.39206722557544704,1,False
63920,0.39203113079071045,1,False
98915,0.39200335025787353,1,False
46788,0.39196030378341673,1,False
77666,0.39194671928882596,1,False
9298,0.39194294154644016,1,True
76809,0.3919426506757736,1,False
24618,0.3919154840707779,1,False
23827,0.39188425838947294,1,False
23869,0.39185645520687107,1,False
93728,0.39185492813587186,1,False
36501,0.3918509048223495,1,True
29535,0.39184077918529514,1,True
54977,0.3918397718667984,1,False
33900,0.39182565748691556,1,False
742,0.3918001621961594,1,False
1930,0.3917773938179016,1,True
36811,0.3917561310529709,1,False
75842,0.39174168646335605,1,False
31423,0.3917094731330871,1,True
60232,0.39168676257133483,1,True
50775,0.39165671169757843,1,True
13745,0.39161850452423097,1,False
45931,0.3915768229961395,1,False
60714,0.39156882345676425,1,True
88722,0.3915377324819565,1,True
92767,0.391537315249443,1,False
42787,0.391492585837841,1,False
61812,0.391487677693367,1,False
75972,0.39143531382083896,1,False
94837,0.3914059826731682,1,True
24896,0.3914018839597702,1,False
84747,0.3913982093334198,1,False
81521,0.3913871258497238,1,True
32640,0.3913267993927002,1,False
42376,0.39126932233572004,1,False
41816,0.3911953711509705,1,False
87809,0.39117157995700835,1,False
78280,0.3911539429426193,1,True
1918,0.3911489176750183,1,False
51902,0.39113399147987366,1,False
55754,0.39109110653400425,1,False
35768,0.391074623465538,1,False
11546,0.39106945395469667,1,False
70196,0.39104185700416566,1,True
47527,0.39101626753807067,1,False
28226,0.39100657910108566,1,True
4809,0.3909728711843491,1,False
35136,0.3909467417001724,1,True
74979,0.3909227138757706,1,False
99968,0.39091870009899143,1,False
94943,0.39091598451137544,1,False
72735,0.3908843898773193,1,False
27367,0.3908405876159668,1,True
9902,0.39082190513610837,1,True
96628,0.39080810487270357,1,False
25939,0.3908050948381424,1,False
84889,0.39079420804977416,1,False
1313,0.3907499384880066,1,True
81742,0.3907404613494873,1,False
32984,0.39071645379066466,1,False
14445,0.3907125222682953,1,False
53364,0.3906789767742157,1,False
61836,0.39066834628582003,1,True
12651,0.39060865581035614,1,False
57985,0.3906020313501358,1,False
17850,0.39054600030183795,1,False
27796,0.39052331864833834,1,False
63420,0.39051462173461915,1,False
44887,0.3904798895120621,1,False
86288,0.3904794323444366,1,True
44427,0.390332048535347,1,True
34688,0.390322739481926,1,False
5483,0.39030305624008177,1,False
47528,0.3902856856584549,1,True
77881,0.3902825421094894,1,False
82692,0.39024815827608106,1,True
87599,0.39024146378040314,1,False
7957,0.3902164280414581,1,False
50866,0.3902123075723648,1,True
80835,0.3901648706197739,1,True
50367,0.3901489770412445,1,True
78760,0.3901099407672882,1,False
19994,0.39007797598838806,1,True
74630,0.39003614664077757,1,False
90551,0.39003140449523926,1,False
95831,0.39002075225114824,1,False
5945,0.3899762773513794,1,False
82815,0.3899499899148941,1,False
57503,0.3899194633960724,1,False
72921,0.38988256275653843,1,False
10681,0.38987873852252963,1,False
73839,0.3898659896850586,1,True
83265,0.3898546090722084,1,False
14927,0.38985452353954314,1,False
72755,0.3897995686531067,1,False
52682,0.38979303538799287,1,False
63801,0.38979056000709533,1,False
14350,0.38972355067729947,1,True
84956,0.38972285866737366,1,False
6660,0.38969704329967503,1,False
99941,0.3896899938583374,1,False
52728,0.3895868217945099,1,False
15582,0.3895684424042702,1,False
2552,0.389554038643837,1,False
12588,0.3895504716038704,1,False
93654,0.38953908920288083,1,True
63483,0.38953695714473724,1,False
18499,0.3895058995485306,1,True
88885,0.3894255268573761,1,True
73668,0.389413138628006,1,False
33744,0.38937141597270963,1,False
58872,0.3893425369262695,1,False
2886,0.3893215668201446,1,True
83338,0.3893198049068451,1,False
24930,0.38931470751762387,1,False
83745,0.38929143965244295,1,False
36684,0.3892809748649597,1,False
48723,0.3891088092327118,1,False
74835,0.389098824262619,1,False
84978,0.3890400415658951,1,False
60928,0.3890134173631668,1,False
29982,0.38900287270545963,1,False
32644,0.38900155305862427,1,False
64972,0.38899880945682525,1,False
34602,0.3889530247449875,1,False
12541,0.38893859803676606,1,False
22649,0.38885458052158356,1,False
43629,0.3888514906167984,1,False
42622,0.38884715795516966,1,False
70656,0.3888321840763092,1,False
27656,0.3887969183921814,1,False
32959,0.3887871325016022,1,False
6581,0.38872257828712464,1,False
74946,0.38869934618473057,1,False
2551,0.38865991115570064,1,False
73384,0.38865030109882354,1,False
72510,0.38859306097030644,1,False
73548,0.38858006477355955,1,False
4888,0.3884874254465103,1,True
51457,0.3884872269630432,1,False
53965,0.3884633731842041,1,False
45853,0.3884353744983673,1,False
7907,0.38838737905025483,1,False
49989,0.38838186860084534,1,False
74802,0.38836881279945373,1,False
55366,0.3883573853969574,1,False
74765,0.3883297836780548,1,False
72779,0.3882965314388275,1,False
49979,0.3882693976163864,1,False
4590,0.38820641219615937,1,False
21937,0.3881906825304031,1,False
77524,0.38818681091070173,1,False
23879,0.3881854021549225,1,False
72900,0.38817635595798494,1,False
12542,0.3881679165363312,1,False
88693,0.38810196697711946,1,True
69741,0.3880968916416168,1,True
45957,0.38806261241436,1,False
14729,0.3880352640151977,1,False
22937,0.3880149692296982,1,False
81878,0.388014680147171,1,True
50841,0.3880016905069351,1,False
80436,0.38799894511699673,1,False
77880,0.3879971835017204,1,False
13725,0.3879835283756256,1,True
36286,0.387955601811409,1,True
19988,0.38794793874025346,1,True
44950,0.387909728884697,1,False
41766,0.3878889322280884,1,False
21880,0.3878723883628845,1,True
40612,0.38783976912498475,1,True
25907,0.38782111763954163,1,False
63419,0.3876783746480942,1,False
95951,0.38761403381824494,1,False
72530,0.3876033681631088,1,False
70207,0.3875721251964569,1,True
12454,0.3875614213943481,1,False
17221,0.38750641465187075,1,True
75910,0.38749187648296357,1,False
5889,0.38748599499464037,1,True
13794,0.3874744361639023,1,False
39976,0.38745631754398346,1,True
27904,0.387432000041008,1,False
23847,0.3874206209182739,1,False
53759,0.38741991579532625,1,False
59990,0.3873668357729912,1,True
15577,0.38735444873571395,1,True
32879,0.3873339372873306,1,False
57755,0.38728491127491,1,False
25965,0.38723149776458743,1,False
67329,0.3872143918275833,1,False
41626,0.3871724438667298,1,False
19567,0.38717033147811886,1,False
75760,0.3871523189544678,1,False
75978,0.38714874446392056,1,True
10147,0.38714793264865877,1,True
43544,0.3871459537744522,1,False
41579,0.387144410610199,1,True
84896,0.38714133739471435,1,False
33770,0.38711057484149936,1,False
81718,0.38709188342094425,1,True
80118,0.38705342888832095,1,True
92558,0.38704931378364565,1,False
48950,0.3870482051372528,1,True
5936,0.387022944688797,1,False
89279,0.3870189225673676,1,True
94753,0.38699154555797577,1,False
57974,0.3869567734003067,1,False
90719,0.38686203002929687,1,False
38366,0.3868591147661209,1,True
48910,0.38683113873004915,1,False
71941,0.38682784378528595,1,False
34929,0.3868275421857834,1,False
32329,0.38682701587677004,1,False
54988,0.3868140387535095,1,True
466,0.3868052619695663,1,True
29941,0.38680217921733856,1,False
13571,0.38679485440254213,1,False
4865,0.3867719879746437,1,True
50903,0.38675777554512025,1,False
52762,0.38672717541456225,1,True
10602,0.386691911816597,1,False
75739,0.38668548583984375,1,False
59672,0.38667687445878984,1,True
71567,0.3866013205051422,1,False
53176,0.3865936005115509,1,True
12853,0.38658916592597964,1,False
13784,0.3865829366445541,1,True
42620,0.38656836658716204,1,False
67721,0.38656344354152683,1,True
48994,0.3865496182441711,1,False
73604,0.38647027254104616,1,False
93686,0.3864591550827027,1,False
54697,0.3864549547433853,1,False
72943,0.386445004940033,1,False
59662,0.3864387756586075,1,True
85952,0.38643531382083895,1,False
82399,0.38642772257328034,1,False
26407,0.38641650617122647,1,False
90704,0.3864048683643341,1,False
60580,0.3863995051383972,1,True
68809,0.3863947546482086,1,True
53802,0.38639129817485807,1,False
92271,0.3863468280434608,1,False
59821,0.38631218135356904,1,False
13826,0.3862982839345932,1,False
92371,0.386295819580555,1,False
56931,0.3862727245688438,1,False
11102,0.38625844061374665,1,True
82785,0.38624474972486494,1,False
82871,0.38623829007148747,1,False
33526,0.3862374767661095,1,False
92457,0.38623068809509276,1,False
26547,0.3862190747261047,1,True
61573,0.3862147498130798,1,True
54771,0.38618144929409026,1,False
59844,0.3861481750011444,1,False
83488,0.3861353385448456,1,False
2697,0.38612324863672254,1,False
4960,0.3861207139492035,1,False
45645,0.3860958123207092,1,True
79878,0.38609574496746063,1,False
84830,0.3860928577184677,1,False
69947,0.3860840231180191,1,False
22945,0.38603855669498444,1,False
16550,0.38599071800708773,1,False
31790,0.38598152935504915,1,True
3288,0.38596653044223783,1,False
54887,0.38591598451137543,1,False
69253,0.38585835456848144,1,True
59992,0.3858404651284218,1,True
35970,0.3858288359642029,1,False
27970,0.3858248549699783,1,False
56876,0.38579776346683503,1,True
30543,0.3857690805196762,1,True
34294,0.38576130896806715,1,True
11401,0.38566980838775633,1,False
90535,0.3856636881828308,1,False
34586,0.3856484663486481,1,False
81944,0.3855910950899124,1,False
90730,0.3855749464035034,1,False
84917,0.3855736207962036,1,False
52937,0.3855327701568604,1,True
91849,0.38548902571201327,1,True
1789,0.3854813313484192,1,True
53787,0.3854644563794136,1,False
40260,0.3854411578178406,1,True
81491,0.385413681268692,1,False
2711,0.3853859484195709,1,False
96801,0.3853371834754944,1,False
46820,0.3853154230117798,1,False
41326,0.38528557181358336,1,True
53968,0.38527787566185,1,False
1833,0.3852714341878891,1,False
74954,0.3852359515428543,1,False
20259,0.3852303797006607,1,False
54876,0.3852281951904297,1,False
26302,0.385212721824646,1,True
38779,0.3851736217737198,1,False
54851,0.38515857309103013,1,False
81850,0.38515102088451386,1,False
33577,0.38514791667461395,1,False
24983,0.38511010646820065,1,False
3600,0.38504125863313676,1,False
92808,0.3849887901544571,1,False
93794,0.3849748718738556,1,False
84881,0.38495007812976834,1,False
84619,0.38493961215019223,1,True
93804,0.38493719458580017,1,False
45962,0.3849303478002548,1,False
98529,0.38492485582828523,1,False
83971,0.384915788769722,1,True
74951,0.38489954054355624,1,False
22851,0.38486934125423433,1,False
78943,0.3848383581638336,1,False
14954,0.3848000746965409,1,False
48347,0.3847966825962067,1,True
41962,0.3847900581359863,1,False
62896,0.38477479994297026,1,False
50680,0.38475101053714755,1,True
34988,0.384749755859375,1,False
84526,0.38474260866641996,1,False
83418,0.38471650183200834,1,False
51870,0.3847090208530426,1,True
41427,0.3846682173013687,1,True
62981,0.38464376926422117,1,False
72761,0.3846376019716263,1,False
80842,0.38463727712631224,1,False
30395,0.38463353157043456,1,False
34778,0.3845782017707825,1,True
63942,0.3845469987392426,1,True
73557,0.38453266143798825,1,True
55788,0.38452546775341034,1,False
82587,0.38452261447906494,1,False
98769,0.3845086771249771,1,False
50795,0.38450340628623964,1,False
56863,0.38448769569396973,1,False
62961,0.3844511678814888,1,False
57155,0.3844275045394897,1,True
11157,0.38440447628498076,1,True
70640,0.38440109729766847,1,False
30859,0.3843614184856415,1,True
14962,0.3843174597620964,1,False
41374,0.3842897313833237,1,True
62921,0.3842769706249237,1,True
