ACCOUNT_ID,FRAUD_PROBABILITY,PREDICTION,TRUE_LABEL
34538,0.9997219324111939,1,True
27770,0.9994941830635071,1,True
97546,0.9994464993476868,1,True
27807,0.999290931224823,1,True
56959,0.9992864608764649,1,True
7593,0.9992850303649903,1,True
57910,0.9992611885070801,1,True
14497,0.9991653442382813,1,True
86481,0.9991231441497803,1,True
74738,0.9991186141967774,1,True
56995,0.9990570425987244,1,True
45200,0.9990166306495667,1,True
97725,0.9989435553550721,1,True
97821,0.9988500356674195,1,True
94971,0.998799729347229,1,True
74935,0.9985673904418946,1,True
35942,0.998485553264618,1,True
25938,0.9984391212463379,1,True
56965,0.9981341943740845,1,True
76961,0.9980762586593628,1,True
86417,0.9979941234588623,1,True
34963,0.9979655132293701,1,True
46996,0.9979238495826721,1,True
16942,0.9979180083274841,1,True
5948,0.9979087696075439,1,True
37977,0.9978904709815979,1,True
87980,0.997889636516571,1,True
16986,0.9978885636329651,1,True
76982,0.9978710398674011,1,True
56920,0.9978567943572998,1,True
6938,0.9978561387062073,1,True
36989,0.997851966381073,1,True
36992,0.9978310451507568,1,True
96955,0.9978228197097778,1,True
6982,0.997816143989563,1,True
66985,0.9978157863616943,1,True
17984,0.997789321899414,1,True
94966,0.9977814540863037,1,True
76984,0.9977777585983276,1,True
27983,0.9977490291595459,1,True
47964,0.9976592645645141,1,True
15530,0.997630117893219,1,True
47912,0.9976074681282043,1,True
96876,0.9975452408790588,1,True
36904,0.9975388631820679,1,True
87691,0.9975277767181396,1,True
46499,0.9975251541137695,1,True
4992,0.9975091204643249,1,True
25989,0.9974646553993225,1,True
95645,0.9974419460296631,1,True
95867,0.9974111304283142,1,True
35841,0.9973868117332458,1,True
84348,0.9971592411994934,1,True
37777,0.9967346282005309,1,True
96390,0.9967337937355041,1,True
37872,0.9966990442276,1,True
67201,0.9966664404869079,1,True
97975,0.9965877027511596,1,True
75935,0.9965613574981689,1,True
6989,0.9965601058006286,1,True
76920,0.9965113492012023,1,True
87343,0.9965069980621337,1,True
86766,0.9964828581809997,1,True
14949,0.9964789838790893,1,True
27932,0.9964781494140624,1,True
47927,0.9964745731353759,1,True
16480,0.9964579434394836,1,True
44932,0.9964517445564269,1,True
55970,0.9964513869285583,1,True
66498,0.9964469761848449,1,True
97976,0.9964326710700988,1,True
64977,0.99639386844635,1,True
27984,0.9963913650512695,1,True
77996,0.9963708610534667,1,True
75989,0.9963681192398071,1,True
86895,0.9963672251701354,1,True
96869,0.9963669867515563,1,True
61979,0.9963507146835326,1,True
44915,0.9963408799171447,1,True
17801,0.9963289589881896,1,True
87989,0.9963265748023986,1,True
77408,0.9963261575698852,1,True
46994,0.9963242502212524,1,True
76983,0.9963161439895629,1,True
56890,0.9963045210838317,1,True
46999,0.9962997527122497,1,True
46986,0.9962995738983154,1,True
25959,0.9962955207824706,1,True
66952,0.9962895007133483,1,True
7818,0.9962775797843932,1,True
66567,0.9962772817611694,1,True
46513,0.9962768645286559,1,True
5712,0.9962375254631042,1,True
24704,0.9961956233978271,1,True
66736,0.9961762518882751,1,True
45989,0.9961757750511169,1,True
47846,0.9961756558418273,1,True
45998,0.9961630792617797,1,True
96937,0.9961518139839172,1,True
58999,0.9961408467292785,1,True
36749,0.9961157531738281,1,True
97947,0.9961028785705566,1,True
67497,0.9961019248962402,1,True
14622,0.9960977525711059,1,True
47935,0.9960966200828552,1,True
55883,0.9960861296653747,1,True
7981,0.9960654468536376,1,True
96406,0.9960560293197631,1,True
65983,0.9959964842796325,1,True
55962,0.9959847421646117,1,True
36925,0.9959727616310119,1,True
47515,0.9959597082138061,1,True
67468,0.995950707912445,1,True
26861,0.9959340186119079,1,True
34139,0.9959008784294128,1,True
36498,0.9959008784294128,1,True
76611,0.9958961696624755,1,True
56789,0.9958647580146789,1,True
35974,0.9958628506660461,1,True
35883,0.9958413333892822,1,True
25903,0.9958183259963989,1,True
35702,0.995815107345581,1,True
35932,0.9958109350204467,1,True
95980,0.9957398862838744,1,True
54902,0.9956684799194335,1,True
29807,0.9956246705055236,1,True
35131,0.9956099481582641,1,True
65948,0.995502242565155,1,True
95958,0.9954535455703735,1,True
27752,0.9954511613845825,1,True
57512,0.9953516216278075,1,True
75992,0.9952487440109252,1,True
97968,0.9951402740478515,1,True
97346,0.9951104016304015,1,True
6997,0.995107253074646,1,True
37989,0.9950897889137268,1,True
77989,0.9950896697044372,1,True
70991,0.9950708346366882,1,True
47945,0.9950396018028259,1,True
37941,0.9950166540145874,1,True
76903,0.995008011341095,1,True
17964,0.9950058059692383,1,True
16142,0.9949960904121399,1,True
67144,0.9949643211364746,1,True
54986,0.9949619965553284,1,True
54979,0.9949599103927612,1,True
56924,0.9949532346725464,1,True
90793,0.9949109153747558,1,True
67958,0.9948790864944458,1,True
4972,0.9948718147277832,1,True
7822,0.99486603307724,1,True
77987,0.9948462443351745,1,True
87678,0.9948387341499328,1,True
97614,0.9948375420570373,1,True
36944,0.9948328928947449,1,True
17951,0.9948266344070434,1,True
6819,0.9948265748023987,1,True
95712,0.9948225812911987,1,True
57992,0.9948187069892883,1,True
57999,0.9948030309677124,1,True
37864,0.9948026733398437,1,True
16161,0.9947982625961304,1,True
56986,0.994789321899414,1,True
66953,0.9947815136909485,1,True
81986,0.994777937412262,1,True
56999,0.9947560029029846,1,True
15982,0.9947517113685608,1,True
67779,0.9947461681365967,1,True
24995,0.9947457509040832,1,True
64689,0.9947169618606567,1,True
15388,0.9946987228393555,1,True
34985,0.9946972327232361,1,True
5998,0.994691153049469,1,True
54110,0.9946893649101257,1,True
57837,0.9946856098175049,1,True
86499,0.9946676092147827,1,True
17975,0.9946646289825439,1,True
25969,0.9946630792617798,1,True
6071,0.9946484761238098,1,True
86998,0.994638343334198,1,True
37608,0.9946149187088013,1,True
6435,0.9946055607795715,1,True
77532,0.9946051926612853,1,True
37960,0.9945900039672851,1,True
66986,0.9945789771080017,1,True
26746,0.9945724205970764,1,True
44927,0.9945697383880615,1,True
37753,0.9945548968315124,1,True
57487,0.9945463137626648,1,True
57655,0.9945110874176025,1,True
16642,0.9944728212356567,1,True
44989,0.9944725232124328,1,True
65621,0.9944051103591919,1,True
95987,0.9944010572433472,1,True
47421,0.9943835334777832,1,True
4758,0.9943606452941894,1,True
7947,0.9943467574119568,1,True
95537,0.9943427639007568,1,True
17896,0.9943179087638855,1,True
87818,0.9943003253936767,1,True
25855,0.9942994909286499,1,True
27854,0.9942842917442322,1,True
44865,0.9942529397010803,1,True
56856,0.9942506151199341,1,True
65560,0.9942385749816894,1,True
7515,0.9941925005912781,1,True
14984,0.9941154317855835,1,True
66623,0.9941151933670044,1,True
15928,0.9940701322555542,1,True
25669,0.994043906211853,1,True
4998,0.9940213756561279,1,True
64835,0.9939903812408447,1,True
76707,0.9939572410583496,1,True
97552,0.9939432339668274,1,True
17570,0.9939400153160095,1,True
96593,0.9937775926589966,1,True
27509,0.993716329574585,1,True
16961,0.9936124386787415,1,True
57420,0.9935921730995179,1,True
6161,0.9935907425880433,1,True
65140,0.9935890140533448,1,True
57965,0.9935550990104676,1,True
76987,0.9935500326156617,1,True
46964,0.9935490193367005,1,True
96986,0.9935197534561158,1,True
36416,0.9935123028755188,1,True
26991,0.9935062232017517,1,True
6992,0.9934973421096802,1,True
85986,0.993495792388916,1,True
36537,0.9934949579238892,1,True
6993,0.9934948387145996,1,True
66978,0.9934927525520325,1,True
27995,0.9934899511337281,1,True
67866,0.993483335018158,1,True
47791,0.9934758844375611,1,True
27941,0.9934753479957581,1,True
7970,0.9934726061820984,1,True
97995,0.9934706988334656,1,True
54113,0.9934429230690003,1,True
5100,0.9934424462318421,1,True
26748,0.9934414329528809,1,True
7897,0.9934228959083558,1,True
27841,0.9934197964668274,1,True
87954,0.993418306350708,1,True
17666,0.9934171738624573,1,True
86621,0.993413537979126,1,True
67970,0.993381709098816,1,True
7207,0.9933767023086548,1,True
46640,0.9933735432624817,1,True
26993,0.993364721775055,1,True
57570,0.9933540525436402,1,True
36752,0.9933503570556641,1,True
86534,0.9933454098701477,1,True
97879,0.9933393301963807,1,True
67881,0.9933228197097779,1,True
27999,0.9933082165718079,1,True
76994,0.9933021965026856,1,True
84999,0.993297845363617,1,True
7835,0.9932888450622559,1,True
45873,0.9932842555046082,1,True
56688,0.9932708444595337,1,True
50932,0.9932552876472474,1,True
85229,0.9932546319961548,1,True
37906,0.993230432510376,1,True
34614,0.9932175579071045,1,True
96712,0.9932094516754151,1,True
86995,0.993206829071045,1,True
66907,0.9932056369781495,1,True
66915,0.9931913318634034,1,True
7846,0.9931826891899109,1,True
45723,0.9931713643074036,1,True
94300,0.9931653442382813,1,True
31999,0.9931599202156067,1,True
76860,0.9931155147552491,1,True
16756,0.9930727782249451,1,True
74986,0.9930600228309632,1,True
56998,0.9930561485290528,1,True
54470,0.9930392804145813,1,True
47845,0.9930306973457337,1,True
88999,0.9930116238594056,1,True
97848,0.992994517326355,1,True
25983,0.992988139629364,1,True
74996,0.992987901210785,1,True
64995,0.9929834904670716,1,True
57580,0.9929676952362061,1,True
57727,0.9929636421203614,1,True
56946,0.9929533305168152,1,True
16824,0.9929416480064392,1,True
36429,0.9929359855651856,1,True
74495,0.9929346146583558,1,True
64997,0.992930561542511,1,True
84979,0.9929288330078125,1,True
97755,0.9929222168922425,1,True
46934,0.9929176273345948,1,True
46762,0.9929086270332337,1,True
14375,0.9928497972488404,1,True
65450,0.992846697807312,1,True
95935,0.9928301277160645,1,True
15629,0.9928075971603394,1,True
94965,0.992801338672638,1,True
7767,0.9927960934638977,1,True
26862,0.9927828612327576,1,True
54705,0.9927493038177491,1,True
6644,0.9927472176551819,1,True
84821,0.9927361311912537,1,True
67371,0.99273046875,1,True
47691,0.9926693739891053,1,True
14948,0.9925427141189576,1,True
47738,0.9925419988632203,1,True
25432,0.9924972357749939,1,True
87593,0.9924133124351502,1,True
64665,0.9923919143676758,1,True
54317,0.9923096108436584,1,True
37601,0.9921884837150574,1,True
36247,0.9921808648109436,1,True
26415,0.9921678113937378,1,True
96218,0.9921195912361145,1,True
86331,0.9921051669120788,1,True
27957,0.9920977163314819,1,True
35843,0.9920975375175476,1,True
37997,0.9920927691459656,1,True
16408,0.9920751857757568,1,True
57926,0.9920654106140137,1,True
90950,0.9920565891265869,1,True
86953,0.9920424032211304,1,True
26967,0.9920402574539184,1,True
75729,0.9920381608009339,1,True
26973,0.9920241641998291,1,True
36977,0.9920095014572143,1,True
56250,0.9920007991790771,1,True
90985,0.991996328830719,1,True
10962,0.9919929909706116,1,True
77909,0.9919915008544922,1,True
67514,0.991975347995758,1,True
16939,0.9919708776473999,1,True
56241,0.9919661092758179,1,True
86826,0.991948823928833,1,True
71976,0.9919482278823852,1,True
27951,0.9919302868843078,1,True
86974,0.9919280815124512,1,True
37472,0.9918944048881531,1,True
6637,0.9918850469589233,1,True
66999,0.9918789672851562,1,True
36888,0.9918727684020996,1,True
37843,0.991823296546936,1,True
97907,0.991810302734375,1,True
57919,0.9918077993392944,1,True
34232,0.9918036866188049,1,True
47992,0.9918021965026855,1,True
66862,0.9917451548576355,1,True
25999,0.9917352604866028,1,True
47851,0.9917138624191284,1,True
47554,0.9916904973983764,1,True
55904,0.9916750597953796,1,True
87839,0.9916526484489441,1,True
87671,0.9916516351699829,1,True
80923,0.9916386413574219,1,True
48998,0.9916176009178161,1,True
76390,0.9916174221038818,1,True
16935,0.9916153359413147,1,True
96185,0.9916086602210998,1,True
75467,0.9915872025489807,1,True
87996,0.9915825533866882,1,True
56987,0.9915825533866882,1,True
26597,0.9915793943405151,1,True
38997,0.991566162109375,1,True
87999,0.991563241481781,1,True
67728,0.9915594863891601,1,True
44634,0.9915576386451721,1,True
55988,0.991557400226593,1,True
55864,0.9915454196929931,1,True
47995,0.9915295648574829,1,True
96892,0.9915158557891846,1,True
49998,0.9915116238594055,1,True
87868,0.991511504650116,1,True
76250,0.991501133441925,1,True
98935,0.9914924311637878,1,True
94918,0.9914731192588806,1,True
37148,0.991467695236206,1,True
76421,0.9914548802375793,1,True
76319,0.9914538073539734,1,True
37790,0.9914494562149048,1,True
6806,0.9913882422447204,1,True
37846,0.9913697648048401,1,True
6896,0.9913665461540222,1,True
75998,0.9913621950149536,1,True
25998,0.9913483667373657,1,True
36828,0.9913220810890198,1,True
86773,0.9912807750701904,1,True
14995,0.9912767219543457,1,True
96897,0.9912580060958862,1,True
65880,0.9912529397010803,1,True
95965,0.9912190246582031,1,True
96849,0.9912087726593017,1,True
47644,0.9911656188964844,1,True
26672,0.9911573934555054,1,True
77531,0.9911399292945862,1,True
17157,0.9910918283462524,1,True
85776,0.9910867023468017,1,True
74890,0.9910540390014648,1,True
7558,0.990999858379364,1,True
58342,0.9909594464302063,1,True
26255,0.9909332799911499,1,True
55998,0.9909109878540039,1,True
56760,0.9908738541603088,1,True
16664,0.9908551383018493,1,True
56673,0.9908299851417541,1,True
6522,0.990801374912262,1,True
44574,0.9907840299606323,1,True
64497,0.9907632875442505,1,True
59869,0.9907578635215759,1,True
31891,0.9906979713439941,1,True
26388,0.9906816992759704,1,True
54898,0.990636568069458,1,True
57520,0.9906356844902038,1,True
47550,0.9906251344680785,1,True
60971,0.9906049284934997,1,True
66758,0.9905654702186584,1,True
20989,0.9905590925216674,1,True
37942,0.9905505094528197,1,True
44366,0.9905359659194946,1,True
46970,0.9905214819908141,1,True
87994,0.9904706988334655,1,True
36301,0.9904644999504089,1,True
56481,0.990453055858612,1,True
16995,0.9904500160217284,1,True
36997,0.9904463801383971,1,True
60983,0.9904373798370361,1,True
66634,0.9904264125823974,1,True
66580,0.9904192600250243,1,True
47214,0.9904187831878661,1,True
67605,0.9904130015373229,1,True
17423,0.9904038224220275,1,True
66979,0.9903974447250365,1,True
94058,0.9903758678436279,1,True
87915,0.9903744373321532,1,True
7639,0.9903683576583862,1,True
59998,0.9903377208709716,1,True
26897,0.9903283033370971,1,True
66179,0.9902887258529662,1,True
47329,0.99028640127182,1,True
44998,0.9902777585983276,1,True
7960,0.9902750763893127,1,True
54942,0.9902603540420531,1,True
94991,0.9902457509040832,1,True
87905,0.9902439627647399,1,True
54951,0.9902291808128356,1,True
20991,0.9902262601852416,1,True
57255,0.9902255449295043,1,True
96377,0.9902250084877013,1,True
57294,0.9902154717445373,1,True
39949,0.9902145566940308,1,True
14999,0.9902129683494567,1,True
77891,0.9902119550704955,1,True
17493,0.9901828680038451,1,True
87903,0.9901696953773498,1,True
44955,0.9901650462150573,1,True
66919,0.9901640329360961,1,True
40827,0.9901099715232848,1,True
50509,0.9900461349487304,1,True
7888,0.9900272402763366,1,True
36569,0.9900235447883605,1,True
6962,0.9900073323249816,1,True
65985,0.9899834904670715,1,True
77644,0.9899811062812804,1,True
87921,0.9899805102348327,1,True
34097,0.9899559531211852,1,True
4674,0.9899458203315734,1,True
67824,0.9898998055458068,1,True
74527,0.9898980174064635,1,True
65998,0.9898784074783324,1,True
45999,0.9898657712936401,1,True
64691,0.9898623738288879,1,True
27402,0.9898581418991088,1,True
37705,0.9898400220870971,1,True
16609,0.9898272666931152,1,True
86964,0.9897729668617248,1,True
57685,0.9897662315368652,1,True
16777,0.9897539529800414,1,True
96091,0.9897136006355285,1,True
17681,0.9896904144287109,1,True
61625,0.9896576914787292,1,True
67194,0.989626697063446,1,True
37712,0.9895995769500732,1,True
24997,0.9895988020896911,1,True
76720,0.9894930038452148,1,True
45979,0.9893842253684997,1,True
84982,0.9893688473701476,1,True
26669,0.9893302340507507,1,True
27952,0.9892742547988891,1,True
31935,0.9892019543647765,1,True
97707,0.9891915235519408,1,True
86373,0.9891832385063171,1,True
27428,0.9891572017669678,1,True
20389,0.9891565461158752,1,True
87893,0.9891116638183594,1,True
16659,0.989110282421112,1,True
7555,0.989061595916748,1,True
90987,0.9890601058006286,1,True
7993,0.9890419263839721,1,True
7997,0.9890185613632202,1,True
91830,0.989005090713501,1,True
87211,0.9890019912719726,1,True
4921,0.9889713544845581,1,True
17916,0.9889557380676269,1,True
94883,0.9889526386260986,1,True
87960,0.9889303464889526,1,True
67989,0.988927604675293,1,True
77986,0.9889231939315796,1,True
6999,0.9889085907936096,1,True
11996,0.9888967294692993,1,True
7976,0.988884868144989,1,True
77526,0.9888832588195801,1,True
30999,0.9888813514709472,1,True
55403,0.9888355751037597,1,True
36975,0.9887978453636169,1,True
6521,0.9887477669715881,1,True
26888,0.9887421150207519,1,True
94998,0.9887387175559997,1,True
57692,0.9887202997207641,1,True
86516,0.9887202401161194,1,True
56194,0.9887172002792358,1,True
46801,0.9887016434669494,1,True
37889,0.9886934776306152,1,True
85924,0.9886820335388183,1,True
17569,0.9886724371910095,1,True
85771,0.9886554498672485,1,True
26675,0.9886340517997741,1,True
84713,0.988631965637207,1,True
16920,0.9886313695907593,1,True
16566,0.9885879774093628,1,True
37337,0.9885866065025329,1,True
95810,0.9885760564804077,1,True
74446,0.9885531682968139,1,True
41906,0.9885355849266052,1,True
65698,0.9884657282829284,1,True
77136,0.9884609003067016,1,True
85150,0.9884600658416748,1,True
46857,0.9884338397979736,1,True
25900,0.9884302635192871,1,True
35997,0.9884290714263916,1,True
94466,0.9883906264305115,1,True
76770,0.9883562941551208,1,True
38668,0.9883489031791687,1,True
77923,0.9883329291343689,1,True
86146,0.9882510919570923,1,True
77098,0.9882069249153137,1,True
75971,0.9881334919929504,1,True
74633,0.9880777616500854,1,True
56716,0.9880674500465393,1,True
95875,0.9879005570411682,1,True
5967,0.9878895301818847,1,True
64905,0.9878740224838256,1,True
7216,0.987850727558136,1,True
27823,0.987690689086914,1,True
7497,0.9876143460273743,1,True
37814,0.9876014714241028,1,True
87559,0.9875797753334046,1,True
86935,0.987524998664856,1,True
81868,0.9875130777359009,1,True
35920,0.9875036602020264,1,True
70997,0.9875005011558533,1,True
38991,0.9875003118515014,1,True
36984,0.9875002627372742,1,True
76828,0.9874795799255371,1,True
46452,0.9874625926017762,1,True
71426,0.9874615197181702,1,True
96645,0.9874542479515076,1,True
27844,0.9874416117668152,1,True
46849,0.9874288563728333,1,True
90999,0.9874282007217408,1,True
11082,0.987410080909729,1,True
26435,0.9873991136550904,1,True
36800,0.987391782283783,1,True
54964,0.9873858814239502,1,True
87899,0.9873813409805298,1,True
55355,0.9873799209594727,1,True
17097,0.9873777751922608,1,True
36998,0.9873479728698731,1,True
37946,0.9873226408958435,1,True
7707,0.987309527873993,1,True
6752,0.9872436051368714,1,True
86999,0.9872420554161072,1,True
37836,0.9872288827896119,1,True
16280,0.9872143988609314,1,True
17660,0.9872142796516419,1,True
66981,0.9871882920265198,1,True
68951,0.9871544260978699,1,True
46966,0.987146568775177,1,True
44310,0.9871437077522278,1,True
57346,0.9871384625434876,1,True
37998,0.9871284489631653,1,True
46648,0.9870811824798584,1,True
34998,0.9870687251091004,1,True
56866,0.9870616917610169,1,True
49993,0.9870471482276917,1,True
77796,0.9870147829055786,1,True
86256,0.986996365070343,1,True
55995,0.9869870071411133,1,True
16843,0.9869722847938538,1,True
45229,0.9869344954490662,1,True
55898,0.9868660097122193,1,True
94999,0.986855459690094,1,True
18842,0.9868398432731629,1,True
15996,0.9868131999969483,1,True
29987,0.9867923383712769,1,True
35913,0.986722243309021,1,True
94835,0.9866401081085205,1,True
45937,0.9866364126205445,1,True
55936,0.9866343264579773,1,True
24136,0.9865939636230469,1,True
29992,0.9863523964881897,1,True
18973,0.9862859373092652,1,True
14581,0.9862227458953857,1,True
77365,0.9862002959251404,1,True
47882,0.9861760263442994,1,True
67726,0.9861263160705567,1,True
61999,0.9860726823806762,1,True
17556,0.986050986289978,1,True
65747,0.9860061531066895,1,True
56766,0.9859967460632324,1,True
6744,0.9859601488113403,1,True
31995,0.9859175314903259,1,True
56647,0.9859016766548157,1,True
76875,0.985886715888977,1,True
37369,0.9858813514709472,1,True
71998,0.9858790864944458,1,True
6647,0.9858778347969055,1,True
39987,0.9858333592414856,1,True
56748,0.9858271708488464,1,True
66775,0.9858153095245361,1,True
984,0.98581161403656,1,True
94919,0.985795569896698,1,True
70996,0.9857775201797485,1,True
57638,0.9857654695510865,1,True
79999,0.9857234587669372,1,True
36875,0.9857119550704956,1,True
67839,0.985674165725708,1,True
96639,0.9856680264472961,1,True
97377,0.9856557478904724,1,True
36135,0.9856407871246338,1,True
26843,0.9856365551948547,1,True
91605,0.9856319060325622,1,True
77895,0.9856131901741028,1,True
6904,0.9855811228752136,1,True
76668,0.9855182995796203,1,True
51999,0.9853964676856994,1,True
27296,0.9853926529884338,1,True
47880,0.9853917589187622,1,True
9994,0.9853363862037658,1,True
45976,0.9853328695297241,1,True
24385,0.9853306045532226,1,True
19382,0.9852357139587402,1,True
58982,0.9852186670303344,1,True
96273,0.9852137198448181,1,True
66767,0.9851952424049377,1,True
87243,0.9851845135688782,1,True
54474,0.9851777677536011,1,True
36866,0.9851488103866577,1,True
26533,0.9850989809036255,1,True
4927,0.9850962882041931,1,True
67627,0.9850892653465271,1,True
74434,0.9850817551612854,1,True
44892,0.9850436677932739,1,True
37852,0.9850417008399963,1,True
26283,0.9847400417327881,1,True
30882,0.9845515227317809,1,True
20994,0.9845236873626708,1,True
14677,0.9845081305503844,1,True
96521,0.9844843974113464,1,True
40784,0.9844588375091552,1,True
71999,0.9844221806526183,1,True
96216,0.9843671059608459,1,True
21992,0.9843414163589477,1,True
49869,0.984308563709259,1,True
90917,0.9843073225021362,1,True
51978,0.9842933154106139,1,True
40401,0.9842823481559753,1,True
95183,0.9842724432945251,1,True
14726,0.9842329359054565,1,True
35998,0.9842115378379821,1,True
87777,0.9842099881172179,1,True
15938,0.9841958513259887,1,True
1720,0.9841518139839172,1,True
26998,0.9841354823112487,1,True
26937,0.984114441871643,1,True
99995,0.9840823745727538,1,True
7995,0.9840550160408019,1,True
95647,0.9838945007324218,1,True
21613,0.9838787055015563,1,True
56860,0.9838438963890075,1,True
46737,0.9838181471824645,1,True
74201,0.9837670063972472,1,True
86174,0.9837556219100951,1,True
46315,0.9836641287803649,1,True
89963,0.9833667016029357,1,True
57446,0.9831835470199585,1,True
6716,0.983142647743225,1,True
41262,0.9830917558670044,1,True
24444,0.9830312571525573,1,True
56245,0.9830242834091186,1,True
44150,0.9829946002960205,1,True
1977,0.9829829773902893,1,True
51994,0.9829584798812866,1,True
51990,0.9829513869285583,1,True
57982,0.9829118690490722,1,True
41998,0.9829094252586364,1,True
55284,0.9828792653083801,1,True
55954,0.9827986693382262,1,True
56398,0.9827978453636169,1,True
84597,0.9827546319961548,1,True
96434,0.9827127299308777,1,True
55949,0.9827109909057616,1,True
86824,0.9826282105445862,1,True
77488,0.9826077661514282,1,True
19997,0.9825939974784851,1,True
97329,0.9825820169448852,1,True
54462,0.9825023255348205,1,True
19969,0.9823831758499145,1,True
36395,0.9823680362701416,1,True
79971,0.9822831592559814,1,True
18961,0.9822585425376892,1,True
66351,0.9821938714981079,1,True
49715,0.9821276507377624,1,True
95739,0.9820390782356262,1,True
75967,0.9820216035842895,1,True
35765,0.9819679489135742,1,True
9997,0.981867714881897,1,True
15709,0.9818473896980285,1,True
67140,0.9818148455619812,1,True
28980,0.9817292532920837,1,True
86993,0.9817088088989258,1,True
16578,0.9816803283691407,1,True
37183,0.9816442675590515,1,True
20966,0.9816424198150635,1,True
15798,0.9816265544891357,1,True
40829,0.981493408203125,1,True
86598,0.9814382739067078,1,True
40982,0.9814289159774781,1,True
76580,0.9814143724441529,1,True
11299,0.9814140148162842,1,True
64210,0.9814085311889649,1,True
15961,0.9813983983993531,1,True
28940,0.9813963613510132,1,True
69755,0.9813141665458679,1,True
81818,0.9813039250373841,1,True
50784,0.9812433071136475,1,True
36431,0.9812295384407044,1,True
15964,0.98120348072052,1,True
41921,0.9811963982582093,1,True
75605,0.9811919174194336,1,True
61944,0.9811715431213379,1,True
1803,0.9811684436798096,1,True
25801,0.9811562633514403,1,True
6300,0.9811423964500428,1,True
41398,0.9811201639175415,1,True
70665,0.9809977359771729,1,True
94037,0.9809800930023194,1,True
66039,0.980886513710022,1,True
77145,0.9808810896873474,1,True
8962,0.9808098621368408,1,True
54910,0.9807628936767578,1,True
74906,0.9807327933311463,1,True
48973,0.9806266970634461,1,True
97598,0.98059778881073,1,True
25161,0.98047971200943,1,True
68972,0.9804786987304688,1,True
74642,0.9804245777130127,1,True
98871,0.9804102129936219,1,True
5572,0.9803709125518798,1,True
34547,0.9803473196029663,1,True
61410,0.980346495628357,1,True
16990,0.9803023285865784,1,True
76606,0.9802663764953613,1,True
25649,0.9802535719871521,1,True
77982,0.9802088088989258,1,True
87826,0.9801896758079529,1,True
35849,0.9801697082519532,1,True
60688,0.9801093988418579,1,True
843,0.9800892524719238,1,True
90681,0.9800735168457031,1,True
8984,0.9799957818984986,1,True
61709,0.9799926929473877,1,True
40701,0.9799605660438537,1,True
55919,0.9799318261146546,1,True
76734,0.9799096531867981,1,True
30849,0.9798512511253357,1,True
64012,0.9798270516395569,1,True
15066,0.9797205381393432,1,True
70883,0.9796862058639526,1,True
74947,0.979684109210968,1,True
16592,0.9796751790046692,1,True
7332,0.9796603374481201,1,True
50627,0.979646568775177,1,True
35876,0.9796232528686524,1,True
71848,0.9796061568260193,1,True
4925,0.979563111782074,1,True
37297,0.9795349187850952,1,True
84717,0.9793983645439148,1,True
6740,0.9792752318382263,1,True
34767,0.9792048387527466,1,True
30855,0.9791656188964843,1,True
46707,0.9791457109451294,1,True
95593,0.9791322402954101,1,True
70804,0.9791257433891296,1,True
15186,0.9791232295036316,1,True
1736,0.9790998749732971,1,True
95214,0.9790112428665161,1,True
6272,0.9788698010444641,1,True
96947,0.9787738375663757,1,True
70834,0.9787284889221192,1,True
981,0.9786745467185974,1,True
94796,0.9786618790626526,1,True
15920,0.9786211199760437,1,True
30673,0.9785956897735596,1,True
10984,0.9785766758918762,1,True
85823,0.9785026259422303,1,True
85906,0.9784961991310119,1,True
17636,0.9784386210441589,1,True
71927,0.9784345784187317,1,True
66607,0.9784211673736573,1,True
97229,0.9783895664215088,1,True
95228,0.9783752121925354,1,True
70515,0.9783389129638672,1,True
95937,0.9783388323783875,1,True
97135,0.978338008403778,1,True
51747,0.9783198394775391,1,True
17380,0.9783085041046142,1,True
20785,0.9783005275726319,1,True
96606,0.9783003978729248,1,True
35724,0.9782524161338806,1,True
35933,0.9781642608642578,1,True
78983,0.9781527080535889,1,True
30898,0.9780212798118592,1,True
55897,0.9780186467170715,1,True
45960,0.9780162625312805,1,True
58492,0.977971152305603,1,True
46116,0.977961615562439,1,True
35495,0.977868453502655,1,True
98982,0.9778089084625244,1,True
57020,0.977726215839386,1,True
69821,0.9777147927284241,1,True
61697,0.9776097693443299,1,True
45227,0.9775724568367005,1,True
64929,0.9775395445823669,1,True
4912,0.9775164179801941,1,True
4966,0.977488046169281,1,True
85901,0.9774721913337707,1,True
67702,0.9774540820121765,1,True
74792,0.9774311132431031,1,True
97133,0.977342502117157,1,True
27750,0.977284387588501,1,True
67739,0.9772828974723816,1,True
6560,0.977167622089386,1,True
77451,0.9771579661369324,1,True
7291,0.9771196298599243,1,True
84946,0.9770676054954529,1,True
41946,0.9770645761489869,1,True
39993,0.9769916691780091,1,True
41576,0.9769339227676392,1,True
1432,0.9769280219078065,1,True
71787,0.9769046568870545,1,True
85958,0.9768434920310974,1,True
27099,0.976763870716095,1,True
78939,0.9766820335388184,1,True
84977,0.9765994110107422,1,True
25902,0.976563111782074,1,True
31568,0.9765414261817933,1,True
66146,0.9765118026733399,1,True
20112,0.9764958286285401,1,True
35404,0.9764515914916992,1,True
28975,0.976386920452118,1,True
39989,0.9763608732223511,1,True
36647,0.9763518238067628,1,True
46973,0.9763444924354554,1,True
65969,0.9763267793655396,1,True
27153,0.9763232135772706,1,True
34651,0.9762747445106507,1,True
10128,0.9762641453742982,1,True
88963,0.9762465620040894,1,True
39957,0.9762308263778687,1,True
75983,0.976172115802765,1,True
58998,0.9761586451530457,1,True
36789,0.9761004114151002,1,True
59964,0.9759809637069703,1,True
25678,0.9759747543334961,1,True
7952,0.9759578371047974,1,True
90236,0.9759183893203736,1,True
40804,0.9758503699302674,1,True
36548,0.9758431472778321,1,True
34850,0.9757967643737793,1,True
97702,0.9757696652412415,1,True
85965,0.9757647075653076,1,True
36825,0.9757480883598328,1,True
31955,0.9756800303459168,1,True
16583,0.9756778039932251,1,True
50972,0.9755785236358643,1,True
37497,0.9755546221733093,1,True
57858,0.9755109810829163,1,True
41793,0.9754871497154236,1,True
1991,0.9754543075561524,1,True
36826,0.9754500651359559,1,True
61120,0.9754417905807495,1,True
46796,0.9754363560676576,1,True
60996,0.9754266510009766,1,True
21681,0.9753995308876038,1,True
31988,0.9753475556373596,1,True
29998,0.9753030309677124,1,True
27772,0.9752778182029724,1,True
64983,0.9752566480636597,1,True
41799,0.9752047429084778,1,True
21962,0.9751899609565735,1,True
75985,0.975094702243805,1,True
26503,0.9750618705749512,1,True
67335,0.9749997029304505,1,True
45964,0.9749483728408814,1,True
54950,0.974902168750763,1,True
45934,0.9748938241004944,1,True
36843,0.9748717913627625,1,True
7209,0.9748696455955506,1,True
98987,0.974820580482483,1,True
91857,0.9748089084625244,1,True
84964,0.9748004341125489,1,True
26367,0.9746700191497804,1,True
5911,0.9746378326416016,1,True
55858,0.9745943808555604,1,True
36144,0.9745839605331421,1,True
86198,0.9745559463500977,1,True
64326,0.9745534815788269,1,True
54398,0.974534776210785,1,True
35973,0.9745015273094177,1,True
64957,0.9744645023345948,1,True
97640,0.9744241604804993,1,True
44930,0.9743815922737122,1,True
85748,0.9743762769699097,1,True
74607,0.9743751549720765,1,True
78919,0.9743611583709717,1,True
65946,0.9743277797698975,1,True
65252,0.9743131065368653,1,True
37299,0.9743108415603638,1,True
27793,0.9742730031013489,1,True
64840,0.9741053247451783,1,True
14896,0.9740787410736085,1,True
67832,0.974057770729065,1,True
77500,0.9740273232460022,1,True
37715,0.9740205879211425,1,True
90967,0.9740174884796142,1,True
84987,0.9739643106460572,1,True
80952,0.9739593143463134,1,True
91979,0.9739419693946838,1,True
31992,0.9739417905807495,1,True
77800,0.9738982791900634,1,True
28985,0.9738506445884705,1,True
65755,0.9738395476341248,1,True
71991,0.9738289589881897,1,True
54579,0.9738204250335694,1,True
27372,0.9738004083633423,1,True
86308,0.9737753148078918,1,True
5717,0.9737519989013672,1,True
1929,0.9737387771606445,1,True
26522,0.9737212533950805,1,True
31294,0.9737157101631164,1,True
35924,0.9736258859634399,1,True
21998,0.9736240382194519,1,True
65503,0.9736085200309754,1,True
81954,0.9736053223609924,1,True
74294,0.9736020932197571,1,True
97774,0.9736011395454407,1,True
24473,0.9735876092910767,1,True
76415,0.973569082736969,1,True
77928,0.9735278749465943,1,True
76301,0.9735127563476562,1,True
24819,0.9734913477897644,1,True
44259,0.9734550275802613,1,True
75953,0.973425533771515,1,True
20751,0.9733815069198608,1,True
26653,0.9733450288772583,1,True
85983,0.9733235011100769,1,True
44949,0.9733142623901367,1,True
54939,0.9732792744636536,1,True
68753,0.9732777948379516,1,True
27086,0.9732345814704895,1,True
27092,0.9732254514694214,1,True
8888,0.9731902251243592,1,True
80668,0.9731864805221557,1,True
37363,0.973181890964508,1,True
25507,0.9731652894020081,1,True
59824,0.9731578984260559,1,True
31889,0.9731576914787292,1,True
77535,0.9731463665962219,1,True
65660,0.9730986127853394,1,True
76760,0.9730979080200195,1,True
95998,0.9730275149345398,1,True
75895,0.9730077648162843,1,True
56977,0.9729988451004028,1,True
25970,0.972988046169281,1,True
56804,0.9729630227088928,1,True
69236,0.972951427936554,1,True
4092,0.9729058513641358,1,True
7588,0.9729005570411682,1,True
74857,0.9728439326286316,1,True
24793,0.9728211531639099,1,True
75920,0.9727782378196717,1,True
48745,0.9727654509544372,1,True
5680,0.9727462792396546,1,True
95635,0.9726896057128906,1,True
36865,0.972650634765625,1,True
1426,0.9726463537216187,1,True
55882,0.9726369853019714,1,True
51859,0.9726074914932251,1,True
94978,0.972553777217865,1,True
96569,0.9725225443840027,1,True
45325,0.9725170502662659,1,True
10956,0.9725038390159607,1,True
60940,0.9725019912719727,1,True
79997,0.9724964270591736,1,True
6728,0.9724873776435852,1,True
40918,0.9724290947914124,1,True
65796,0.9723720321655274,1,True
8982,0.9723346600532532,1,True
81230,0.9723281245231629,1,True
54946,0.9723157758712768,1,True
21989,0.9723077397346497,1,True
17927,0.9723024244308471,1,True
54765,0.9722977051734925,1,True
26284,0.9722748379707337,1,True
44911,0.9722488293647766,1,True
97505,0.9722481842041015,1,True
44936,0.9722084875106811,1,True
9973,0.9722067484855652,1,True
58988,0.9721993680000305,1,True
36899,0.9721804137229919,1,True
25783,0.9721755752563477,1,True
47295,0.9721746425628662,1,True
65817,0.9721387009620667,1,True
31782,0.9721319060325623,1,True
91887,0.9721183161735535,1,True
24523,0.9720830793380737,1,True
38993,0.9720662112236023,1,True
58713,0.9720518569946289,1,True
18102,0.972049967288971,1,True
10949,0.9720280747413635,1,True
84237,0.9720109086036682,1,True
15921,0.9719729299545288,1,True
45611,0.9719560513496399,1,True
95819,0.9719503397941589,1,True
54976,0.9719255337715149,1,True
21456,0.9719055275917053,1,True
74426,0.9718733305931091,1,True
96581,0.9718659501075745,1,True
71466,0.9718456845283509,1,True
78633,0.9718413228988647,1,True
54265,0.9717747445106506,1,True
4691,0.9717723498344422,1,True
8925,0.9716984610557556,1,True
4837,0.971676992893219,1,True
55112,0.9716530318260193,1,True
94910,0.9716414685249328,1,True
64901,0.9716150636672973,1,True
46679,0.9716050500869751,1,True
4347,0.9715923542976379,1,True
19996,0.9715909342765808,1,True
79882,0.9715509362220764,1,True
97895,0.9715393762588501,1,True
86296,0.9715024809837342,1,True
96757,0.9714720721244812,1,True
95654,0.9713344345092774,1,True
60839,0.9712640728950501,1,True
54695,0.9712202320098877,1,True
79962,0.9711865062713623,1,True
65401,0.9711851353645324,1,True
97276,0.9711766819953919,1,True
56318,0.9711368660926819,1,True
64897,0.9711097249984741,1,True
40959,0.9710504498481751,1,True
24803,0.9710290412902832,1,True
80966,0.9710267868041993,1,True
57873,0.9709696750640869,1,True
19551,0.9709509592056275,1,True
41999,0.9709372606277467,1,True
80723,0.9709341015815736,1,True
71982,0.9709173526763917,1,True
61874,0.9709100213050843,1,True
97215,0.9708808641433716,1,True
91971,0.9708796825408936,1,True
51969,0.9708618607521058,1,True
15793,0.9708518857955932,1,True
60923,0.9708511319160462,1,True
75857,0.9708189945220947,1,True
99994,0.9708068351745606,1,True
91985,0.9708010640144349,1,True
34986,0.9707482438087464,1,True
49965,0.9707313160896301,1,True
5135,0.9707052688598633,1,True
7544,0.9706916298866273,1,True
4776,0.9706704492568969,1,True
54730,0.9706206197738647,1,True
76624,0.9706031169891358,1,True
20592,0.9705540623664857,1,True
56728,0.9705277767181397,1,True
829,0.9705034580230714,1,True
50872,0.9705024447441102,1,True
45244,0.9704879503250122,1,True
81979,0.9704442005157471,1,True
91112,0.9704259719848634,1,True
81815,0.9703768577575684,1,True
41211,0.9703392472267152,1,True
35611,0.9702978115081787,1,True
54277,0.9702747445106507,1,True
20963,0.9702740993499757,1,True
26691,0.9702265944480897,1,True
85532,0.9702243785858155,1,True
45794,0.9700913305282592,1,True
36667,0.9700521316528321,1,True
4816,0.9700097422599793,1,True
79989,0.9699106302261353,1,True
40179,0.9698643770217896,1,True
75838,0.9698426108360291,1,True
66265,0.9698321905136109,1,True
16209,0.9698113884925843,1,True
17625,0.9698034014701844,1,True
85921,0.9697765688896179,1,True
25922,0.9696475143432617,1,True
40780,0.9696373534202576,1,True
8944,0.9696346607208253,1,True
45991,0.9696144547462464,1,True
94877,0.9695997710227966,1,True
11974,0.9695457410812378,1,True
21997,0.9695222568511963,1,True
74564,0.9695111494064331,1,True
7406,0.9695038881301881,1,True
91980,0.9694682550430298,1,True
993,0.9694307637214661,1,True
90191,0.9694156241416931,1,True
56460,0.9694028687477112,1,True
71992,0.9693970274925232,1,True
80984,0.9693877291679383,1,True
30548,0.9693632316589356,1,True
86208,0.9693628635406495,1,True
1958,0.9693541717529297,1,True
66222,0.9693309049606323,1,True
20460,0.9693291974067688,1,True
74915,0.9693189945220948,1,True
74968,0.9693039636611939,1,True
57291,0.9693034973144532,1,True
21985,0.9693024945259094,1,True
27436,0.9692760896682739,1,True
50697,0.969272096157074,1,True
47450,0.9692717385292053,1,True
6672,0.9692455720901489,1,True
763,0.9692440223693848,1,True
31971,0.969238121509552,1,True
800,0.9692090344429016,1,True
8970,0.9691742744445802,1,True
85361,0.9691550817489625,1,True
67597,0.9691406574249268,1,True
50980,0.9691315484046936,1,True
41143,0.9691010308265686,1,True
67259,0.9690928649902344,1,True
15955,0.9690793523788452,1,True
44976,0.9690758566856384,1,True
14892,0.9690478811264038,1,True
34707,0.9690034475326539,1,True
4741,0.968985625743866,1,True
74957,0.9689483728408814,1,True
87347,0.968929120540619,1,True
77918,0.9689083290100098,1,True
65561,0.9689002823829651,1,True
34390,0.9688848938941956,1,True
45412,0.9688839297294617,1,True
15346,0.9688482370376588,1,True
84702,0.9688435773849488,1,True
15999,0.9687481012344361,1,True
36923,0.9687213492393494,1,True
54930,0.968661078453064,1,True
98989,0.968635627269745,1,True
55921,0.9686150636672974,1,True
44602,0.9685407962799073,1,True
55961,0.9685059275627137,1,True
65982,0.9684356536865235,1,True
26454,0.9684140276908875,1,True
47101,0.9683940005302429,1,True
69976,0.9683855261802674,1,True
36458,0.9683609199523926,1,True
57729,0.968341429233551,1,True
18994,0.9683186602592468,1,True
36222,0.9683072056770325,1,True
64965,0.9683063712120057,1,True
56187,0.9682930793762208,1,True
84905,0.968276568889618,1,True
55766,0.9682364654541016,1,True
78798,0.9681915235519409,1,True
55820,0.9681199769973755,1,True
74282,0.9680872540473938,1,True
70975,0.968085735797882,1,True
10416,0.9680835900306701,1,True
14075,0.9680386061668396,1,True
55865,0.9680031728744507,1,True
34832,0.9679979767799378,1,True
21977,0.9679659304618835,1,True
80954,0.9679587779045105,1,True
30488,0.9679029283523559,1,True
91998,0.9679023323059082,1,True
8564,0.9679020237922669,1,True
81899,0.9678892788887024,1,True
17537,0.9678865370750427,1,True
74850,0.9678863968849183,1,True
5623,0.9678788866996766,1,True
45742,0.9678461742401123,1,True
44538,0.9678278546333313,1,True
98947,0.9678098645210267,1,True
44478,0.967716772556305,1,True
26372,0.9676914510726928,1,True
31244,0.9676729035377503,1,True
38981,0.9676584196090698,1,True
31140,0.9675757584571838,1,True
94729,0.967556365966797,1,True
5917,0.9675505948066712,1,True
28973,0.9675492730140687,1,True
16607,0.9675489258766174,1,True
5982,0.9675065469741821,1,True
65427,0.9673667740821839,1,True
64809,0.9673409056663513,1,True
38949,0.9673374485969544,1,True
75290,0.9673365545272827,1,True
64860,0.9673022327423095,1,True
58995,0.9672812309265137,1,True
54882,0.9672741484642029,1,True
29860,0.9672699761390686,1,True
34375,0.967241355419159,1,True
85811,0.9672398161888123,1,True
25793,0.9672164511680603,1,True
54934,0.9672135901451111,1,True
74982,0.9672126960754395,1,True
64982,0.9671863508224487,1,True
29986,0.967129487991333,1,True
24911,0.9670913305282594,1,True
65932,0.9670559358596802,1,True
35953,0.9670496878623962,1,True
25864,0.9670437169075012,1,True
76969,0.9670315084457397,1,True
84546,0.9669914331436158,1,True
95813,0.9669905004501342,1,True
27291,0.9669836354255676,1,True
35668,0.9669383044242859,1,True
98047,0.9669192519187928,1,True
36772,0.9669163522720337,1,True
54343,0.9668798041343689,1,True
36864,0.9668774304389953,1,True
46824,0.9668405947685241,1,True
85119,0.9667918872833252,1,True
30899,0.9667588276863098,1,True
78872,0.966748267173767,1,True
24472,0.9667049241065979,1,True
74801,0.9666776251792908,1,True
25985,0.9666669664382934,1,True
76381,0.9666458067893982,1,True
85991,0.9666441378593444,1,True
84725,0.9666176733970642,1,True
96873,0.9665741620063781,1,True
54785,0.9665544223785401,1,True
81066,0.966538637638092,1,True
90109,0.9665280385017395,1,True
76957,0.9665222463607788,1,True
85255,0.9664975805282593,1,True
1228,0.9664812488555908,1,True
56740,0.9664767084121704,1,True
45733,0.9664558362960816,1,True
15737,0.9664505314826966,1,True
15288,0.9664505314826966,1,True
50827,0.966422836303711,1,True
1911,0.9664202136993408,1,True
7673,0.9664195475578308,1,True
71267,0.9663964805603027,1,True
30914,0.9663788480758667,1,True
21938,0.9662980837821961,1,True
91761,0.9662835402488709,1,True
57893,0.9662730393409729,1,True
61950,0.9662565393447876,1,True
90958,0.9662523670196533,1,True
24947,0.9662499127388,1,True
81981,0.9662490887641907,1,True
68522,0.966237693786621,1,True
95586,0.9662236762046814,1,True
91751,0.9662213129997254,1,True
85188,0.9661938738822937,1,True
45993,0.9661932287216186,1,True
31864,0.9661778612136841,1,True
94876,0.9661763501167298,1,True
66532,0.966134886264801,1,True
64730,0.9661268186569214,1,True
77707,0.9661262927055358,1,True
75533,0.9661033940315247,1,True
74918,0.9660917711257935,1,True
81644,0.9660890398025512,1,True
94746,0.966083664894104,1,True
75834,0.9660413351058961,1,True
24982,0.9659498524665833,1,True
80129,0.9659384889602661,1,True
95406,0.9659197030067443,1,True
94880,0.9658883018493652,1,True
55326,0.9658816156387329,1,True
94849,0.9658697543144226,1,True
5979,0.9658608136177063,1,True
35396,0.9657322568893433,1,True
75347,0.9657028017044067,1,True
54320,0.9656943378448486,1,True
65604,0.9656852078437805,1,True
51806,0.9656777186393738,1,True
80481,0.9656727118492127,1,True
14737,0.9656657276153564,1,True
21900,0.9656583471298218,1,True
44441,0.9656559419631958,1,True
18711,0.965600257396698,1,True
94868,0.9655913305282593,1,True
34290,0.9655521912574768,1,True
5703,0.9655153942108154,1,True
59911,0.96548898935318,1,True
54719,0.965480595588684,1,True
56839,0.9654342231750488,1,True
76331,0.9653713507652283,1,True
87502,0.9652654333114624,1,True
75786,0.9652392563819885,1,True
79708,0.9652225670814514,1,True
48988,0.965180356502533,1,True
64996,0.9651784105300903,1,True
21908,0.9651562480926514,1,True
85998,0.9651073617935181,1,True
54647,0.9650971484184265,1,True
85835,0.9650514421463012,1,True
55447,0.9649778409004212,1,True
60496,0.9649750499725342,1,True
81985,0.9649253396987916,1,True
74955,0.9649244947433472,1,True
71986,0.9649181871414185,1,True
77613,0.9649121565818787,1,True
51958,0.9648848681449891,1,True
26345,0.9648414058685303,1,True
28363,0.9648351898193359,1,True
30935,0.9648301510810853,1,True
41905,0.964791467666626,1,True
40960,0.9647824077606202,1,True
20635,0.9647594599723817,1,True
45221,0.9647534680366516,1,True
78977,0.9647494254112243,1,True
4675,0.9647383389472961,1,True
74358,0.9647149143218994,1,True
5857,0.96469686460495,1,True
1946,0.9646849541664124,1,True
27141,0.9646349248886108,1,True
26922,0.9646104378700256,1,True
30792,0.9645790367126466,1,True
45921,0.9645670456886292,1,True
30764,0.9645551948547364,1,True
87176,0.9645517272949219,1,True
5607,0.9645211291313172,1,True
69763,0.9645084052085877,1,True
39977,0.9644959478378297,1,True
41829,0.9644806294441224,1,True
99986,0.9644752545356751,1,True
95985,0.9644498524665832,1,True
26291,0.9644439725875855,1,True
40845,0.9644375352859498,1,True
60864,0.9644177465438843,1,True
94987,0.96440891456604,1,True
8996,0.9643939328193665,1,True
25973,0.9643916187286377,1,True
95419,0.9642295641899109,1,True
34595,0.9642229270935059,1,True
76637,0.9642104907035828,1,True
25683,0.9642083940505981,1,True
15751,0.9641793174743652,1,True
85540,0.9640734491348266,1,True
48999,0.9640663175582886,1,True
64555,0.9640208883285523,1,True
89572,0.9640034346580506,1,True
56851,0.9639792351722718,1,True
65139,0.9639573287963867,1,True
89956,0.9639001293182373,1,True
77225,0.9638818306922913,1,True
48696,0.9638564987182617,1,True
56864,0.9637879638671876,1,True
17552,0.9637608332633972,1,True
14634,0.9637584981918335,1,True
75255,0.9637473030090332,1,True
81654,0.9636957063674927,1,True
16432,0.9636825127601624,1,True
9718,0.9636186270713807,1,True
85860,0.9636021656990051,1,True
19978,0.963587751865387,1,True
55065,0.9635803503990173,1,True
70919,0.9635794773101807,1,True
41645,0.9635664238929749,1,True
891,0.9635334625244141,1,True
60947,0.9635305418968201,1,True
75634,0.9635240836143494,1,True
85680,0.9634630975723266,1,True
90895,0.9634346976280213,1,True
28718,0.9634312896728516,1,True
70939,0.9634024515151978,1,True
877,0.9633871331214905,1,True
26935,0.96334814119339,1,True
51788,0.9633303894996643,1,True
11934,0.9633228793144226,1,True
75275,0.9632842345237732,1,True
41515,0.9632802619934082,1,True
95990,0.963267734527588,1,True
50193,0.9632647647857666,1,True
61443,0.9632517113685608,1,True
5567,0.963243812084198,1,True
11966,0.963242889881134,1,True
64990,0.96322207736969,1,True
7362,0.9632021098136903,1,True
14615,0.9631717009544373,1,True
87284,0.9631681842803955,1,True
20885,0.9631664171218872,1,True
4448,0.9631510181427002,1,True
76861,0.9631033344268799,1,True
17268,0.9630905895233155,1,True
29981,0.9630842714309693,1,True
71748,0.9630581154823303,1,True
75264,0.96300909948349,1,True
68998,0.9629805593490601,1,True
84989,0.9629734663963319,1,True
88651,0.9628961873054505,1,True
29707,0.9628267688751221,1,True
46490,0.9628213658332825,1,True
61952,0.9628061666488648,1,True
65743,0.9627986459732056,1,True
59914,0.9627328424453736,1,True
24036,0.9627121596336365,1,True
21327,0.9626666007041931,1,True
16934,0.9626459879875183,1,True
9806,0.962602427482605,1,True
94742,0.9625770220756531,1,True
24804,0.9624277157783508,1,True
64991,0.9624217061996461,1,True
59983,0.9624158544540405,1,True
66322,0.9623237862586975,1,True
9969,0.96223024559021,1,True
57644,0.9621675624847412,1,True
45814,0.9621119303703308,1,True
70931,0.9620649933815002,1,True
85594,0.9620528516769409,1,True
50834,0.962027084827423,1,True
5513,0.9619763402938843,1,True
17832,0.9619006633758544,1,True
24265,0.9618820562362671,1,True
76347,0.9618379592895507,1,True
74249,0.9618367462158204,1,True
30564,0.9618359923362731,1,True
57960,0.9618341937065125,1,True
41595,0.9617859840393066,1,True
38984,0.9617791681289674,1,True
41847,0.9617729902267456,1,True
75463,0.9617677345275879,1,True
28317,0.9617637481689454,1,True
65348,0.961746196269989,1,True
71952,0.9617167830467224,1,True
17779,0.9617119340896607,1,True
38259,0.9616954832077027,1,True
89352,0.9616862549781799,1,True
75855,0.9616671814918518,1,True
10643,0.961661946773529,1,True
31925,0.9616201639175415,1,True
37266,0.9615700855255127,1,True
85740,0.9615592970848084,1,True
69988,0.9615468573570252,1,True
55215,0.9614793462753296,1,True
55749,0.961470892906189,1,True
76966,0.9614469423294068,1,True
9858,0.9613370594978332,1,True
95993,0.9612759962081909,1,True
94993,0.9612755193710327,1,True
54455,0.9612620487213135,1,True
95733,0.9612620487213135,1,True
11827,0.9612500190734863,1,True
80511,0.961187195777893,1,True
57947,0.9611587643623352,1,True
37444,0.9611383585929871,1,True
36405,0.9611246600151062,1,True
24569,0.9610914392471314,1,True
65489,0.9610420479774475,1,True
56897,0.9608737349510192,1,True
11759,0.9608473896980285,1,True
57398,0.9608232989311218,1,True
10715,0.9607911825180053,1,True
49975,0.9607718601226807,1,True
74902,0.9607433094978333,1,True
97751,0.9606796026229858,1,True
84138,0.9605932459831238,1,True
76722,0.9605764269828796,1,True
76165,0.9605562806129455,1,True
18988,0.9604969038963318,1,True
68929,0.9604968547821044,1,True
26943,0.9604630589485168,1,True
81833,0.9604349956512451,1,True
34993,0.9604293227195739,1,True
77958,0.9603708505630493,1,True
10695,0.960345588684082,1,True
70305,0.9603263363838196,1,True
51855,0.9603219256401062,1,True
81504,0.960294924736023,1,True
11845,0.9602932558059692,1,True
37486,0.960233868598938,1,True
94930,0.9601905465126037,1,True
60423,0.9601366744041443,1,True
68782,0.9600612149238587,1,True
37038,0.960010172367096,1,True
74418,0.95998654794693,1,True
68668,0.9599653706550598,1,True
40158,0.9599625692367554,1,True
91948,0.9599466547966004,1,True
34289,0.9598981051445008,1,True
46259,0.9598792910575866,1,True
86893,0.9598751187324523,1,True
64379,0.9598601965904237,1,True
931,0.9596536383628845,1,True
84637,0.9596489086151123,1,True
45747,0.959642481803894,1,True
96794,0.9596238746643067,1,True
39970,0.9596011161804199,1,True
14253,0.9595230236053467,1,True
54139,0.9594914331436157,1,True
71959,0.9592491612434387,1,True
11906,0.9591542811393738,1,True
47737,0.9591377601623535,1,True
71926,0.9591009349822999,1,True
96962,0.959076069355011,1,True
1909,0.9590708346366883,1,True
46847,0.9590518698692322,1,True
21805,0.9590223164558411,1,True
71921,0.9590025873184205,1,True
41966,0.9589962692260743,1,True
35762,0.9589558854103089,1,True
81922,0.9589158029556275,1,True
68840,0.9588855519294739,1,True
85996,0.9588602304458618,1,True
90893,0.9588470788002015,1,True
36943,0.9588222727775574,1,True
5531,0.9588031992912293,1,True
79767,0.9587800130844116,1,True
25773,0.9587698698043823,1,True
50471,0.9587642879486085,1,True
30987,0.9587632150650025,1,True
37288,0.9587525458335877,1,True
55477,0.9587130069732666,1,True
21919,0.9586727352142335,1,True
34758,0.9586722373962402,1,True
69578,0.9586246237754822,1,True
55981,0.9586230144500733,1,True
70631,0.9586121768951417,1,True
25124,0.9585736513137817,1,True
87674,0.958539210319519,1,True
79959,0.958484980583191,1,True
61225,0.9584208459854127,1,True
54959,0.9583751153945923,1,True
80685,0.9583707780838013,1,True
710,0.9583668441772462,1,True
75271,0.958273142337799,1,True
61940,0.9582643837928773,1,True
99901,0.958224925518036,1,True
74594,0.9581469626426697,1,True
39944,0.9580147981643676,1,True
14799,0.9580100402832031,1,True
94909,0.9580018639564514,1,True
84497,0.9579587206840515,1,True
26855,0.9579057321548462,1,True
96792,0.9578860135078431,1,True
44908,0.9578809962272644,1,True
9987,0.957820188999176,1,True
5686,0.9577497363090515,1,True
88863,0.9577383131980897,1,True
55165,0.9576638565063477,1,True
30284,0.9576340155601502,1,True
1666,0.9576148228645325,1,True
86167,0.9575763673782349,1,True
4208,0.9575676546096802,1,True
6214,0.9575058550834656,1,True
24891,0.9575023384094239,1,True
80703,0.9575016932487488,1,True
21122,0.9574950771331787,1,True
5244,0.957487973690033,1,True
70489,0.9574360089302063,1,True
17747,0.9574113817214966,1,True
91403,0.9573704438209534,1,True
70988,0.9573393301963806,1,True
7963,0.9572137327194215,1,True
39980,0.95718821144104,1,True
70362,0.9571783380508423,1,True
54172,0.9570538625717163,1,True
94932,0.9569957690238953,1,True
54099,0.956963182926178,1,True
96820,0.9568611116409302,1,True
38861,0.9568276243209839,1,True
7128,0.9568187923431397,1,True
34786,0.9567705020904541,1,True
85664,0.9567629427909852,1,True
31675,0.956583722114563,1,True
91773,0.956458731174469,1,True
29893,0.9563576312065125,1,True
19644,0.9563219456672669,1,True
7149,0.9563189477920533,1,True
71350,0.9563175172805787,1,True
79932,0.9562889771461487,1,True
46955,0.9562876062393189,1,True
11042,0.9562784271240234,1,True
18511,0.9562720985412598,1,True
68920,0.9562613801956177,1,True
80886,0.9562466650009156,1,True
27311,0.9562443332672119,1,True
30816,0.9561865272521972,1,True
74900,0.9561807074546814,1,True
47563,0.9561143846511841,1,True
36774,0.9560976462364197,1,True
66794,0.9560478763580322,1,True
659,0.9560419754981995,1,True
74229,0.9560103149414063,1,True
95675,0.9559933066368103,1,True
59932,0.9559455947875977,1,True
1619,0.9559050741195678,1,True
35287,0.9558922872543335,1,True
95860,0.9558710188865662,1,True
70827,0.9558100643157958,1,True
70875,0.9558026137351989,1,True
46693,0.9557063417434692,1,True
29706,0.9556662874221802,1,True
91814,0.955628010749817,1,True
51756,0.9556136074066162,1,True
1965,0.9556052627563476,1,True
47643,0.9555510120391846,1,True
30805,0.9555386247634887,1,True
76716,0.9554495053291321,1,True
50670,0.9552887024879455,1,True
6390,0.9552613334655762,1,True
81860,0.955169672012329,1,True
70139,0.9551653208732604,1,True
87847,0.9551393823623657,1,True
87349,0.9551222758293152,1,True
40741,0.95511501455307,1,True
51726,0.9550779404640197,1,True
69226,0.9550484957695007,1,True
75692,0.9550457434654236,1,True
35892,0.9549994306564331,1,True
14363,0.9549849643707276,1,True
67908,0.9549073414802551,1,True
98994,0.9547923045158386,1,True
18772,0.9547593364715576,1,True
46350,0.9547280015945434,1,True
55999,0.9547250809669494,1,True
65630,0.954635235786438,1,True
61909,0.9545968818664551,1,True
36761,0.9545602145195007,1,True
90840,0.9545469927787781,1,True
21818,0.9545455517768859,1,True
11912,0.9543568539619446,1,True
76558,0.9543397965431213,1,True
31620,0.9543250846862793,1,True
1443,0.9543196606636047,1,True
79822,0.9543068947792053,1,True
60484,0.9541879343986511,1,True
91621,0.9541665363311768,1,True
47904,0.9541665258407592,1,True
21712,0.9541468667984009,1,True
97345,0.954135033607483,1,True
87495,0.9540242881774903,1,True
4734,0.954013461112976,1,True
76430,0.9539807276725769,1,True
10205,0.9539800930023193,1,True
36353,0.9539607706069946,1,True
75833,0.9538356499671936,1,True
45805,0.953832094669342,1,True
16214,0.9537992315292358,1,True
84434,0.9537289786338806,1,True
61327,0.9537172365188599,1,True
74137,0.9537127065658569,1,True
56900,0.9535900893211364,1,True
41697,0.9535646486282349,1,True
38963,0.9535285949707031,1,True
54435,0.953449709892273,1,True
55507,0.953196291923523,1,True
14997,0.9531784105300903,1,True
37479,0.9531358914375305,1,True
98924,0.9530837831497192,1,True
76343,0.9530655193328857,1,True
88917,0.9530585947036743,1,True
24898,0.9530481429100037,1,True
909,0.9530310783386231,1,True
15304,0.9530200901031494,1,True
70977,0.9530026469230652,1,True
44540,0.9529997897148133,1,True
34711,0.9529114379882813,1,True
69960,0.9529033842086791,1,True
56319,0.9528939318656922,1,True
55431,0.9528475384712219,1,True
94626,0.9527184205055237,1,True
84763,0.9527069973945618,1,True
91963,0.9526267800331116,1,True
49223,0.9526253180503845,1,True
58974,0.9526221694946289,1,True
80948,0.9525804672241212,1,True
80969,0.9525742087364197,1,True
46816,0.9525494027137756,1,True
81584,0.9525161962509155,1,True
50500,0.9524725828170777,1,True
90822,0.9524470720291138,1,True
80324,0.9524300847053528,1,True
94353,0.9524063200950623,1,True
54995,0.9523893046379089,1,True
34866,0.9523847222328186,1,True
14233,0.9523684535026551,1,True
5509,0.952290946483612,1,True
64264,0.9522391710281373,1,True
70261,0.9522186074256898,1,True
20425,0.9522083554267884,1,True
4713,0.9521565976142883,1,True
30645,0.9520864639282227,1,True
18308,0.952058032989502,1,True
60786,0.9519071135520936,1,True
4330,0.9518992457389832,1,True
45497,0.9518915462493897,1,True
68400,0.951864902973175,1,True
36880,0.9518225941658021,1,True
99891,0.9518184218406678,1,True
35399,0.9517877850532532,1,True
87328,0.9517533721923828,1,True
10558,0.9517320547103882,1,True
74969,0.9517243552207947,1,True
20339,0.9516796450614929,1,True
44041,0.9516745643615723,1,True
57628,0.9516526508331299,1,True
44733,0.9516114888191223,1,True
74677,0.9515667114257813,1,True
11984,0.9515275020599365,1,True
19966,0.9515236663818359,1,True
41148,0.9515177760124207,1,True
61852,0.9515106339454651,1,True
65633,0.9514820728302003,1,True
61926,0.9514615197181702,1,True
75829,0.9514392766952515,1,True
51115,0.9512995738983154,1,True
31400,0.9512624402046204,1,True
20619,0.9512589130401612,1,True
91880,0.9512578649520874,1,True
1974,0.9512525458335876,1,True
60541,0.9512014050483704,1,True
25641,0.9511652145385743,1,True
45988,0.9511230144500733,1,True
96356,0.951114978313446,1,True
11866,0.9510907788276672,1,True
65702,0.9510827322006226,1,True
74620,0.9510809335708619,1,True
61889,0.951053168296814,1,True
74141,0.9509806785583497,1,True
1926,0.95097793674469,1,True
51691,0.9509517211914063,1,True
25916,0.9509087920188903,1,True
95471,0.9509063024520874,1,True
24374,0.9508297700881958,1,True
19949,0.950810875415802,1,True
64319,0.9507863183021545,1,True
81676,0.9507641453742981,1,True
4876,0.9507475647926331,1,True
80707,0.9507449526786804,1,True
4479,0.9507194910049439,1,True
14701,0.9507073421478272,1,True
65377,0.9506903548240662,1,True
25562,0.9506903548240662,1,True
44175,0.9506757516860962,1,True
94807,0.9506565976142883,1,True
34861,0.9506326365470886,1,True
80202,0.9505794796943665,1,True
88978,0.950397285938263,1,True
65835,0.9503914270401002,1,True
31604,0.9503606114387513,1,True
14400,0.9503561410903931,1,True
89623,0.9502568993568421,1,True
10897,0.9502401609420776,1,True
938,0.9502173428535461,1,True
74030,0.9501709599494934,1,True
55654,0.9501304287910461,1,True
40689,0.9500992064476013,1,True
14710,0.9499119777679443,1,True
99865,0.9498760957717896,1,True
61464,0.9498652477264404,1,True
60926,0.9498001103401184,1,True
20555,0.9497636322975158,1,True
90983,0.9497080211639404,1,True
8179,0.9496899542808532,1,True
31985,0.9496808414459228,1,True
5457,0.9496673707962036,1,True
43597,0.9496586546897888,1,False
10801,0.9496219520568847,1,True
5551,0.9496021528244019,1,True
38787,0.9495883350372314,1,True
57370,0.9495483684539795,1,True
44749,0.9495330114364624,1,True
50691,0.9494511251449584,1,True
41803,0.949339247226715,1,True
51734,0.9493343000411987,1,True
51882,0.9493322734832763,1,True
65692,0.9492996068000794,1,True
70276,0.949265218257904,1,True
45529,0.9492199573516846,1,True
67285,0.9492146525382996,1,True
55715,0.9491648335456848,1,True
8455,0.9489792351722717,1,True
34221,0.9489345912933349,1,True
35473,0.9488660950660706,1,True
17494,0.9488271908760071,1,True
14367,0.9488228011131287,1,True
99921,0.9488076863288879,1,True
91234,0.9487644200325012,1,True
4207,0.9487483863830566,1,True
17169,0.9486770887374878,1,True
64249,0.9486709599494934,1,True
34654,0.9486304287910461,1,True
1514,0.9486095180511475,1,True
58647,0.9486028566360474,1,True
54516,0.9485653896331787,1,True
70677,0.9485416603088379,1,True
90587,0.9484436979293823,1,True
924,0.9484010210037231,1,True
4746,0.9483455080986023,1,True
51917,0.9483272304534912,1,True
28956,0.9482363123893738,1,True
902,0.9482015838623047,1,True
24549,0.9481709961891174,1,True
31608,0.9481444826126099,1,True
5329,0.9480651979446411,1,True
35318,0.9480651979446411,1,True
25560,0.9480330114364623,1,True
65935,0.9480106387138367,1,True
94684,0.9479860429763793,1,True
44633,0.9478709464073181,1,True
56085,0.9478310852050782,1,True
95499,0.9476643462181091,1,True
25937,0.9475808262825012,1,True
25776,0.947520839214325,1,True
24207,0.947449709892273,1,True
29782,0.9474439072608948,1,True
34512,0.9473274607658386,1,True
5166,0.9473008980751038,1,True
70821,0.9472131705284118,1,True
48860,0.947133756160736,1,True
779,0.947123942375183,1,True
24327,0.9471124877929687,1,True
55489,0.9470895400047302,1,True
61876,0.9469054317474365,1,True
24304,0.9468795528411865,1,True
11587,0.9468431448936462,1,True
21563,0.9468111968040466,1,True
90240,0.9467186307907104,1,True
14990,0.9466932287216187,1,True
17086,0.9466495876312255,1,True
94190,0.9466451978683471,1,True
74173,0.9466150765419006,1,True
9879,0.9466120157241822,1,True
8784,0.9465247440338135,1,True
41584,0.9464805102348327,1,True
54656,0.9463898305892944,1,True
40407,0.946380542755127,1,True
4589,0.9462698850631714,1,True
14436,0.9462586617469787,1,True
84567,0.9462329616546631,1,True
65893,0.9462042989730834,1,True
49630,0.9461726417541504,1,True
58823,0.9461284747123718,1,True
50700,0.9461071467399597,1,True
78881,0.9460873794555664,1,True
15761,0.946055588722229,1,True
98424,0.9459797506332397,1,True
14062,0.94582444190979,1,True
39963,0.9458125700950623,1,True
1504,0.9457887983322143,1,True
41669,0.9457874870300292,1,True
21867,0.945765790939331,1,True
50993,0.945737121105194,1,True
1404,0.9457307434082031,1,True
71899,0.9457041001319885,1,True
44336,0.9456948614120483,1,True
95249,0.9456709599494934,1,True
4915,0.9456541938781738,1,True
5389,0.9456304287910461,1,True
34234,0.9456244683265685,1,True
44718,0.9455632438659668,1,True
84604,0.9455443353652955,1,True
41825,0.9454734406471252,1,True
41423,0.9454696855545044,1,True
58948,0.9453986930847168,1,True
89990,0.9453590631484985,1,True
91692,0.9452976665496826,1,True
68706,0.9452826952934265,1,True
34723,0.9452600736618042,1,True
70636,0.9452285251617432,1,True
64059,0.9450155262947082,1,True
71380,0.9450019679069519,1,True
4381,0.9449306778907776,1,True
34362,0.9449139213562011,1,True
50923,0.9447938284873962,1,True
88313,0.944770393371582,1,True
5286,0.9447496757507324,1,True
31627,0.9446199021339416,1,True
35497,0.9445218529701234,1,True
9945,0.9444720091819763,1,True
4462,0.9444180107116699,1,True
35172,0.9443417272567749,1,True
9917,0.9443381404876708,1,True
58787,0.944335587978363,1,True
35562,0.9443308792114258,1,True
65182,0.9442797980308533,1,True
15133,0.9442713236808776,1,True
65317,0.9442233910560608,1,True
86246,0.9442037916183471,1,True
91554,0.9441356844902038,1,True
70365,0.944104974269867,1,True
91929,0.9440908617973327,1,True
51796,0.9440371441841126,1,True
1894,0.9439929909706115,1,True
15725,0.9439344978332519,1,True
14336,0.9439344978332519,1,True
80467,0.9439147896766662,1,True
84941,0.9438935251235963,1,True
25261,0.9438425664901733,1,True
31964,0.9438369460105895,1,True
10923,0.9438220448493957,1,True
69472,0.9438100538253784,1,True
31983,0.9437843046188354,1,True
4632,0.9437815523147582,1,True
24185,0.94376451587677,1,True
48731,0.9437224946022034,1,True
45710,0.9437070851325988,1,True
11105,0.9436632475852966,1,True
514,0.9436528868675231,1,True
40522,0.943647880077362,1,True
35590,0.9436469650268554,1,True
612,0.9435914344787597,1,True
58080,0.9434884834289551,1,True
54947,0.9434274973869323,1,True
19217,0.9433154053688049,1,True
41561,0.9433042979240417,1,True
80130,0.9432335681915283,1,True
55219,0.9432057118415832,1,True
25863,0.9431844787597656,1,True
44667,0.9431704120635986,1,True
44985,0.9431341128349304,1,True
48202,0.9429732646942139,1,True
58805,0.9429680294990539,1,True
79873,0.9429527606964112,1,True
84706,0.9429318985939026,1,True
70717,0.9429201073646545,1,True
45528,0.9429175934791565,1,True
90224,0.9428532905578613,1,True
19525,0.9427782378196716,1,True
54301,0.9427025995254517,1,True
91553,0.9425819597244263,1,True
35865,0.9425727281570435,1,True
64790,0.9424617023468018,1,True
4341,0.9424392766952514,1,True
80536,0.9423682384490967,1,True
21885,0.9423444561958313,1,True
31968,0.9422137432098389,1,True
61985,0.9420795030593871,1,True
29774,0.9420578455924987,1,True
91932,0.9418693475723267,1,True
50911,0.9418396892547607,1,True
74800,0.9418289532661438,1,True
75310,0.9418122148513793,1,True
29651,0.9416885666847229,1,True
51645,0.9416362338066101,1,True
81233,0.9416099481582642,1,True
18421,0.9415309724807739,1,True
20992,0.9415267543792725,1,True
99827,0.9414037728309632,1,True
95878,0.941393397808075,1,True
5451,0.9413656568527221,1,True
65986,0.9413637776374817,1,True
61517,0.9412517137527465,1,True
90886,0.9411907382011413,1,True
45245,0.9411225609779358,1,True
71725,0.9411138691902161,1,True
25292,0.941102548122406,1,True
54619,0.9410701370239257,1,True
20258,0.9410626864433288,1,True
7022,0.9410056061744689,1,True
8968,0.9409876651763915,1,True
75204,0.9409808702468871,1,True
64644,0.9409752078056335,1,True
11254,0.9409568495750427,1,True
75557,0.9409477620124818,1,True
95639,0.9409333548545837,1,True
94582,0.9409267983436584,1,True
14972,0.9408764395713807,1,True
1763,0.9408186473846436,1,True
34530,0.9407909698486328,1,True
98926,0.94071808385849,1,True
87198,0.9406817321777343,1,True
65657,0.9406370706558227,1,True
4376,0.9405756673812866,1,True
14808,0.9405368928909301,1,True
94454,0.9403898305892944,1,True
24231,0.9403225965499877,1,True
91147,0.9403201141357422,1,True
11458,0.9401956810951233,1,True
31445,0.940095941066742,1,True
48972,0.9400806403160095,1,True
34936,0.9400310950279236,1,True
65013,0.9399960227012634,1,True
18714,0.9399731941223144,1,True
98960,0.9399068751335145,1,True
85726,0.9397286086082459,1,True
64457,0.9397265114784241,1,True
9714,0.9396248154640198,1,True
4398,0.9396197385787963,1,True
74538,0.9395857639312744,1,True
94964,0.9395827417373657,1,True
65293,0.9395372457504272,1,True
58417,0.9394457035064697,1,True
95907,0.9392581419944763,1,True
24458,0.9392539658546448,1,True
91587,0.9391932988166809,1,True
54645,0.9391877837181091,1,True
41108,0.9391123452186585,1,True
41574,0.9390152597427368,1,True
4946,0.9390084090232849,1,True
65859,0.9389497509002686,1,True
11083,0.9389363431930542,1,True
69880,0.9389024877548218,1,True
98687,0.9388766193389892,1,True
50406,0.938621928691864,1,True
35822,0.938510187625885,1,True
4922,0.9384344654083252,1,True
44771,0.9384236135482789,1,True
79760,0.9383378529548645,1,True
25344,0.9383273591995239,1,True
65906,0.9382259335517884,1,True
95903,0.9382209157943725,1,True
50399,0.9382084374427795,1,True
34277,0.938183385848999,1,True
5304,0.9380176568031311,1,True
74714,0.9380095400810242,1,True
74566,0.9380052871704101,1,True
4129,0.9379808702468873,1,True
49683,0.937920024394989,1,True
19697,0.9377776288986206,1,True
68302,0.9376854000091552,1,True
88390,0.9376415276527406,1,True
85814,0.9375949234962464,1,True
59969,0.9375068941116333,1,True
51293,0.9374659070968627,1,True
71532,0.9373992691040038,1,True
80694,0.9373753676414489,1,True
38775,0.9373682608604431,1,True
20446,0.9372095828056335,1,True
68727,0.9372070336341858,1,True
81065,0.9371345720291138,1,True
90888,0.9371164450645446,1,True
88848,0.9370793008804321,1,True
37058,0.9369358220100403,1,True
59849,0.9368595280647278,1,True
71339,0.9368553066253662,1,True
45369,0.9368063468933105,1,True
14543,0.9367287311553956,1,True
38910,0.9366556348800659,1,True
41239,0.9366516971588135,1,True
18997,0.9366070184707642,1,True
4096,0.9365925450325012,1,True
55231,0.9365734748840332,1,True
48766,0.9365671148300171,1,True
11614,0.9365240240097046,1,True
35484,0.9364894042015075,1,True
55301,0.9364783668518066,1,True
85871,0.9363888549804688,1,True
61362,0.9362350220680237,1,True
14855,0.9361747865676879,1,True
88992,0.9361330318450928,1,True
94331,0.9361282982826233,1,True
35349,0.9360307364463807,1,True
14931,0.9360119957923889,1,True
70747,0.9357879276275635,1,True
50880,0.9355708093643189,1,True
54818,0.9355228662490844,1,True
65440,0.935515317440033,1,True
45884,0.9353889484405518,1,True
94658,0.9352875294685363,1,True
71378,0.9351853246688843,1,True
34288,0.9351741189956665,1,True
55906,0.9351372308731078,1,True
31415,0.935056589126587,1,True
58934,0.9349937658309937,1,True
9257,0.9349749798774719,1,True
47133,0.9349702501296997,1,True
40616,0.9348736624717713,1,True
78406,0.9348391342163086,1,True
54048,0.9348112459182739,1,True
21596,0.9347464561462402,1,True
39681,0.9344664330482483,1,True
44952,0.9344039750099182,1,True
91575,0.9343629698753357,1,True
85730,0.9343495764732361,1,True
79557,0.9342128643989562,1,True
70068,0.9342091898918152,1,True
31123,0.934101245880127,1,True
71581,0.9340009908676148,1,True
41396,0.9339400472640991,1,True
95254,0.9337044367790222,1,True
25875,0.9336973824501038,1,True
55855,0.9336381845474243,1,True
58917,0.9334894533157349,1,True
45640,0.9334114732742309,1,True
45065,0.9334073286056519,1,True
24388,0.9334073286056519,1,True
8388,0.9333800439834594,1,True
9848,0.9333294043540954,1,True
47537,0.9332290272712708,1,True
71218,0.9329551782608032,1,True
88703,0.9329237561225892,1,True
91607,0.9328825798034668,1,True
68968,0.9328485841751099,1,True
90540,0.9328438963890076,1,True
77033,0.9328238482475281,1,True
99113,0.9327703232765198,1,True
24463,0.9326951971054077,1,True
51287,0.932694857597351,1,True
45525,0.9326502623558044,1,True
91981,0.932583055973053,1,True
43256,0.9323853158950806,1,True
55787,0.9322558126449585,1,True
84128,0.9322074975967407,1,True
45335,0.9321861176490784,1,True
48938,0.9321109275817872,1,True
18825,0.9321063275337219,1,True
45795,0.9320870122909546,1,True
15137,0.932022849559784,1,True
80120,0.9319832649230957,1,True
5844,0.931844621181488,1,True
90568,0.9318162035942077,1,True
60195,0.9317060542106628,1,True
38975,0.9316451172828675,1,True
66476,0.9315346283912659,1,True
54841,0.9314615702629089,1,True
31379,0.9314473700523376,1,True
59781,0.931366991519928,1,True
71352,0.9312165808677673,1,True
21179,0.9309846591949462,1,True
61119,0.9308429789543151,1,True
34379,0.9306868886947631,1,True
61885,0.9306833686828613,1,True
18980,0.9306640949249267,1,True
71766,0.9304722275733948,1,True
34958,0.9304466047286988,1,True
28822,0.9304199476242065,1,True
4227,0.9303896646499634,1,True
28760,0.9303659524917602,1,True
40244,0.9302815732955932,1,True
79589,0.9301841764450074,1,True
54708,0.9300024237632751,1,True
95431,0.9299397687911988,1,True
30477,0.9299063620567322,1,True
9056,0.9299022984504699,1,True
75851,0.929897723197937,1,True
30995,0.9298440647125243,1,True
14906,0.9297248244285583,1,True
89683,0.9297168021202087,1,True
54965,0.9296889667510986,1,True
91041,0.9296491155624389,1,True
10354,0.9296331939697265,1,True
71611,0.9296114978790283,1,True
39819,0.9295902090072632,1,True
39729,0.9295232830047607,1,True
49591,0.9294563155174256,1,True
24434,0.9294347071647644,1,True
69989,0.9293810877799988,1,True
55547,0.9293424215316772,1,True
49639,0.9292623271942139,1,True
89785,0.9292249512672424,1,True
98845,0.9291869831085204,1,True
5956,0.9291542181968688,1,True
94686,0.929138885974884,1,True
55963,0.92893630361557,1,True
54698,0.9288764290809631,1,True
23508,0.9288643398284913,1,True
14554,0.9288570961952209,1,True
54853,0.9287489628791809,1,True
88736,0.9286776580810547,1,True
1849,0.928622965335846,1,True
96106,0.9286114201545715,1,True
48613,0.9285109195709229,1,True
64960,0.9284378547668457,1,True
75877,0.9284174523353577,1,True
66299,0.9283660731315613,1,True
95326,0.9282938604354858,1,True
40488,0.9282893862724304,1,True
74638,0.9282718629837037,1,True
41277,0.9281004114151001,1,True
39296,0.9280680460929871,1,True
48292,0.9279135966300964,1,True
8903,0.9276049776077271,1,True
34703,0.9274326500892639,1,True
25738,0.9274240045547486,1,True
34527,0.9272949213981628,1,True
68924,0.9271291642189026,1,True
5925,0.9271121315956116,1,True
70741,0.9271062169075013,1,True
25629,0.9270875606536866,1,True
80799,0.927080572605133,1,True
54819,0.927058943271637,1,True
44929,0.9270215148925781,1,True
11531,0.9269848999977112,1,True
94841,0.9269080452919006,1,True
90556,0.9269056506156921,1,True
65944,0.9268698806762695,1,True
65885,0.926865231513977,1,True
91335,0.9268279714584351,1,True
59950,0.926757333278656,1,True
69738,0.9267141861915589,1,True
81932,0.9266533193588257,1,True
15523,0.9265995001792907,1,True
4574,0.9265176348686218,1,True
40343,0.9264894275665283,1,True
25830,0.9264874925613403,1,True
64261,0.9264625988006592,1,True
85947,0.926417622089386,1,True
65921,0.9263735599517822,1,True
58550,0.9261597332954407,1,True
4545,0.9261241040229797,1,True
14772,0.926093719959259,1,True
52297,0.9260233755111694,1,True
18691,0.9260079412460327,1,True
55419,0.9259852566719056,1,True
95962,0.925919979095459,1,True
7197,0.925770031452179,1,True
55577,0.9257149391174316,1,True
88810,0.9256710839271545,1,True
38647,0.9256574659347534,1,True
94980,0.9256138916015625,1,True
85629,0.9255506830215454,1,True
1310,0.9254509954452514,1,True
65890,0.9253258118629455,1,True
44475,0.9253082284927368,1,True
80905,0.9253070645332336,1,True
9216,0.9252040638923644,1,True
24899,0.9251847977638245,1,True
95793,0.9251026134490967,1,True
88459,0.9250355019569396,1,True
84826,0.9250263023376465,1,True
84803,0.9249969696998596,1,True
1692,0.9249865560531616,1,True
45511,0.9249744181632995,1,True
80178,0.9249442472457885,1,True
96098,0.9248863959312439,1,True
95757,0.9248823819160461,1,True
21283,0.9247574462890624,1,True
65329,0.9247019124031066,1,True
10851,0.9246914534568786,1,True
89970,0.9246448745727539,1,True
47658,0.9246166114807128,1,True
65976,0.9245107817649841,1,True
94935,0.924502640247345,1,True
69119,0.9242161664962769,1,True
38528,0.9241779808998107,1,True
50718,0.9241624026298523,1,True
44546,0.9241506152153015,1,True
81802,0.9241437358856202,1,True
49868,0.9240032091140746,1,True
79865,0.9239509954452514,1,True
5522,0.9239100685119629,1,True
58454,0.9238934278488159,1,True
13760,0.9235501370429993,1,True
95665,0.9233191618919372,1,True
2481,0.9231766366958618,1,True
60874,0.9231586813926697,1,True
68609,0.9231256747245788,1,True
55846,0.9231015067100525,1,True
15918,0.9230529990196228,1,True
20880,0.9230476169586181,1,True
25055,0.9230220465660095,1,True
19887,0.9229846258163452,1,True
59031,0.9229405074119568,1,True
4605,0.9229015016555786,1,True
98838,0.9228603601455688,1,True
26356,0.9227231678962707,1,True
84508,0.9226918020248414,1,True
90524,0.9226384625434876,1,True
55853,0.9223486404418946,1,True
66465,0.9223275089263916,1,True
93723,0.9221919012069701,1,True
61059,0.9221681714057922,1,True
38862,0.9221527442932129,1,True
98764,0.9219770298004151,1,True
64522,0.921876669883728,1,True
45510,0.921747661113739,1,True
33584,0.9217454133033752,1,True
89188,0.921629951953888,1,True
35521,0.9215547943115234,1,True
55755,0.9215520629882812,1,True
90034,0.9215327858924866,1,True
64942,0.9214330010414123,1,True
64765,0.9213507013320923,1,True
75738,0.9212755994796753,1,True
64441,0.9210249266624451,1,True
18758,0.921019600391388,1,True
45666,0.9208661503791808,1,True
64935,0.9208648633956908,1,True
64311,0.9208318319320679,1,True
44480,0.9208094487190246,1,True
81965,0.9207436308860779,1,True
14695,0.9207332181930542,1,True
25293,0.9207238321304321,1,True
55856,0.9206988296508789,1,True
30100,0.9206847519874573,1,True
66795,0.9206201939582825,1,False
58672,0.9205714435577392,1,True
1422,0.9204380483627319,1,True
64766,0.9203323941230774,1,True
25739,0.9202902569770812,1,True
89512,0.9202079639434815,1,True
85962,0.9201741471290588,1,True
90313,0.9201020078659058,1,True
95959,0.9200393533706664,1,True
44945,0.9199940218925475,1,True
80612,0.9199676380157471,1,True
54864,0.9199348139762878,1,True
20876,0.9199086890220642,1,True
44910,0.9199002814292907,1,True
84737,0.9198947944641114,1,True
44981,0.9198857660293579,1,True
24874,0.91975843667984,1,True
84721,0.919756416797638,1,True
44862,0.9197552213668823,1,True
31172,0.9197512383460998,1,True
44960,0.9197042908668518,1,True
32719,0.9196394305229187,1,True
19438,0.9195954174995422,1,True
67001,0.9195803270339966,1,True
72248,0.9195430812835693,1,True
21545,0.919509078502655,1,True
65974,0.9194738206863403,1,True
21757,0.9194735960960388,1,True
9643,0.9193695650100708,1,True
55808,0.9193402957916259,1,True
5032,0.9193122148513794,1,True
5555,0.9192883801460265,1,True
35904,0.9192784719467163,1,True
54846,0.9192258234024048,1,True
99632,0.9190633268356323,1,True
85889,0.9188738474845886,1,True
68220,0.9188499703407287,1,True
15529,0.9186765980720519,1,True
55944,0.9186645126342773,1,True
14976,0.9185817394256592,1,True
91894,0.9185587139129638,1,True
79967,0.9185026259422302,1,True
11581,0.918496199131012,1,True
58836,0.9184047656059265,1,True
35337,0.9183745989799499,1,True
94986,0.9182684078216552,1,True
72523,0.9182663393020629,1,True
94313,0.9181976118087769,1,True
34272,0.9181654391288757,1,True
35542,0.9181502470970153,1,True
89965,0.9179619522094726,1,True
2656,0.917871458530426,1,True
92743,0.9178531389236451,1,True
90246,0.9178255977630615,1,True
64962,0.917628776550293,1,True
54447,0.917476728439331,1,True
25885,0.9174510951042175,1,True
51216,0.91744651222229,1,True
8713,0.9172710852622986,1,True
84766,0.9172384395599364,1,True
49102,0.9171634392738343,1,True
85918,0.9171503405570984,1,True
29791,0.9171100025177001,1,True
84974,0.9171098828315735,1,True
65402,0.9170260615348815,1,True
18810,0.9169481334686279,1,True
41265,0.9169250311851501,1,True
83415,0.916905249595642,1,True
55809,0.9168571033477784,1,True
8075,0.9168126277923584,1,True
88396,0.9166670875549316,1,True
88553,0.9166365871429443,1,True
94593,0.9166166758537292,1,True
75891,0.9165631227493286,1,True
4548,0.9164805283546448,1,True
85729,0.9164227676391601,1,True
15837,0.9162754459381104,1,True
43928,0.9162255253791809,1,True
75626,0.9161551637649537,1,True
93675,0.9160580992698669,1,True
5144,0.9159825415611267,1,True
10717,0.9159709992408752,1,True
33588,0.9157766251564026,1,True
48905,0.9157479486465454,1,True
74866,0.9157440462112427,1,True
91347,0.9156902122497559,1,True
4634,0.91567249584198,1,True
84422,0.9156430969238281,1,True
19375,0.9155621008872986,1,True
94953,0.9155474138259887,1,True
98771,0.915542739868164,1,True
53495,0.915518835067749,1,False
79915,0.9155106620788575,1,True
80486,0.9155057573318481,1,True
75812,0.9153746237754822,1,True
74983,0.9153176379203796,1,True
75893,0.9153052926063537,1,True
11693,0.9152724328041076,1,True
48419,0.9151426839828491,1,True
12738,0.9151412711143494,1,True
19546,0.9151291823387145,1,True
4802,0.915114761352539,1,True
54211,0.9151095371246338,1,True
45652,0.9149344258308411,1,True
75723,0.9148513612747192,1,True
34109,0.9148443632125854,1,True
91483,0.9147968511581421,1,True
5902,0.9147936568260193,1,True
8831,0.9147363910675048,1,True
29733,0.9146689748764038,1,True
51372,0.9146213326454162,1,True
90483,0.9145503926277161,1,True
85753,0.9144846663475037,1,True
14462,0.9144435567855835,1,True
94754,0.9144247813224793,1,True
44778,0.9143641142845154,1,True
5839,0.914346643447876,1,True
64944,0.9143374009132386,1,True
79715,0.9143064346313476,1,True
15636,0.9140477156639099,1,True
1893,0.9139005827903748,1,True
34863,0.913873996257782,1,True
54497,0.9138357753753662,1,True
24516,0.9138202323913573,1,True
95843,0.9137956476211547,1,True
74711,0.9137859706878662,1,True
2427,0.9137489032745361,1,True
54356,0.9137274317741394,1,True
88754,0.9137161068916321,1,True
34777,0.9136991548538208,1,True
64922,0.9136874370574951,1,True
97703,0.9136697907447815,1,True
81940,0.9136520314216614,1,True
84670,0.9136437640190125,1,True
95608,0.9136276359558105,1,True
73486,0.9135186610221863,1,True
79979,0.9134765276908874,1,True
90441,0.9134208459854126,1,True
4866,0.9133178744316102,1,True
75576,0.9133157181739807,1,True
48796,0.9132805967330933,1,True
45966,0.91324431848526,1,True
65572,0.9132408094406128,1,True
94786,0.9132392244338989,1,True
95328,0.9129998025894165,1,True
80987,0.912997537612915,1,True
55847,0.9129617328643799,1,True
51357,0.9128949542045594,1,True
33613,0.912875982761383,1,True
59817,0.9126811671257019,1,True
55639,0.9126772398948669,1,True
7634,0.9126611642837524,1,True
25382,0.9126585803031921,1,True
15736,0.9126569676399231,1,True
30979,0.9125173907279969,1,True
26739,0.9125020518302918,1,True
45907,0.9124977002143859,1,True
48348,0.9123639259338379,1,True
24694,0.9123158917427063,1,True
75697,0.9122305312156678,1,True
29652,0.9118752484321594,1,True
34676,0.9118557405471801,1,True
61647,0.9118437666893006,1,True
93698,0.9118017420768738,1,True
88307,0.9117672348022461,1,True
36639,0.9117365493774414,1,False
5661,0.91173166847229,1,True
45935,0.9114778118133545,1,True
1874,0.9114634823799133,1,True
54596,0.9114361343383789,1,True
60373,0.9113764767646789,1,True
94694,0.9113315386772156,1,True
95746,0.9113161678314209,1,True
38947,0.9112865056991577,1,True
84849,0.9112498731613159,1,True
35220,0.9112478852272033,1,True
74830,0.9112331137657166,1,True
8875,0.911225197315216,1,True
64389,0.9109926023483277,1,True
56654,0.9109604930877685,1,True
18815,0.9109266657829285,1,True
38737,0.9109215712547302,1,True
84734,0.9107881617546081,1,True
34973,0.910765501499176,1,True
95842,0.9105764145851135,1,True
14996,0.910575650215149,1,True
34421,0.9105426397323608,1,True
54982,0.9104291629791259,1,True
53341,0.9102955222129822,1,True
49514,0.9101645708084106,1,True
25945,0.9100765242576598,1,True
25908,0.9100747084617614,1,True
81707,0.9099624938964843,1,True
25954,0.909800495147705,1,True
64908,0.9097358450889588,1,True
55930,0.9096775412559509,1,True
81030,0.909526825428009,1,True
5124,0.909526222705841,1,True
21941,0.9094339442253112,1,True
38070,0.9093795528411865,1,True
94365,0.9093726811408996,1,True
84892,0.909336049079895,1,True
15493,0.9093040132522583,1,True
17597,0.9092938981056213,1,True
95561,0.9092677240371704,1,True
30955,0.9092417364120483,1,True
87409,0.9091796607971192,1,True
44740,0.9090771226882934,1,True
44937,0.9090179672241211,1,True
51155,0.9089876627922058,1,True
49158,0.9089254250526428,1,True
62006,0.9089135785102844,1,False
25910,0.9089101424217224,1,True
58627,0.9088482966423035,1,True
9615,0.9087234463691711,1,True
58466,0.9084920296669006,1,True
14328,0.9083970651626587,1,True
54966,0.9083744153976441,1,True
18336,0.9083071398735046,1,True
64940,0.9081498289108276,1,True
4795,0.9080903959274291,1,True
72148,0.9078185005187989,1,True
74718,0.9078120002746581,1,True
45677,0.907654125213623,1,False
79698,0.9076422667503357,1,True
5900,0.9076138987541198,1,True
18759,0.9076029353141785,1,True
42443,0.9075300350189208,1,True
93716,0.9074792656898498,1,True
61492,0.9074784455299377,1,True
98435,0.9074317607879638,1,True
4914,0.9074143462181091,1,True
44639,0.907351333618164,1,True
49136,0.9072498788833618,1,True
44729,0.9072187414169312,1,True
85885,0.9071967716217041,1,True
35697,0.9071108989715576,1,True
28915,0.9070187816619872,1,True
55860,0.9070033445358276,1,True
25992,0.906986500263214,1,True
84295,0.9068407635688782,1,True
46057,0.9068394203186035,1,True
29266,0.906768256187439,1,True
60471,0.9067654228210449,1,True
93190,0.9067639679908752,1,True
92518,0.9067160668373108,1,True
3440,0.9066755251884461,1,True
20041,0.9066292262077331,1,True
75900,0.9065174117088317,1,True
58918,0.9064981417655945,1,True
80708,0.9064625225067139,1,True
10452,0.9064497075080872,1,True
65754,0.9064131317138672,1,True
38951,0.9064042997360229,1,True
89465,0.9063968067169189,1,True
72440,0.9062027411460877,1,True
79639,0.9060264973640442,1,True
75715,0.9059201521873474,1,True
91643,0.9058606634140014,1,True
75977,0.9057418956756591,1,True
9209,0.9056968097686767,1,True
8093,0.905671260356903,1,True
64682,0.9055885858535766,1,True
64628,0.9055304083824158,1,True
85853,0.9054782295227051,1,True
75917,0.9053992357254028,1,True
71717,0.9053845233917236,1,True
35701,0.9053696441650391,1,True
84853,0.9053600087165832,1,True
75860,0.905339515209198,1,True
210,0.9053210620880127,1,True
15680,0.9053169355392456,1,True
1813,0.9052974586486816,1,True
83450,0.9052932724952698,1,True
74914,0.9048506207466125,1,True
15610,0.904803406715393,1,True
48249,0.9047375745773315,1,True
66454,0.9046351184844971,1,True
43356,0.9045627965927123,1,True
66256,0.9045314936637878,1,True
63711,0.9045041279792786,1,True
35956,0.9043115811347961,1,True
70922,0.9042845792770385,1,True
19180,0.9042359738349914,1,True
74945,0.9042160658836365,1,True
4958,0.9042114901542664,1,True
85505,0.9041318025588989,1,True
83694,0.9040588707923889,1,True
14195,0.9039334349632263,1,True
95306,0.9039262752532959,1,True
34462,0.9039244275093079,1,True
14978,0.903900550365448,1,True
69464,0.9038855791091919,1,True
89090,0.9037783570289611,1,True
14826,0.9037588143348694,1,True
67784,0.9037204575538635,1,True
376,0.9037199234962463,1,True
22306,0.9036552352905274,1,True
74843,0.9036070709228515,1,True
93501,0.9035810556411743,1,True
94255,0.9035643873214722,1,True
84808,0.903508821964264,1,True
53350,0.903488552570343,1,True
67270,0.9034839839935302,1,True
95717,0.9034689426422119,1,True
2714,0.9034544339179993,1,True
14645,0.9032956156730652,1,True
65994,0.9032666025161743,1,True
15838,0.9030925254821778,1,True
5853,0.9030453462600708,1,True
61868,0.9030309467315674,1,True
39945,0.9030018563270569,1,True
51977,0.9029787120819092,1,True
75740,0.902939127445221,1,True
25424,0.9029153909683227,1,True
65461,0.9029119868278503,1,True
84712,0.9027990703582763,1,True
73402,0.9027603240013122,1,True
62394,0.902702139377594,1,True
70823,0.9026190891265868,1,True
94697,0.902613808631897,1,True
28971,0.9025861487388611,1,True
14951,0.9025531840324401,1,True
59625,0.9025305271148681,1,True
9416,0.9024878606796265,1,True
94855,0.9024803223609924,1,True
94955,0.9024356613159179,1,True
42365,0.9023931174278259,1,True
52523,0.9023592863082885,1,True
44977,0.902283655166626,1,True
74656,0.9022644906044006,1,True
91555,0.9022537088394165,1,True
34539,0.902176658153534,1,True
84569,0.9019943380355835,1,True
47432,0.9019901480674744,1,True
32599,0.9019322504997254,1,True
35522,0.9018843603134155,1,True
35950,0.9018478436470032,1,True
31792,0.9018404808044433,1,True
24712,0.9018240122795105,1,True
35623,0.9018231601715088,1,True
25662,0.9018105487823487,1,True
41787,0.9017466731071472,1,True
15865,0.901698281288147,1,True
20791,0.9016520490646363,1,True
44548,0.9016390380859375,1,True
39774,0.9016278319358826,1,True
21987,0.9016211881637572,1,True
44505,0.9015956878662109,1,True
98796,0.901561131477356,1,True
65884,0.9015551881790161,1,True
47587,0.9014969372749329,1,True
84489,0.9014445233345032,1,True
45276,0.901428777217865,1,True
25814,0.9014230060577393,1,True
80410,0.9013394541740417,1,True
48143,0.9012805967330932,1,True
19642,0.9012470707893372,1,True
14419,0.9012440204620361,1,True
49938,0.9011241869926453,1,True
75942,0.9010974702835083,1,True
4919,0.9010522270202637,1,True
14837,0.9010364489555359,1,True
65882,0.9009785203933716,1,True
70566,0.9009702458381652,1,True
94669,0.9008858070373535,1,True
71538,0.9008478455543518,1,True
38773,0.9007404069900513,1,True
99588,0.9007047033309936,1,True
12385,0.900668758392334,1,True
14736,0.9006110439300536,1,True
88961,0.900577654838562,1,True
4967,0.9005674338340759,1,True
90735,0.9005656666755676,1,True
36680,0.9005114202499389,1,False
22356,0.9004324541091919,1,True
85940,0.9004159049987793,1,True
75412,0.9004117155075073,1,True
64945,0.9003416833877563,1,True
85963,0.9003325219154358,1,True
32536,0.9002724962234497,1,True
65977,0.9001708669662476,1,True
10137,0.9001702213287354,1,True
4937,0.9001150488853454,1,True
45841,0.9001004595756531,1,True
53357,0.9000274543762207,1,True
30389,0.9000264549255371,1,True
74507,0.8999598698616028,1,True
25448,0.8999428682327271,1,True
94886,0.8998073315620422,1,True
23626,0.8997982535362243,1,True
2503,0.8997553768157959,1,True
80746,0.8996799030303955,1,True
67381,0.8996371631622314,1,True
95902,0.8995894408226013,1,True
14636,0.8995526056289673,1,True
55600,0.8995383458137513,1,True
45670,0.8995331110954284,1,True
56052,0.8994425573348999,1,True
25833,0.8992691679000855,1,True
41393,0.8992645077705383,1,True
26263,0.8992569241523742,1,True
24076,0.8992446665763855,1,True
53306,0.8992440600395203,1,True
43373,0.8992337274551392,1,True
24124,0.8992073545455932,1,True
70081,0.899186755180359,1,True
22536,0.8991219406127929,1,True
38338,0.8990979585647583,1,True
33525,0.898999740600586,1,True
5641,0.8989233102798462,1,True
5811,0.898837746143341,1,True
63523,0.8988301582336425,1,True
28238,0.8988057026863099,1,True
83262,0.898778537273407,1,True
5266,0.8987751994132995,1,True
74904,0.8987557296752929,1,True
15880,0.8987397313117981,1,True
70980,0.898719801902771,1,True
33716,0.8987108159065247,1,True
94522,0.8986949610710144,1,True
64953,0.8986014876365662,1,True
94406,0.8985908808708191,1,True
95584,0.8984713525772094,1,True
64939,0.8984416880607605,1,True
74462,0.898406096458435,1,True
14959,0.898312071800232,1,True
3380,0.8982480978965759,1,True
62358,0.8982421026229859,1,True
81310,0.898241614818573,1,True
94236,0.8981782836914063,1,True
8919,0.8980376200675965,1,True
45557,0.898000608921051,1,True
54725,0.8979799299240112,1,True
59654,0.8978966021537781,1,True
14770,0.8978930931091309,1,True
79061,0.8978866586685181,1,True
34895,0.8978790264129639,1,True
90788,0.8978746676445007,1,True
38846,0.8978347959518432,1,True
95627,0.8978008885383606,1,True
64987,0.8978006248474121,1,True
48958,0.8977886095046996,1,True
65706,0.89778058385849,1,True
34631,0.8977468686103821,1,True
64530,0.8976665706634521,1,True
25796,0.8976538677215576,1,True
22712,0.8976110329627991,1,False
55905,0.897504014968872,1,True
34726,0.8974130754470825,1,True
15242,0.8974121222496032,1,True
64745,0.8974083948135376,1,True
64310,0.8973997592926025,1,True
23456,0.8973642592430114,1,True
4789,0.8973055071830749,1,True
64861,0.8972256512641907,1,True
62373,0.8972180595397949,1,True
60730,0.8972126111984253,1,True
72518,0.8972048940658569,1,True
65564,0.8972004556655884,1,True
54564,0.89717152261734,1,True
14929,0.8971689038276672,1,True
40553,0.8971104273796082,1,True
43253,0.8970149164199829,1,True
53581,0.8968919835090637,1,True
70850,0.8968819561004638,1,True
56764,0.8968416991233825,1,True
69780,0.8968192558288575,1,True
64285,0.8966575975418091,1,True
13481,0.8966473803520203,1,True
75921,0.8966363043785095,1,True
94896,0.8966182584762573,1,True
74238,0.8966008186340332,1,True
4678,0.8965771765708923,1,True
69704,0.8965194931030274,1,True
64252,0.8965053563117981,1,True
45512,0.8964972434043884,1,True
32577,0.8964913702011108,1,True
73223,0.8964776859283448,1,True
12311,0.8964667325019836,1,True
24346,0.8964564213752746,1,True
65713,0.8964362645149231,1,True
29910,0.8964345426559448,1,True
77387,0.8964174890518188,1,True
85960,0.8963926157951355,1,True
34645,0.896391571521759,1,True
15934,0.8963881769180297,1,True
50956,0.8963562498092652,1,True
67620,0.8963040719032287,1,True
64874,0.8962921400070191,1,True
28743,0.8962768359184266,1,True
42268,0.8962034201622009,1,True
54152,0.8960454926490784,1,True
4429,0.8958319187164306,1,True
89617,0.8958226900100708,1,True
55060,0.8958076734542847,1,True
61350,0.8957990760803223,1,True
95874,0.8957156090736389,1,True
24831,0.895707130908966,1,True
88411,0.8956954836845398,1,True
13380,0.8956525330543518,1,True
54445,0.8956398520469666,1,True
93761,0.8956388239860534,1,True
24963,0.8956079773902893,1,True
74285,0.8955986962318421,1,True
21311,0.8955964412689209,1,True
64968,0.895529197216034,1,True
85831,0.89550031042099,1,True
24013,0.8954847774505615,1,True
90293,0.8954822182655334,1,True
21167,0.8954319014549255,1,True
66353,0.8953830637931823,1,True
60972,0.8953655681610108,1,True
25514,0.8952853899002076,1,True
35583,0.895242880821228,1,True
35535,0.8950303101539612,1,True
73566,0.894982675075531,1,True
24954,0.8949515509605408,1,True
15764,0.8948932962417603,1,True
62443,0.894845871925354,1,True
64815,0.8948304839134216,1,True
85406,0.8947555465698243,1,True
45612,0.8945544090270996,1,True
33258,0.8944690546989441,1,True
85552,0.8944290328025818,1,True
74873,0.894428719997406,1,True
34945,0.8944110875129699,1,True
63308,0.8943936514854431,1,True
73792,0.8941710314750672,1,True
49293,0.8941447701454163,1,True
92380,0.8939600100517273,1,True
10676,0.8939427981376649,1,True
80499,0.8938509683609008,1,True
39293,0.8938290762901306,1,True
4269,0.8937476077079773,1,True
24887,0.8937342877388,1,True
55837,0.89373029088974,1,True
86236,0.893689962387085,1,True
24644,0.893646258354187,1,True
99423,0.8935866322517395,1,True
84664,0.8935278553962708,1,True
65825,0.8935247211456299,1,True
9722,0.893479820728302,1,True
53416,0.8934416108131409,1,True
84928,0.8934182744026185,1,True
85794,0.8934140563011169,1,True
21385,0.8934123587608338,1,True
14495,0.8933757514953613,1,True
35772,0.8933668599128723,1,True
96397,0.8933546099662781,1,True
67517,0.8933430004119873,1,True
45657,0.8933265953063965,1,True
14687,0.8932604870796204,1,True
55966,0.8932365183830261,1,True
64825,0.8932286262512207,1,True
52735,0.8931694631576538,1,True
15874,0.8931512842178344,1,True
48100,0.8931382093429565,1,True
84762,0.893014838218689,1,True
4610,0.892860038280487,1,True
4536,0.8928583760261536,1,True
90481,0.8928407506942749,1,True
64941,0.8928366103172303,1,True
5363,0.8928067831993103,1,True
29057,0.8927132530212403,1,True
19860,0.8926213808059692,1,True
15573,0.892497347354889,1,True
4804,0.8924829163551331,1,True
14392,0.892434920310974,1,True
84918,0.8924347062110901,1,True
44382,0.8924067411422729,1,True
35643,0.89233514213562,1,True
23247,0.892275912284851,1,True
8457,0.8922628588676452,1,True
44603,0.892250437259674,1,True
78845,0.8922295293807984,1,True
1544,0.89221257686615,1,True
67762,0.8922011337280273,1,True
62655,0.8921554126739502,1,True
192,0.8921249022483826,1,True
78803,0.8920707321166992,1,True
74888,0.8920516271591187,1,True
94087,0.8920493831634522,1,True
52615,0.8920239810943603,1,True
80909,0.8919095401763916,1,True
86419,0.8918585362434387,1,True
44467,0.8918478569984436,1,True
85919,0.8918073954582214,1,True
4950,0.8917978062629699,1,True
63122,0.891782473564148,1,True
1648,0.8916919379234314,1,True
63742,0.8916126108169555,1,True
73677,0.8916103739738465,1,False
54859,0.8915956516265869,1,True
54884,0.8915364255905152,1,True
98174,0.8915253949165345,1,True
38987,0.8915197787284851,1,True
39603,0.8915007328987121,1,True
74518,0.891417592048645,1,True
54985,0.8913187985420227,1,True
47123,0.891222891330719,1,True
38451,0.8911750040054321,1,True
52516,0.8911266226768494,1,True
22473,0.8911169457435608,1,True
10791,0.8911072969436645,1,True
14753,0.8910737781524658,1,True
72481,0.8910213046073914,1,True
14294,0.8909880743026733,1,True
59924,0.8909547863006592,1,True
84792,0.8909431982040406,1,True
76605,0.8909409227371216,1,True
24373,0.8909266495704651,1,True
50763,0.8908506498336792,1,True
85931,0.8907274932861329,1,True
84439,0.8907043414115906,1,True
87838,0.8905584964752198,1,True
31749,0.8905104441642762,1,True
17228,0.8905054197311402,1,True
45484,0.8904742851257323,1,True
13663,0.8904574866294861,1,True
52668,0.8903702187538147,1,True
52366,0.8903231239318847,1,True
15913,0.890306101322174,1,True
63270,0.8902422018051147,1,True
59423,0.8902193312644958,1,True
72734,0.8902077960968018,1,True
69417,0.8901809177398682,1,True
75987,0.8901714477539062,1,True
11879,0.8901462626457215,1,True
33603,0.8901068992614746,1,True
33782,0.8900068964958191,1,True
85662,0.889976758480072,1,True
22498,0.8899249510765076,1,True
52318,0.8899099373817444,1,True
55232,0.8898874707221984,1,True
69914,0.8898028950691224,1,True
15272,0.8896469516754151,1,True
94620,0.8896216721534729,1,True
83407,0.8896142563819885,1,True
61974,0.8895963501930237,1,True
24563,0.889548291683197,1,True
84695,0.8895430679321289,1,True
99881,0.8895198850631714,1,True
60351,0.8895024728775025,1,True
14728,0.8894234232902527,1,True
63650,0.8893960194587708,1,True
33446,0.8893224005699157,1,True
38852,0.8893090209960938,1,True
42794,0.8892675499916076,1,True
82787,0.8892224612236023,1,True
44885,0.8891743321418762,1,True
34971,0.8891550626754761,1,True
73737,0.8891144642829896,1,True
94316,0.8890636677742004,1,True
23164,0.8890547547340393,1,True
74926,0.889050256729126,1,True
60387,0.8890303549766541,1,True
25477,0.889025004863739,1,True
4782,0.8889811778068543,1,True
64698,0.8889258089065551,1,True
35138,0.8888967957496643,1,True
65641,0.8888955192565918,1,True
69503,0.8887878379821778,1,True
30648,0.888765657901764,1,True
85980,0.8887565035820008,1,True
4488,0.8887536740303039,1,True
33293,0.8887231774330139,1,True
41242,0.8884554085731506,1,True
5966,0.8884230928421021,1,True
15857,0.8883863725662231,1,True
33337,0.8883613667488098,1,True
79796,0.8882588682174682,1,True
46558,0.8882165627479554,1,True
65361,0.8882051644325256,1,True
85703,0.8881640963554382,1,True
44880,0.8881631293296814,1,True
18844,0.8881533780097961,1,True
73401,0.8880270371437073,1,True
55399,0.8880265674591065,1,True
15672,0.8879984660148621,1,True
64806,0.8879975123405457,1,True
47857,0.8879614343643188,1,True
12667,0.8879524683952331,1,False
45949,0.8879467463493347,1,True
98993,0.8879100370407105,1,True
9602,0.8879008893966674,1,True
24573,0.8878486762046813,1,True
54658,0.887845513343811,1,True
72689,0.8878258819580078,1,True
65166,0.8878165035247803,1,True
15200,0.887806426525116,1,True
54972,0.8877461171150207,1,True
65879,0.8876898088455201,1,True
15363,0.8876575689315795,1,True
21501,0.8876376647949219,1,True
14551,0.887629096031189,1,True
24871,0.8876173152923583,1,True
24916,0.8876143946647643,1,True
25975,0.8876047911643982,1,True
5678,0.8874859185218811,1,True
94632,0.8874400482177734,1,True
55211,0.8873814845085144,1,True
61313,0.887320746421814,1,True
94381,0.8873004846572876,1,True
43520,0.8871519532203674,1,True
92402,0.8871358847618103,1,True
8540,0.8871229753494263,1,True
94826,0.887111243724823,1,True
73448,0.8870720481872558,1,True
78784,0.8870712909698486,1,True
28077,0.8870345182418823,1,True
4763,0.8869789667129516,1,True
38348,0.8869687147140503,1,True
50510,0.8869611024856567,1,True
42478,0.8869173460006714,1,True
52341,0.8869128022193908,1,True
98770,0.886904664516449,1,True
65337,0.8868822846412658,1,True
16397,0.8868425393104553,1,True
84199,0.8868154082298279,1,True
54915,0.8868065128326417,1,True
65677,0.8867742323875427,1,True
24612,0.8867493524551391,1,True
14822,0.8866486797332764,1,True
50853,0.8866274151802063,1,True
86013,0.8865074586868287,1,True
44501,0.8865048575401306,1,True
16916,0.8864698910713196,1,False
82512,0.8863803749084472,1,True
2544,0.8863634819984436,1,True
40643,0.8863544044494629,1,True
72428,0.8863121204376221,1,True
18636,0.8863081760406494,1,True
45047,0.8862454581260681,1,True
5818,0.8862421875,1,True
34911,0.8862097659111023,1,True
42381,0.8861833186149597,1,True
14381,0.8861658930778503,1,True
73704,0.8860965337753296,1,True
54961,0.8860819063186646,1,True
43534,0.8860812892913819,1,True
94989,0.8860569400787354,1,True
12708,0.8860372519493103,1,True
15707,0.8860314283370971,1,True
85834,0.8860195498466492,1,True
24272,0.8859477014541626,1,True
34881,0.885924684047699,1,True
24902,0.885893180847168,1,True
13218,0.8858866415023804,1,True
89609,0.8858140921592712,1,True
64992,0.8857905201911926,1,True
92724,0.885741178035736,1,True
14444,0.8857289490699768,1,True
2498,0.8855998206138611,1,True
14806,0.8855706496238709,1,True
56744,0.8855605134963989,1,True
49882,0.8855278601646424,1,True
76890,0.8854356803894043,1,True
74500,0.8854154176712036,1,True
82821,0.8853373880386353,1,True
14774,0.8851681146621704,1,True
68946,0.8851543493270874,1,True
75428,0.8851460051536559,1,True
96405,0.885108380317688,1,True
93425,0.8850414333343506,1,True
17772,0.8850259122848511,1,True
75923,0.8849728531837463,1,True
12488,0.8849602627754212,1,True
96875,0.8849291634559631,1,True
62507,0.8847967600822448,1,True
29363,0.8847959642410278,1,True
71684,0.8847755193710327,1,True
3249,0.8847688579559326,1,True
4565,0.8847657833099365,1,True
5968,0.884696126461029,1,True
14977,0.8846485095024109,1,True
57848,0.8846060571670532,1,True
19864,0.8845667247772216,1,True
95872,0.8845587096214295,1,True
75269,0.8845250964164734,1,True
94294,0.884520257472992,1,True
22650,0.8844536509513855,1,True
14340,0.8844493985176086,1,True
42283,0.8844382801055908,1,True
14087,0.8844337787628174,1,True
74870,0.8843568530082703,1,True
93693,0.8843371696472168,1,True
44619,0.8843321070671082,1,True
48207,0.8843041801452637,1,True
46636,0.8842665419578553,1,True
65365,0.8842456803321839,1,True
39224,0.884137680053711,1,True
55968,0.8841189956665039,1,True
25171,0.8841080708503724,1,True
4755,0.8840953750610352,1,True
95974,0.884085147857666,1,True
54673,0.8840839276313781,1,True
85608,0.8840816836357117,1,True
9457,0.8840806140899657,1,True
53465,0.8839603490829467,1,False
53725,0.8839311461448669,1,True
14409,0.8839179630279541,1,True
23646,0.8839169497489929,1,True
41632,0.8838989181518555,1,True
5989,0.8838557181358337,1,True
44296,0.8838464555740356,1,True
53816,0.8837187857627868,1,True
25689,0.883689046382904,1,True
83226,0.8836448440551758,1,True
74770,0.8836419796943664,1,True
40255,0.8835478081703185,1,True
92676,0.8835097379684448,1,True
55977,0.8834818429946899,1,True
95442,0.8834636287689209,1,True
15639,0.8834500317573547,1,True
97692,0.8833833165168762,1,True
10193,0.8832747340202332,1,True
94941,0.8832329692840576,1,True
62747,0.8831908388137817,1,True
13466,0.8831185002326966,1,True
25375,0.8830973896980285,1,True
79753,0.8830444927215576,1,True
75395,0.883043987751007,1,True
15140,0.8830330867767334,1,True
62472,0.8829866304397582,1,False
4506,0.882954430103302,1,True
63388,0.8829181900024414,1,True
62692,0.8828641004562378,1,True
83460,0.8828543148040772,1,True
92766,0.8828371801376342,1,True
95803,0.882811957359314,1,True
65868,0.8826785383224487,1,True
25420,0.8826700873374939,1,True
65789,0.8826437392234803,1,True
15589,0.8826193222999572,1,True
35796,0.8826163492202759,1,True
64617,0.882587833404541,1,True
14823,0.8825793061256408,1,True
74939,0.8825714139938354,1,True
35961,0.8825342488288879,1,True
75396,0.8825267910957336,1,True
32275,0.8825179762840271,1,True
67053,0.8825179204940796,1,True
18877,0.8825137310028076,1,True
5885,0.8824296355247497,1,True
44785,0.8823939080238342,1,True
52373,0.8823884134292602,1,True
30423,0.8823651957511902,1,True
34928,0.8823639936447143,1,True
42420,0.8823599395751953,1,True
73734,0.8822844099998475,1,False
2746,0.8822814998626709,1,True
86610,0.8822534017562866,1,True
71582,0.8822298645973206,1,True
93312,0.8822269864082336,1,True
23979,0.8822214360237122,1,True
74348,0.8822190103530884,1,True
45052,0.8822185788154602,1,True
33741,0.8821946558952332,1,True
22428,0.8821932115554809,1,True
15693,0.8821835737228394,1,True
22653,0.8821716661453247,1,True
74374,0.8821609482765198,1,True
73375,0.8821320643424988,1,True
15590,0.882123372554779,1,True
44963,0.8821147832870484,1,True
14661,0.8820199975967407,1,True
65080,0.8819823341369629,1,True
82492,0.8819820427894592,1,True
14764,0.8819811286926269,1,True
44393,0.8819437732696533,1,True
74577,0.8818950066566467,1,True
25880,0.8818116970062255,1,True
25517,0.8817893905639649,1,True
82912,0.8817692470550538,1,True
24833,0.8817145791053772,1,True
4823,0.8816900887489318,1,True
