ACCOUNT_ID,FRAUD_PROBABILITY,PREDICTION,TRUE_LABEL
77531,1.0,1,True
45200,1.0,1,True
44574,1.0,1,True
26748,1.0,1,True
76668,1.0,1,True
5948,1.0,1,True
94971,1.0,1,True
44915,1.0,1,True
44927,1.0,1,True
44932,1.0,1,True
44955,1.0,1,True
27770,1.0,1,True
54951,1.0,1,True
94966,1.0,1,True
94965,1.0,1,True
87593,1.0,1,True
7818,1.0,1,True
16642,1.0,1,True
37472,1.0,1,True
7515,1.0,1,True
95987,1.0,1,True
7593,1.0,1,True
87691,1.0,1,True
45937,1.0,1,True
54470,1.0,1,True
95958,1.0,1,True
36749,1.0,1,True
61625,1.0,1,True
74495,1.0,1,True
4972,1.0,1,True
97821,1.0,1,True
17801,1.0,1,True
57727,1.0,1,True
26675,1.0,1,True
17493,1.0,1,True
71999,1.0,1,True
75989,1.0,1,True
25855,1.0,1,True
86481,1.0,1,True
75935,1.0,1,True
97755,1.0,1,True
6819,1.0,1,True
86516,1.0,1,True
25669,1.0,1,True
25938,1.0,1,True
17570,1.0,1,True
25649,1.0,1,True
86621,1.0,1,True
97725,1.0,1,True
85901,1.0,1,True
86766,1.0,1,True
56995,1.0,1,True
56998,1.0,1,True
75729,1.0,1,True
26435,1.0,1,True
57512,1.0,1,True
57520,1.0,1,True
57580,1.0,1,True
6938,1.0,1,True
55883,1.0,1,True
26672,1.0,1,True
35942,1.0,1,True
96955,1.0,1,True
87839,1.0,1,True
66736,1.0,1,True
74738,1.0,1,True
97968,1.0,1,True
35702,1.0,1,True
46996,1.0,1,True
46999,1.0,1,True
15982,1.0,1,True
35131,1.0,1,True
35913,1.0,1,True
34963,1.0,1,True
64497,1.0,1,True
7970,1.0,1,True
95867,1.0,1,True
34614,1.0,1,True
34538,1.0,1,True
64835,1.0,1,True
34139,1.0,1,True
47845,1.0,1,True
15388,1.0,1,True
97329,1.0,1,True
65948,1.0,1,True
97346,1.0,1,True
15928,1.0,1,True
47945,1.0,1,True
77408,1.0,1,True
15530,1.0,1,True
97377,1.0,1,True
74935,1.0,1,True
95645,1.0,1,True
77532,1.0,1,True
77909,1.0,1,True
97976,1.0,1,True
46762,1.0,1,True
14497,1.0,1,True
46648,1.0,1,True
35883,1.0,1,True
34097,0.99,1,True
56987,0.99,1,True
65983,0.99,1,True
6522,0.99,1,True
16142,0.99,1,True
57255,0.99,1,True
96712,0.99,1,True
26255,0.99,1,True
14984,0.99,1,True
86331,0.99,1,True
26533,0.99,1,True
26597,0.99,1,True
36800,0.99,1,True
57570,0.99,1,True
14948,0.99,1,True
6272,0.99,1,True
57638,0.99,1,True
36828,0.99,1,True
16939,0.99,1,True
64977,0.99,1,True
25969,0.99,1,True
77987,0.99,1,True
65140,0.99,1,True
35974,0.99,1,True
65621,0.99,1,True
67140,0.99,1,True
86417,0.99,1,True
17423,0.99,1,True
65450,0.99,1,True
87868,0.99,1,True
25900,0.99,1,True
87818,0.99,1,True
6647,0.99,1,True
25959,0.99,1,True
25903,0.99,1,True
36301,0.99,1,True
67371,0.99,1,True
6637,0.99,1,True
67468,0.99,1,True
67497,0.99,1,True
36498,0.99,1,True
87777,0.99,1,True
31999,0.99,1,True
26669,0.99,1,True
64665,0.99,1,True
95537,0.99,1,True
37712,0.99,1,True
27509,0.99,1,True
37846,0.99,1,True
76828,0.99,1,True
16566,0.99,1,True
37843,0.99,1,True
76987,0.99,1,True
58999,0.99,1,True
27807,0.99,1,True
87915,0.99,1,True
66634,0.99,1,True
57692,0.99,1,True
96185,0.99,1,True
27941,0.99,1,True
66767,0.99,1,True
98935,0.99,1,True
87671,0.99,1,True
37337,0.99,1,True
37608,0.99,1,True
37601,0.99,1,True
16609,0.99,1,True
27296,0.99,1,True
76770,0.99,1,True
37977,0.99,1,True
66623,0.99,1,True
35841,0.99,1,True
36875,0.99,1,True
96645,0.99,1,True
95875,0.99,1,True
67779,0.99,1,True
66498,0.99,1,True
26746,0.99,1,True
57910,0.99,1,True
36904,0.99,1,True
76611,0.99,1,True
26861,0.99,1,True
96593,0.99,1,True
34985,0.99,1,True
76707,0.99,1,True
76720,0.99,1,True
66580,0.99,1,True
87678,0.99,1,True
67824,0.99,1,True
96406,0.99,1,True
6740,0.99,1,True
46513,0.99,1,True
57655,0.99,1,True
17681,0.99,1,True
7767,0.99,1,True
20994,0.99,1,True
96869,0.99,1,True
46499,0.99,1,True
55766,0.99,1,True
50932,0.99,1,True
55962,0.99,1,True
49993,0.99,1,True
7976,0.99,1,True
47329,0.99,1,True
47421,0.99,1,True
47515,0.99,1,True
47550,0.99,1,True
47554,0.99,1,True
94835,0.99,1,True
6896,0.99,1,True
24704,0.99,1,True
84979,0.99,1,True
96876,0.99,1,True
45979,0.99,1,True
54942,0.99,1,True
54979,0.99,1,True
94300,0.99,1,True
54986,0.99,1,True
6752,0.99,1,True
7497,0.99,1,True
96892,0.99,1,True
7555,0.99,1,True
85229,0.99,1,True
54705,0.99,1,True
7639,0.99,1,True
7207,0.99,1,True
97546,0.99,1,True
11082,0.99,1,True
45976,0.99,1,True
56250,0.99,1,True
55864,0.99,1,True
6806,0.99,1,True
56647,0.99,1,True
17556,0.99,1,True
99995,0.99,1,True
47738,0.99,1,True
71998,0.99,1,True
84702,0.99,1,True
94991,0.99,1,True
48973,0.99,1,True
17569,0.99,1,True
47691,0.99,1,True
47846,0.99,1,True
47912,0.99,1,True
56481,0.99,1,True
36888,0.98,1,True
84999,0.98,1,True
27984,0.98,1,True
76920,0.98,1,True
36866,0.98,1,True
95965,0.98,1,True
17975,0.98,1,True
77644,0.98,1,True
31995,0.98,1,True
17984,0.98,1,True
16480,0.98,1,True
74906,0.98,1,True
27983,0.98,1,True
94883,0.98,1,True
91830,0.98,1,True
4992,0.98,1,True
67627,0.98,1,True
36548,0.98,1,True
36537,0.98,1,True
45989,0.98,1,True
36429,0.98,1,True
47964,0.98,1,True
4674,0.98,1,True
97552,0.98,1,True
27844,0.98,1,True
37753,0.98,1,True
24136,0.98,1,True
76875,0.98,1,True
87559,0.98,1,True
16664,0.98,1,True
77488,0.98,1,True
65747,0.98,1,True
16659,0.98,1,True
5712,0.98,1,True
65698,0.98,1,True
45227,0.98,1,True
77451,0.98,1,True
27854,0.98,1,True
16592,0.98,1,True
96091,0.98,1,True
15709,0.98,1,True
67881,0.98,1,True
7558,0.98,1,True
47995,0.98,1,True
54113,0.98,1,True
9994,0.98,1,True
31935,0.98,1,True
47992,0.98,1,True
7993,0.98,1,True
16280,0.98,1,True
87994,0.98,1,True
87903,0.98,1,True
64929,0.98,1,True
76984,0.98,1,True
46849,0.98,1,True
66775,0.98,1,True
66758,0.98,1,True
46934,0.98,1,True
94919,0.98,1,True
46964,0.98,1,True
94918,0.98,1,True
77895,0.98,1,True
46994,0.98,1,True
47880,0.98,1,True
8982,0.98,1,True
97975,0.98,1,True
4758,0.98,1,True
90950,0.98,1,True
84348,0.98,1,True
66567,0.98,1,True
87980,0.98,1,True
15961,0.98,1,True
66179,0.98,1,True
7981,0.98,1,True
47644,0.98,1,True
7888,0.98,1,True
76983,0.98,1,True
76982,0.98,1,True
77986,0.98,1,True
76961,0.98,1,True
46315,0.98,1,True
64689,0.98,1,True
29992,0.98,1,True
51994,0.98,1,True
51990,0.98,1,True
67201,0.98,1,True
67194,0.98,1,True
46452,0.98,1,True
36135,0.98,1,True
35998,0.98,1,True
47851,0.98,1,True
78983,0.98,1,True
20989,0.98,1,True
7822,0.98,1,True
66981,0.98,1,True
35920,0.98,1,True
46640,0.98,1,True
7846,0.98,1,True
44989,0.98,1,True
66915,0.98,1,True
76969,0.98,1,True
66907,0.98,1,True
37777,0.98,1,True
97614,0.98,1,True
37790,0.98,1,True
26843,0.98,1,True
70996,0.98,1,True
70997,0.98,1,True
57837,0.98,1,True
96639,0.98,1,True
56965,0.98,1,True
85924,0.98,1,True
56673,0.98,1,True
96849,0.98,1,True
57919,0.98,1,True
44865,0.98,1,True
71426,0.98,1,True
5967,0.98,1,True
6644,0.98,1,True
96606,0.98,1,True
26862,0.98,1,True
25922,0.98,1,True
6989,0.98,1,True
26897,0.98,1,True
6435,0.98,1,True
6992,0.98,1,True
6993,0.98,1,True
57999,0.98,1,True
58342,0.98,1,True
86974,0.98,1,True
6071,0.98,1,True
75467,0.98,1,True
54964,0.98,1,True
16995,0.98,1,True
57420,0.98,1,True
26283,0.98,1,True
57446,0.98,1,True
26415,0.98,1,True
25432,0.98,1,True
16961,0.98,1,True
57294,0.98,1,True
57487,0.98,1,True
55988,0.98,1,True
26503,0.98,1,True
86826,0.98,1,True
85823,0.98,1,True
55970,0.98,1,True
76390,0.98,1,True
97707,0.98,1,True
55936,0.98,1,True
24995,0.98,1,True
75605,0.98,1,True
25989,0.98,1,True
17666,0.98,1,True
17660,0.98,1,True
56986,0.98,1,True
97774,0.98,1,True
38997,0.98,1,True
57992,0.98,1,True
38993,0.98,1,True
27428,0.98,1,True
56766,0.98,1,True
96521,0.98,1,True
37906,0.98,1,True
37889,0.98,1,True
37872,0.98,1,True
16824,0.98,1,True
37864,0.98,1,True
27402,0.98,1,True
56866,0.98,1,True
6716,0.98,1,True
68753,0.98,1,True
16777,0.98,1,True
56748,0.98,1,True
74986,0.98,1,True
16756,0.98,1,True
37852,0.98,1,True
17896,0.98,1,True
58982,0.98,1,True
27752,0.98,1,True
56860,0.98,1,True
56856,0.98,1,True
37836,0.98,1,True
86256,0.98,1,True
37814,0.98,1,True
56760,0.98,1,True
26367,0.98,1,True
96377,0.98,1,True
96273,0.98,1,True
85986,0.98,1,True
68951,0.98,1,True
96390,0.98,1,True
86499,0.98,1,True
97848,0.98,1,True
16843,0.98,1,True
96434,0.98,1,True
87343,0.98,1,True
26991,0.98,1,True
56920,0.98,1,True
56924,0.97,1,True
55995,0.97,1,True
86373,0.97,1,True
56890,0.97,1,True
95810,0.97,1,True
14999,0.97,1,True
47935,0.97,1,True
56688,0.97,1,True
97995,0.97,1,True
56946,0.97,1,True
56716,0.97,1,True
8962,0.97,1,True
86534,0.97,1,True
65660,0.97,1,True
15751,0.97,1,True
97751,0.97,1,True
47791,0.97,1,True
7960,0.97,1,True
6904,0.97,1,True
56999,0.97,1,True
64905,0.97,1,True
56789,0.97,1,True
64691,0.97,1,True
31992,0.97,1,True
89963,0.97,1,True
81986,0.97,1,True
48998,0.97,1,True
56959,0.97,1,True
77796,0.97,1,True
44366,0.97,1,True
86824,0.97,1,True
59998,0.97,1,True
36431,0.97,1,True
54317,0.97,1,True
36752,0.97,1,True
38991,0.97,1,True
5100,0.97,1,True
38981,0.97,1,True
86995,0.97,1,True
7707,0.97,1,True
87211,0.97,1,True
36925,0.97,1,True
37989,0.97,1,True
37941,0.97,1,True
36989,0.97,1,True
57982,0.97,1,True
36992,0.97,1,True
95980,0.97,1,True
45723,0.97,1,True
44949,0.97,1,True
96937,0.97,1,True
97907,0.97,1,True
54902,0.97,1,True
79999,0.97,1,True
97895,0.97,1,True
10962,0.97,1,True
7332,0.97,1,True
37705,0.97,1,True
36395,0.97,1,True
39957,0.97,1,True
8984,0.97,1,True
57685,0.97,1,True
14622,0.97,1,True
46986,0.97,1,True
35765,0.97,1,True
7897,0.97,1,True
44310,0.97,1,True
46801,0.97,1,True
30999,0.97,1,True
96986,0.97,1,True
77989,0.97,1,True
77996,0.97,1,True
55904,0.97,1,True
55882,0.97,1,True
87893,0.97,1,True
57926,0.97,1,True
4921,0.97,1,True
7835,0.97,1,True
44478,0.97,1,True
78881,0.97,1,True
35932,0.97,1,True
11996,0.97,1,True
78977,0.97,1,True
5979,0.97,1,True
44634,0.97,1,True
97947,0.97,1,True
39987,0.97,1,True
36247,0.97,1,True
6744,0.97,1,True
4927,0.97,1,True
67839,0.97,1,True
27841,0.97,1,True
66039,0.97,1,True
27141,0.97,1,True
65946,0.97,1,True
66146,0.97,1,True
15920,0.97,1,True
67514,0.97,1,True
67605,0.97,1,True
90987,0.97,1,True
17951,0.97,1,True
90985,0.97,1,True
1720,0.97,1,True
95214,0.97,1,True
67989,0.97,1,True
18842,0.97,1,True
74957,0.97,1,True
76994,0.97,1,True
67144,0.97,1,True
15996,0.97,1,True
66978,0.97,1,True
66952,0.97,1,True
65982,0.97,1,True
16161,0.97,1,True
29987,0.97,1,True
26973,0.97,1,True
94466,0.97,1,True
75971,0.97,1,True
98871,0.97,1,True
75998,0.97,1,True
26993,0.97,1,True
26888,0.97,1,True
66986,0.97,1,True
66862,0.97,1,True
94998,0.97,1,True
67970,0.97,1,True
76860,0.97,1,True
77098,0.97,1,True
27957,0.97,1,True
29807,0.97,1,True
95654,0.97,1,True
67702,0.97,1,True
17916,0.97,1,True
76421,0.97,1,True
66351,0.97,1,True
27999,0.97,1,True
981,0.97,1,True
25983,0.97,1,True
16986,0.97,1,True
30882,0.97,1,True
65880,0.97,1,True
74982,0.97,1,True
67728,0.97,1,True
76903,0.97,1,True
26388,0.97,1,True
74996,0.97,1,True
67726,0.97,1,True
1977,0.97,1,True
76319,0.97,1,True
24793,0.97,1,True
27932,0.97,1,True
95183,0.97,1,True
7947,0.96,1,True
57965,0.96,1,True
86953,0.96,1,True
66919,0.96,1,True
50784,0.96,1,True
6300,0.96,1,True
34998,0.96,1,True
16942,0.96,1,True
39989,0.96,1,True
39949,0.96,1,True
54398,0.96,1,True
77891,0.96,1,True
86895,0.96,1,True
14581,0.96,1,True
69988,0.96,1,True
69976,0.96,1,True
69989,0.96,1,True
6161,0.96,1,True
16935,0.96,1,True
69755,0.96,1,True
77923,0.96,1,True
57873,0.96,1,True
57893,0.96,1,True
74446,0.96,1,True
87899,0.96,1,True
77136,0.96,1,True
35843,0.96,1,True
80723,0.96,1,True
37997,0.96,1,True
26935,0.96,1,True
54110,0.96,1,True
44952,0.96,1,True
27823,0.96,1,True
46955,0.96,1,True
61410,0.96,1,True
36772,0.96,1,True
50993,0.96,1,True
59824,0.96,1,True
36864,0.96,1,True
60971,0.96,1,True
46707,0.96,1,True
46737,0.96,1,True
27995,0.96,1,True
59869,0.96,1,True
984,0.96,1,True
16578,0.96,1,True
5572,0.96,1,True
60688,0.96,1,True
37148,0.96,1,True
36943,0.96,1,True
74633,0.96,1,True
36975,0.96,1,True
36977,0.96,1,True
36997,0.96,1,True
79962,0.96,1,True
79971,0.96,1,True
51747,0.96,1,True
61999,0.96,1,True
26943,0.96,1,True
26967,0.96,1,True
38668,0.96,1,True
87243,0.96,1,True
20991,0.96,1,True
66985,0.96,1,True
51978,0.96,1,True
19969,0.96,1,True
35973,0.96,1,True
66999,0.96,1,True
37946,0.96,1,True
61709,0.96,1,True
61979,0.96,1,True
19997,0.96,1,True
4966,0.96,1,True
76734,0.96,1,True
76760,0.96,1,True
68522,0.96,1,True
96218,0.96,1,True
49998,0.96,1,True
76957,0.96,1,True
46973,0.96,1,True
57346,0.96,1,True
84717,0.96,1,True
54898,0.96,1,True
15629,0.96,1,True
47927,0.96,1,True
88999,0.96,1,True
56728,0.96,1,True
1803,0.96,1,True
97229,0.96,1,True
56804,0.96,1,True
44998,0.96,1,True
24803,0.96,1,True
6982,0.96,1,True
85965,0.96,1,True
71976,0.96,1,True
25801,0.96,1,True
75992,0.96,1,True
9997,0.96,1,True
97215,0.96,1,True
74968,0.96,1,True
74902,0.96,1,True
77365,0.96,1,True
24819,0.96,1,True
55820,0.96,1,True
90681,0.96,1,True
55898,0.96,1,True
85771,0.96,1,True
55961,0.96,1,True
97276,0.96,1,True
7997,0.96,1,True
55998,0.96,1,True
94058,0.96,1,True
64997,0.96,1,True
56187,0.96,1,True
64995,0.96,1,True
85958,0.96,1,True
94987,0.96,1,True
56194,0.96,1,True
56241,0.96,1,True
56245,0.96,1,True
17636,0.96,1,True
54946,0.96,1,True
75838,0.96,1,True
54910,0.96,1,True
87989,0.96,1,True
65985,0.96,1,True
24523,0.96,1,True
85150,0.96,1,True
77800,0.96,1,True
54647,0.96,1,True
95647,0.96,1,True
56977,0.96,1,True
87960,0.96,1,True
41906,0.96,1,True
66265,0.96,1,True
45873,0.96,1,True
96897,0.96,1,True
21992,0.96,1,True
55284,0.96,1,True
24385,0.96,1,True
41793,0.96,1,True
24472,0.96,1,True
77526,0.96,1,True
9969,0.96,1,True
15964,0.96,1,True
30995,0.96,1,True
90917,0.96,1,True
86773,0.96,1,True
18988,0.96,1,True
95712,0.96,1,True
54695,0.96,1,True
34232,0.96,1,True
9987,0.96,1,True
6997,0.96,1,True
84821,0.96,1,True
76250,0.96,1,True
14949,0.96,1,True
90793,0.96,1,True
55949,0.96,1,True
34547,0.96,1,True
86598,0.96,1,True
51796,0.95,1,True
55477,0.95,1,True
24982,0.95,1,True
27951,0.95,1,True
96873,0.95,1,True
74607,0.95,1,True
94729,0.95,1,True
55919,0.95,1,True
55355,0.95,1,True
24444,0.95,1,True
54950,0.95,1,True
24804,0.95,1,True
37497,0.95,1,True
67958,0.95,1,True
36998,0.95,1,True
11299,0.95,1,True
55897,0.95,1,True
54976,0.95,1,True
5686,0.95,1,True
37369,0.95,1,True
24945,0.95,1,False
17832,0.95,1,True
67866,0.95,1,True
37299,0.95,1,True
55858,0.95,1,True
5680,0.95,1,True
25999,0.95,1,True
85776,0.95,1,True
84982,0.95,1,True
71787,0.95,1,True
86935,0.95,1,True
74358,0.95,1,True
76624,0.95,1,True
25902,0.95,1,True
76580,0.95,1,True
94999,0.95,1,True
21681,0.95,1,True
70991,0.95,1,True
80966,0.95,1,True
9973,0.95,1,True
45742,0.95,1,True
45964,0.95,1,True
25973,0.95,1,True
57644,0.95,1,True
45960,0.95,1,True
84987,0.95,1,True
54462,0.95,1,True
40982,0.95,1,True
16990,0.95,1,True
25985,0.95,1,True
25998,0.95,1,True
45794,0.95,1,True
38984,0.95,1,True
98947,0.95,1,True
7673,0.95,1,True
58995,0.95,1,True
58988,0.95,1,True
54939,0.95,1,True
97879,0.95,1,True
79989,0.95,1,True
18961,0.95,1,True
74527,0.95,1,True
45229,0.95,1,True
37942,0.95,1,True
37960,0.95,1,True
98982,0.95,1,True
75985,0.95,1,True
25678,0.95,1,True
54882,0.95,1,True
56740,0.95,1,True
98987,0.95,1,True
17964,0.95,1,True
98989,0.95,1,True
86999,0.95,1,True
81868,0.95,1,True
86998,0.95,1,True
46116,0.95,1,True
54474,0.95,1,True
7216,0.95,1,True
64210,0.95,1,True
36416,0.95,1,True
20112,0.95,1,True
64897,0.95,1,True
19551,0.95,1,True
65969,0.95,1,True
65998,0.95,1,True
94876,0.95,1,True
28940,0.95,1,True
19382,0.95,1,True
65139,0.95,1,True
77958,0.95,1,True
90999,0.95,1,True
64790,0.95,1,True
67597,0.95,1,True
16408,0.95,1,True
36569,0.95,1,True
36647,0.95,1,True
36667,0.95,1,True
74890,0.95,1,True
74792,0.95,1,True
64901,0.95,1,True
47737,0.95,1,True
15938,0.95,1,True
47214,0.95,1,True
64939,0.95,1,True
14995,0.95,1,True
66979,0.95,1,True
35933,0.95,1,True
74850,0.95,1,True
28975,0.95,1,True
28985,0.95,1,True
88963,0.95,1,True
66953,0.95,1,True
4448,0.95,1,True
88992,0.95,1,True
49869,0.95,1,True
829,0.95,1,True
14375,0.95,1,True
87999,0.95,1,True
87996,0.95,1,True
87954,0.95,1,True
46966,0.95,1,True
34832,0.95,1,True
50509,0.95,1,True
35668,0.95,1,True
65561,0.95,1,True
35724,0.95,1,True
65755,0.95,1,True
84725,0.95,1,True
94796,0.95,1,True
36843,0.95,1,True
36923,0.95,1,True
74642,0.95,1,True
14634,0.95,1,True
4776,0.95,1,True
36880,0.95,1,True
46857,0.95,1,True
95739,0.95,1,True
36984,0.95,1,True
64012,0.95,1,True
84604,0.95,1,True
84597,0.95,1,True
14892,0.95,1,True
66476,0.95,1,True
36944,0.95,1,True
60996,0.95,1,True
14677,0.95,1,True
46824,0.95,1,True
65503,0.95,1,True
59983,0.95,1,True
14726,0.95,1,True
94993,0.94,1,True
87921,0.94,1,True
25783,0.94,1,True
29986,0.94,1,True
74434,0.94,1,True
6728,0.94,1,True
49715,0.94,1,True
56864,0.94,1,True
40960,0.94,1,True
56897,0.94,1,True
74426,0.94,1,True
21997,0.94,1,True
6672,0.94,1,True
34707,0.94,1,True
34850,0.94,1,True
4675,0.94,1,True
15955,0.94,1,True
64730,0.94,1,True
57020,0.94,1,True
56851,0.94,1,True
25970,0.94,1,True
41921,0.94,1,True
41398,0.94,1,True
14799,0.94,1,True
66607,0.94,1,True
29860,0.94,1,True
71350,0.94,1,True
8925,0.94,1,True
17097,0.94,1,True
17157,0.94,1,True
95593,0.94,1,True
21985,0.94,1,True
70975,0.94,1,True
54579,0.94,1,True
54730,0.94,1,True
27952,0.94,1,True
15066,0.94,1,True
74947,0.94,1,True
31971,0.94,1,True
65252,0.94,1,True
8075,0.94,1,True
94037,0.94,1,True
55865,0.94,1,True
6962,0.94,1,True
24036,0.94,1,True
31891,0.94,1,True
24891,0.94,1,True
77613,0.94,1,True
17927,0.94,1,True
30849,0.94,1,True
65560,0.94,1,True
44892,0.94,1,True
99986,0.94,1,True
85361,0.94,1,True
97640,0.94,1,True
31568,0.94,1,True
75275,0.94,1,True
44911,0.94,1,True
89990,0.94,1,True
6999,0.94,1,True
90236,0.94,1,True
65796,0.94,1,True
1958,0.94,1,True
7291,0.94,1,True
44936,0.94,1,True
18973,0.94,1,True
8564,0.94,1,True
55921,0.94,1,True
44259,0.94,1,True
54785,0.94,1,True
44150,0.94,1,True
56839,0.94,1,True
86296,0.94,1,True
1736,0.94,1,True
48988,0.94,1,True
86174,0.94,1,True
86146,0.94,1,True
75967,0.94,1,True
75953,0.94,1,True
4347,0.94,1,True
17552,0.94,1,True
85983,0.94,1,True
75895,0.94,1,True
40829,0.94,1,True
97598,0.94,1,True
75857,0.94,1,True
74201,0.94,1,True
64982,0.94,1,True
94849,0.94,1,True
85906,0.94,1,True
75834,0.94,1,True
94868,0.94,1,True
85860,0.94,1,True
85835,0.94,1,True
75762,0.94,1,True
94877,0.94,1,True
24997,0.94,1,True
85811,0.94,1,True
96820,0.94,1,True
31985,0.94,1,True
96792,0.94,1,True
94746,0.94,1,True
9806,0.94,1,True
36789,0.94,1,True
68982,0.94,1,True
84237,0.94,1,True
45999,0.94,1,True
98994,0.94,1,True
96569,0.94,1,True
61697,0.94,1,True
26922,0.94,1,True
95228,0.94,1,True
46970,0.94,1,True
4912,0.94,1,True
96216,0.94,1,True
84964,0.94,1,True
36761,0.94,1,True
35849,0.94,1,True
45993,0.94,1,True
74801,0.94,1,True
26855,0.94,1,True
21613,0.94,1,True
20389,0.94,1,True
4925,0.94,1,True
84977,0.94,1,True
68972,0.94,1,True
49975,0.94,1,True
91998,0.94,1,True
16209,0.94,1,True
35997,0.94,1,True
46490,0.94,1,True
79997,0.94,1,True
19996,0.94,1,True
91985,0.94,1,True
16934,0.94,1,True
37998,0.94,1,True
84713,0.94,1,True
58974,0.94,1,True
27086,0.94,1,True
27750,0.94,1,True
26998,0.94,1,True
76966,0.94,1,True
8996,0.94,1,True
78919,0.94,1,True
51999,0.94,1,True
61120,0.94,1,True
50471,0.94,1,True
77918,0.94,1,True
57729,0.94,1,True
57823,0.94,1,False
66795,0.94,1,False
26691,0.94,1,True
50627,0.94,1,True
40401,0.94,1,True
5998,0.94,1,True
86893,0.94,1,True
40784,0.94,1,True
5982,0.94,1,True
7952,0.94,1,True
95985,0.94,1,True
46847,0.94,1,True
37486,0.94,1,True
46816,0.94,1,True
99994,0.93,1,True
54934,0.93,1,True
68400,0.93,1,True
77535,0.93,1,True
74915,0.93,1,True
67335,0.93,1,True
99901,0.93,1,True
95935,0.93,1,True
55981,0.93,1,True
74564,0.93,1,True
61952,0.93,1,True
56398,0.93,1,True
27436,0.93,1,True
85532,0.93,1,True
95993,0.93,1,True
67832,0.93,1,True
37183,0.93,1,True
28973,0.93,1,True
95937,0.93,1,True
29998,0.93,1,True
64990,0.93,1,True
5857,0.93,1,True
44930,0.93,1,True
54930,0.93,1,True
65868,0.93,1,True
95990,0.93,1,True
18997,0.93,1,True
24265,0.93,1,True
75271,0.93,1,True
79932,0.93,1,True
36222,0.93,1,True
4998,0.93,1,True
85594,0.93,1,True
91857,0.93,1,True
31675,0.93,1,True
5717,0.93,1,True
67908,0.93,1,True
993,0.93,1,True
24911,0.93,1,True
84946,0.93,1,True
51287,0.93,1,True
36826,0.93,1,True
44540,0.93,1,True
11984,0.93,1,True
47882,0.93,1,True
17747,0.93,1,True
60983,0.93,1,True
79873,0.93,1,True
94978,0.93,1,True
36899,0.93,1,True
99827,0.93,1,True
55954,0.93,1,True
79982,0.93,1,True
55403,0.93,1,True
65932,0.93,1,True
16583,0.93,1,True
27772,0.93,1,True
67739,0.93,1,True
79882,0.93,1,True
18994,0.93,1,True
37715,0.93,1,True
48745,0.93,1,True
56460,0.93,1,True
29706,0.93,1,True
87826,0.93,1,True
41576,0.93,1,True
8944,0.93,1,True
39993,0.93,1,True
34866,0.93,1,True
35762,0.93,1,True
14896,0.93,1,True
16920,0.93,1,True
66794,0.93,1,True
80923,0.93,1,True
66322,0.93,1,True
76606,0.93,1,True
54320,0.93,1,True
77982,0.93,1,True
39980,0.93,1,True
34767,0.93,1,True
27099,0.93,1,True
1432,0.93,1,True
34375,0.93,1,True
77928,0.93,1,True
47537,0.93,1,True
34289,0.93,1,True
77145,0.93,1,True
77500,0.93,1,True
40804,0.93,1,True
19978,0.93,1,True
35396,0.93,1,True
8970,0.93,1,True
14737,0.93,1,True
40780,0.93,1,True
47450,0.93,1,True
41143,0.93,1,True
84989,0.93,1,True
21962,0.93,1,True
45934,0.93,1,True
34993,0.93,1,True
70804,0.93,1,True
21989,0.93,1,True
87905,0.93,1,True
70834,0.93,1,True
64840,0.93,1,True
76637,0.93,1,True
1426,0.93,1,True
45998,0.93,1,True
58492,0.93,1,True
95819,0.93,1,True
28980,0.93,1,True
87847,0.93,1,True
58713,0.93,1,True
4381,0.93,1,True
88917,0.93,1,True
20992,0.93,1,True
85998,0.93,1,True
25773,0.93,1,True
85996,0.93,1,True
15186,0.93,1,True
64957,0.93,1,True
8888,0.93,1,True
75920,0.93,1,True
75855,0.93,1,True
81979,0.93,1,True
76722,0.93,1,True
54719,0.93,1,True
47643,0.93,1,True
25864,0.93,1,True
57960,0.93,1,True
96581,0.93,1,True
97133,0.93,1,True
35876,0.93,1,True
96962,0.92,1,True
94909,0.92,1,True
45244,0.92,1,True
45814,0.92,1,True
48999,0.92,1,True
924,0.92,1,True
50872,0.92,1,True
19644,0.92,1,True
74857,0.92,1,True
74900,0.92,1,True
7406,0.92,1,True
18772,0.92,1,True
84546,0.92,1,True
97505,0.92,1,True
1926,0.92,1,True
20785,0.92,1,True
10956,0.92,1,True
50880,0.92,1,True
20751,0.92,1,True
50697,0.92,1,True
21456,0.92,1,True
20966,0.92,1,True
18102,0.92,1,True
54959,0.92,1,True
7995,0.92,1,True
44976,0.92,1,True
51806,0.92,1,True
7963,0.92,1,True
19977,0.92,1,True
90191,0.92,1,True
55112,0.92,1,True
71267,0.92,1,True
59964,0.92,1,True
5513,0.92,1,True
5531,0.92,1,True
95996,0.92,1,True
16607,0.92,1,True
95419,0.92,1,True
76861,0.92,1,True
27793,0.92,1,True
58998,0.92,1,True
27092,0.92,1,True
68920,0.92,1,True
87284,0.92,1,True
68929,0.92,1,True
80511,0.92,1,True
58647,0.92,1,True
86993,0.92,1,True
68998,0.92,1,True
86964,0.92,1,True
39874,0.92,1,True
57947,0.92,1,True
39970,0.92,1,True
80954,0.92,1,True
40845,0.92,1,True
26653,0.92,1,True
6267,0.92,1,True
70365,0.92,1,True
76415,0.92,1,True
26522,0.92,1,True
41211,0.92,1,True
79767,0.92,1,True
5244,0.92,1,True
36865,0.92,1,True
88863,0.92,1,True
30935,0.92,1,True
15737,0.92,1,True
65401,0.92,1,True
95635,0.92,1,True
89956,0.92,1,True
98047,0.92,1,True
30764,0.92,1,True
30548,0.92,1,True
64996,0.92,1,True
64983,0.92,1,True
4208,0.92,1,True
15346,0.92,1,True
88978,0.92,1,True
77707,0.92,1,True
36774,0.92,1,True
14990,0.92,1,True
64860,0.92,1,True
35287,0.92,1,True
35495,0.92,1,True
15999,0.92,1,True
28993,0.92,1,True
78633,0.92,1,True
14363,0.92,1,True
78939,0.92,1,True
14253,0.92,1,True
61950,0.92,1,True
67259,0.92,1,True
91605,0.92,1,True
6521,0.92,1,True
87502,0.92,1,True
41998,0.92,1,True
81818,0.92,1,True
75983,0.92,1,True
71991,0.92,1,True
71992,0.92,1,True
17537,0.92,1,True
25683,0.92,1,True
96794,0.92,1,True
25161,0.92,1,True
75634,0.92,1,True
85748,0.92,1,True
97702,0.92,1,True
24947,0.92,1,True
75533,0.92,1,True
17779,0.92,1,True
1991,0.92,1,True
55749,0.92,1,True
75347,0.92,1,True
24569,0.92,1,True
55447,0.92,1,True
11458,0.92,1,True
85540,0.92,1,True
75264,0.92,1,True
71982,0.92,1,True
40827,0.92,1,True
71848,0.92,1,True
96757,0.92,1,True
17268,0.92,1,True
71927,0.92,1,True
56900,0.92,1,True
29707,0.91,1,True
4746,0.91,1,True
34986,0.91,1,True
66532,0.91,1,True
64555,0.91,1,True
34758,0.91,1,True
95586,0.91,1,True
81230,0.91,1,True
29981,0.91,1,True
19854,0.91,1,True
41262,0.91,1,True
85680,0.91,1,True
35404,0.91,1,True
70515,0.91,1,True
763,0.91,1,True
35892,0.91,1,True
81066,0.91,1,True
94786,0.91,1,True
75692,0.91,1,True
61985,0.91,1,True
76558,0.91,1,True
28718,0.91,1,True
85921,0.91,1,True
91751,0.91,1,True
91814,0.91,1,True
20339,0.91,1,True
28317,0.91,1,True
94989,0.91,1,True
89352,0.91,1,True
54343,0.91,1,True
41946,0.91,1,True
15304,0.91,1,True
65817,0.91,1,True
48202,0.91,1,True
95675,0.91,1,True
15798,0.91,1,True
24473,0.91,1,True
7197,0.91,1,True
30855,0.91,1,True
89970,0.91,1,True
65489,0.91,1,True
48802,0.91,1,True
8179,0.91,1,True
31864,0.91,1,True
1946,0.91,1,True
8784,0.91,1,True
85119,0.91,1,True
65348,0.91,1,True
47904,0.91,1,True
6560,0.91,1,True
41829,0.91,1,True
31955,0.91,1,True
55326,0.91,1,True
31983,0.91,1,True
30673,0.91,1,True
4092,0.91,1,True
31988,0.91,1,True
11614,0.91,1,True
26345,0.91,1,True
44908,0.91,1,True
84497,0.91,1,True
64965,0.91,1,True
46878,0.91,1,False
56654,0.91,1,True
38259,0.91,1,True
10128,0.91,1,True
5623,0.91,1,True
26937,0.91,1,True
74249,0.91,1,True
10715,0.91,1,True
21998,0.91,1,True
5703,0.91,1,True
95406,0.91,1,True
74282,0.91,1,True
51969,0.91,1,True
95998,0.91,1,True
85255,0.91,1,True
18421,0.91,1,True
56764,0.91,1,True
51756,0.91,1,True
54995,0.91,1,True
7544,0.91,1,True
87495,0.91,1,True
79984,0.91,1,True
68782,0.91,1,True
76716,0.91,1,True
5607,0.91,1,True
54139,0.91,1,True
20592,0.91,1,True
81966,0.91,1,True
60864,0.91,1,True
69821,0.91,1,True
60839,0.91,1,True
98924,0.91,1,True
67784,0.91,1,True
60496,0.91,1,True
71952,0.91,1,True
45988,0.91,1,True
85188,0.91,1,True
54277,0.91,1,True
51859,0.91,1,True
45991,0.91,1,True
5567,0.91,1,True
94353,0.91,1,True
31294,0.9,1,True
40179,0.9,1,True
95639,0.9,1,True
21596,0.9,1,True
25937,0.9,1,True
41803,0.9,1,True
45611,0.9,1,True
38973,0.9,1,True
40918,0.9,1,True
31604,0.9,1,True
15793,0.9,1,True
10416,0.9,1,True
9858,0.9,1,True
45710,0.9,1,True
40689,0.9,1,True
39944,0.9,1,True
86198,0.9,1,True
88651,0.9,1,True
87409,0.9,1,True
89572,0.9,1,True
28363,0.9,1,True
87674,0.9,1,True
17625,0.9,1,True
36144,0.9,1,True
35960,0.9,1,True
46796,0.9,1,True
35924,0.9,1,True
17380,0.9,1,True
85991,0.9,1,True
40959,0.9,1,True
14400,0.9,1,True
37297,0.9,1,True
90967,0.9,1,True
14615,0.9,1,True
90958,0.9,1,True
26454,0.9,1,True
37479,0.9,1,True
46693,0.9,1,True
34932,0.9,1,True
46679,0.9,1,True
34777,0.9,1,True
91971,0.9,1,True
19949,0.9,1,True
91979,0.9,1,True
88396,0.9,1,True
44602,0.9,1,True
91887,0.9,1,True
85726,0.9,1,True
9718,0.9,1,True
25507,0.9,1,True
94880,0.9,1,True
79959,0.9,1,True
7362,0.9,1,True
59950,0.9,1,True
65604,0.9,1,True
55999,0.9,1,True
65702,0.9,1,True
81985,0.9,1,True
69960,0.9,1,True
64326,0.9,1,True
54809,0.9,1,True
7588,0.9,1,True
81954,0.9,1,True
80948,0.9,1,True
81899,0.9,1,True
60940,0.9,1,True
81644,0.9,1,True
76301,0.9,1,True
54265,0.9,1,True
66222,0.9,1,True
70665,0.9,1,True
57398,0.9,1,True
51958,0.9,1,True
49965,0.9,1,True
70931,0.9,1,True
50972,0.9,1,True
50911,0.9,1,True
61852,0.9,1,True
61885,0.9,1,True
57858,0.9,1,True
54947,0.9,1,True
843,0.9,1,True
65427,0.9,1,True
74918,0.9,1,True
68840,0.9,1,True
69236,0.9,1,True
71899,0.9,1,True
48696,0.9,1,True
64991,0.9,1,True
7209,0.9,1,True
59817,0.9,1,True
69226,0.9,1,True
68668,0.9,1,True
75255,0.9,1,True
90983,0.89,1,True
90895,0.89,1,True
11906,0.89,1,True
70988,0.89,1,True
29893,0.89,1,True
14997,0.89,1,True
21122,0.89,1,True
81584,0.89,1,True
95907,0.89,1,True
41799,0.89,1,True
94454,0.89,1,True
77225,0.89,1,True
41669,0.89,1,True
20446,0.89,1,True
79964,0.89,1,True
50670,0.89,1,True
40701,0.89,1,True
50691,0.89,1,True
18711,0.89,1,True
57628,0.89,1,True
4398,0.89,1,True
91112,0.89,1,True
21977,0.89,1,True
80984,0.89,1,True
18308,0.89,1,True
88848,0.89,1,True
87838,0.89,1,True
70883,0.89,1,True
50827,0.89,1,True
26194,0.89,1,True
9714,0.89,1,True
9917,0.89,1,True
1619,0.89,1,True
65572,0.89,1,True
64379,0.89,1,True
31140,0.89,1,True
4741,0.89,1,True
98424,0.89,1,True
1228,0.89,1,True
56318,0.89,1,True
10643,0.89,1,True
95733,0.89,1,True
10984,0.89,1,True
75815,0.89,1,False
45412,0.89,1,True
18511,0.89,1,True
71986,0.89,1,True
31925,0.89,1,True
31620,0.89,1,True
10949,0.89,1,True
45221,0.89,1,True
34390,0.89,1,True
65013,0.89,1,True
44937,0.89,1,True
21938,0.89,1,True
11912,0.89,1,True
65935,0.89,1,True
25124,0.89,1,True
18653,0.89,1,True
54516,0.89,1,True
4837,0.89,1,True
9945,0.89,1,True
64059,0.89,1,True
21900,0.89,1,True
81676,0.89,1,True
65906,0.89,1,True
35611,0.89,1,True
81815,0.89,1,True
30898,0.89,1,True
15288,0.89,1,True
89623,0.89,1,True
80952,0.89,1,True
41396,0.89,1,True
80905,0.89,1,True
38787,0.89,1,True
97135,0.89,1,True
16432,0.89,1,True
36825,0.89,1,True
80703,0.89,1,True
19975,0.89,1,True
60947,0.89,1,True
902,0.89,1,True
70489,0.89,1,True
80685,0.89,1,True
47563,0.89,1,True
84434,0.89,1,True
38949,0.89,1,True
61944,0.89,1,True
26739,0.89,1,True
94910,0.89,1,True
48938,0.89,1,True
38672,0.89,1,True
79822,0.89,1,True
5917,0.89,1,True
5457,0.89,1,True
710,0.89,1,True
68302,0.89,1,True
26904,0.89,1,False
84637,0.89,1,True
59914,0.89,1,True
59911,0.89,1,True
96106,0.89,1,True
24327,0.89,1,True
91761,0.89,1,True
21327,0.89,1,True
61874,0.89,1,True
70741,0.89,1,True
36405,0.89,1,True
79589,0.89,1,True
36458,0.89,1,True
39819,0.89,1,True
61876,0.89,1,True
54819,0.88,1,True
10897,0.88,1,True
85814,0.88,1,True
95757,0.88,1,True
14087,0.88,1,True
91981,0.88,1,True
69763,0.88,1,True
14906,0.88,1,True
45325,0.88,1,True
95860,0.88,1,True
85826,0.88,1,True
94742,0.88,1,True
56085,0.88,1,True
94632,0.88,1,True
87938,0.88,1,False
31400,0.88,1,True
19987,0.88,1,True
74594,0.88,1,True
45640,0.88,1,True
1909,0.88,1,True
31244,0.88,1,True
75290,0.88,1,True
60423,0.88,1,True
65835,0.88,1,True
26284,0.88,1,True
76890,0.88,1,True
30987,0.88,1,True
20959,0.88,1,True
44441,0.88,1,True
45733,0.88,1,True
7022,0.88,1,True
44862,0.88,1,True
1929,0.88,1,True
25793,0.88,1,True
84905,0.88,1,True
88390,0.88,1,True
37444,0.88,1,True
71926,0.88,1,True
48860,0.88,1,True
88959,0.88,1,True
11845,0.88,1,True
24304,0.88,1,True
58948,0.88,1,True
21167,0.88,1,True
55507,0.88,1,True
1965,0.88,1,True
4330,0.88,1,True
37266,0.88,1,True
34221,0.88,1,True
36353,0.88,1,True
14955,0.88,1,True
55065,0.88,1,True
87328,0.88,1,True
71748,0.88,1,True
64809,0.88,1,True
37038,0.88,1,True
20963,0.88,1,True
26372,0.88,1,True
31889,0.88,1,True
34651,0.88,1,True
5911,0.88,1,True
28822,0.88,1,True
54765,0.88,1,True
45747,0.88,1,True
1514,0.88,1,True
70919,0.88,1,True
74294,0.88,1,True
7929,0.88,1,False
5135,0.88,1,True
60926,0.88,1,True
19966,0.88,1,True
61443,0.88,1,True
91773,0.88,1,True
50980,0.88,1,True
57370,0.88,1,True
41515,0.88,1,True
70631,0.88,1,True
20460,0.88,1,True
80987,0.88,1,True
74418,0.88,1,True
9848,0.88,1,True
91643,0.88,1,True
931,0.88,1,True
49639,0.88,1,True
76381,0.88,1,True
46259,0.88,1,True
40741,0.88,1,True
98926,0.88,1,True
4816,0.88,1,True
60923,0.88,1,True
80990,0.88,1,True
51788,0.88,1,True
99865,0.88,1,True
64264,0.88,1,True
91948,0.88,1,True
94747,0.88,1,True
21908,0.88,1,True
45805,0.88,1,True
70939,0.88,1,True
54656,0.88,1,True
30914,0.88,1,True
24898,0.88,1,True
81065,0.88,1,True
76430,0.88,1,True
4876,0.88,1,True
1974,0.88,1,True
51855,0.88,1,True
51882,0.88,1,True
61517,0.88,1,True
74955,0.88,1,True
41905,0.88,1,True
44733,0.87,1,True
80481,0.87,1,True
24185,0.87,1,True
41645,0.87,1,True
59932,0.87,1,True
75786,0.87,1,True
34290,0.87,1,True
55715,0.87,1,True
4915,0.87,1,True
85664,0.87,1,True
35976,0.87,1,True
21563,0.87,1,True
78575,0.87,1,True
96356,0.87,1,True
4479,0.87,1,True
37914,0.87,1,True
6390,0.87,1,True
99921,0.87,1,True
11827,0.87,1,True
61940,0.87,1,True
11966,0.87,1,True
5509,0.87,1,True
37173,0.87,1,True
34840,0.87,1,True
5451,0.87,1,True
59969,0.87,1,True
17772,0.87,1,True
95878,0.87,1,True
38910,0.87,1,True
1911,0.87,1,True
80649,0.87,1,True
57746,0.87,1,True
60786,0.87,1,True
14701,0.87,1,True
4734,0.87,1,True
86308,0.87,1,True
60484,0.87,1,True
35399,0.87,1,True
38808,0.87,1,True
34861,0.87,1,True
64644,0.87,1,True
58805,0.87,1,True
80668,0.87,1,True
11974,0.87,1,True
1443,0.87,1,True
44538,0.87,1,True
5166,0.87,1,True
75463,0.87,1,True
74969,0.87,1,True
80969,0.87,1,True
44336,0.87,1,True
34786,0.87,1,True
25641,0.87,1,True
41966,0.87,1,True
81654,0.87,1,True
41999,0.87,1,True
38975,0.87,1,True
4691,0.87,1,True
1666,0.87,1,True
37288,0.87,1,True
88703,0.87,1,True
54455,0.87,1,True
45921,0.87,1,True
8968,0.87,1,True
69578,0.87,1,True
69472,0.87,1,True
94807,0.87,1,True
31782,0.87,1,True
65505,0.87,1,True
891,0.87,1,True
91692,0.87,1,True
98960,0.87,1,True
25933,0.87,1,True
27372,0.87,1,True
65440,0.87,1,True
54435,0.87,1,True
91880,0.87,1,True
17086,0.87,1,True
27311,0.87,1,True
800,0.87,1,True
45677,0.87,1,False
48972,0.87,1,True
94932,0.87,1,True
65859,0.87,1,True
45529,0.87,1,True
91963,0.87,1,True
91929,0.87,1,True
91980,0.87,1,True
10695,0.87,1,True
76880,0.87,1,False
30899,0.87,1,True
65692,0.87,1,True
45884,0.87,1,True
69880,0.87,1,True
90840,0.87,1,True
47724,0.87,1,True
4227,0.87,1,True
76331,0.87,1,True
89785,0.87,1,True
44929,0.87,1,True
50500,0.87,1,True
84933,0.87,1,False
20258,0.87,1,True
27153,0.87,1,True
28851,0.87,1,True
76347,0.87,1,True
4376,0.87,1,True
70821,0.87,1,True
17169,0.86,1,True
50966,0.86,1,True
78872,0.86,1,True
74677,0.86,1,True
81860,0.86,1,True
75557,0.86,1,True
70827,0.86,1,True
6214,0.86,1,True
51115,0.86,1,True
81922,0.86,1,True
35172,0.86,1,True
71466,0.86,1,True
35473,0.86,1,True
84941,0.86,1,True
5329,0.86,1,True
66971,0.86,1,True
39977,0.86,1,True
26291,0.86,1,True
35318,0.86,1,True
86208,0.86,1,True
66454,0.86,1,True
35590,0.86,1,True
79708,0.86,1,True
61889,0.86,1,True
70977,0.86,1,True
28760,0.86,1,True
54099,0.86,1,True
57955,0.86,1,True
67499,0.86,1,False
15949,0.86,1,False
41595,0.86,1,True
11759,0.86,1,True
84138,0.86,1,True
57291,0.86,1,True
14367,0.86,1,True
30564,0.86,1,True
4922,0.86,1,True
6608,0.86,1,True
25953,0.86,1,True
94190,0.86,1,True
30792,0.86,1,True
61926,0.86,1,True
15971,0.86,1,True
51977,0.86,1,True
1894,0.86,1,True
49767,0.86,1,True
84969,0.86,1,True
35742,0.86,1,True
75812,0.86,1,True
14075,0.86,1,True
34595,0.86,1,True
37452,0.86,1,True
19217,0.86,1,True
94626,0.86,1,True
55906,0.86,1,True
76165,0.86,1,True
19525,0.86,1,True
4632,0.86,1,True
34654,0.86,1,True
85740,0.86,1,True
8713,0.86,1,True
37363,0.86,1,True
80129,0.86,1,True
65377,0.86,1,True
44633,0.86,1,True
27708,0.86,1,True
94935,0.86,1,True
25738,0.86,1,True
11934,0.86,1,True
25776,0.86,1,True
74538,0.86,1,True
16871,0.86,1,False
27291,0.86,1,True
4129,0.86,1,True
34234,0.86,1,True
80324,0.86,1,True
34362,0.86,1,True
94658,0.86,1,True
80202,0.86,1,True
37859,0.86,1,False
64861,0.86,1,True
5661,0.86,1,True
75829,0.86,1,True
71921,0.86,1,True
65743,0.86,1,True
85931,0.86,1,True
48966,0.86,1,True
24458,0.86,1,True
85919,0.86,1,True
85918,0.86,1,True
47835,0.86,1,True
54841,0.86,1,True
95813,0.86,1,True
55301,0.86,1,True
34954,0.86,1,True
18980,0.86,1,True
38528,0.86,1,True
14867,0.86,1,True
47857,0.86,1,True
96947,0.86,1,True
21818,0.86,1,True
4713,0.86,1,True
84567,0.86,1,True
34863,0.86,1,True
65630,0.86,1,True
97703,0.86,1,True
68959,0.85,1,True
95925,0.85,1,True
24374,0.85,1,True
16214,0.85,1,True
67285,0.85,1,True
28956,0.85,1,True
79344,0.85,1,True
91403,0.85,1,True
50399,0.85,1,True
48731,0.85,1,True
74229,0.85,1,True
69119,0.85,1,True
75204,0.85,1,True
99837,0.85,1,True
5925,0.85,1,True
39963,0.85,1,True
61362,0.85,1,True
66882,0.85,1,True
38861,0.85,1,True
70261,0.85,1,True
49223,0.85,1,True
38951,0.85,1,True
70362,0.85,1,True
87176,0.85,1,True
5389,0.85,1,True
16671,0.85,1,True
49683,0.85,1,True
80707,0.85,1,True
47295,0.85,1,True
36759,0.85,1,False
87349,0.85,1,True
39681,0.85,1,True
68706,0.85,1,True
68727,0.85,1,True
58823,0.85,1,True
91621,0.85,1,True
91607,0.85,1,True
47658,0.85,1,True
37251,0.85,1,True
95499,0.85,1,True
612,0.85,1,True
61909,0.85,1,True
80886,0.85,1,True
9216,0.85,1,True
64938,0.85,1,True
14062,0.85,1,True
9957,0.85,1,True
25916,0.85,1,True
75851,0.85,1,True
75833,0.85,1,True
45511,0.85,1,True
15761,0.85,1,True
15764,0.85,1,True
64457,0.85,1,True
43597,0.85,1,False
81981,0.85,1,True
35953,0.85,1,True
7609,0.85,1,True
4789,0.85,1,True
54673,0.85,1,True
81833,0.85,1,True
35562,0.85,1,True
65893,0.85,1,True
81707,0.85,1,True
34881,0.85,1,True
31608,0.85,1,True
10923,0.85,1,True
55215,0.85,1,True
15133,0.85,1,True
7128,0.85,1,True
7149,0.85,1,True
71959,0.85,1,True
17494,0.85,1,True
55654,0.85,1,True
11254,0.85,1,True
25875,0.85,1,True
15672,0.85,1,True
44749,0.85,1,True
65182,0.85,1,True
44963,0.85,1,True
21712,0.85,1,True
71725,0.85,1,True
31627,0.85,1,True
45335,0.85,1,True
74620,0.85,1,True
56511,0.85,1,True
81504,0.85,1,True
51734,0.85,1,True
35868,0.85,1,True
21987,0.85,1,True
29733,0.85,1,True
35772,0.85,1,True
41847,0.85,1,True
90587,0.85,1,True
98748,0.85,1,True
41423,0.85,1,True
15921,0.85,1,True
4938,0.85,1,False
4946,0.85,1,True
46350,0.85,1,True
46712,0.85,1,True
30805,0.85,1,True
66695,0.85,1,True
77908,0.85,1,False
51691,0.85,1,True
59689,0.84,1,True
78798,0.84,1,True
75891,0.84,1,True
75919,0.84,1,True
14929,0.84,1,True
4207,0.84,1,True
4605,0.84,1,True
5551,0.84,1,True
34530,0.84,1,True
4383,0.84,1,True
34512,0.84,1,True
98764,0.84,1,True
68968,0.84,1,True
4589,0.84,1,True
4341,0.84,1,True
98976,0.84,1,True
26969,0.84,1,False
89884,0.84,1,True
59849,0.84,1,True
62006,0.84,1,False
17863,0.84,1,True
96098,0.84,1,True
17761,0.84,1,True
88976,0.84,1,True
64960,0.84,1,True
34109,0.84,1,True
5641,0.84,1,True
70636,0.84,1,True
29782,0.84,1,True
90109,0.84,1,True
98602,0.84,1,True
79760,0.84,1,True
67870,0.84,1,True
36639,0.84,1,False
67861,0.84,1,True
70305,0.84,1,True
27961,0.84,1,False
64249,0.84,1,True
75738,0.84,1,True
70717,0.84,1,True
67762,0.84,1,True
35701,0.84,1,True
25292,0.84,1,True
94980,0.84,1,True
30816,0.84,1,True
75766,0.84,1,True
30488,0.84,1,True
25261,0.84,1,True
31172,0.84,1,True
91553,0.84,1,True
68466,0.84,1,True
15725,0.84,1,True
35822,0.84,1,True
99113,0.84,1,True
90886,0.84,1,True
91554,0.84,1,True
67964,0.84,1,False
66256,0.84,1,True
87948,0.84,1,True
25562,0.84,1,True
77962,0.84,1,True
24549,0.84,1,True
25514,0.84,1,True
30284,0.84,1,True
25055,0.84,1,True
87580,0.84,1,True
57820,0.84,1,False
38737,0.84,1,True
11083,0.84,1,True
74798,0.84,1,True
56964,0.84,1,True
74137,0.84,1,True
20555,0.84,1,True
55489,0.84,1,True
87262,0.84,1,True
6692,0.84,1,False
58080,0.84,1,True
58787,0.84,1,True
54172,0.84,1,True
54048,0.84,1,True
84892,0.84,1,True
44771,0.84,1,True
44718,0.84,1,True
55165,0.84,1,True
48965,0.84,1,True
46558,0.84,1,True
51726,0.84,1,True
97345,0.84,1,True
94582,0.84,1,True
84826,0.84,1,True
81965,0.84,1,True
44175,0.84,1,True
21805,0.84,1,True
58454,0.84,1,True
44041,0.84,1,True
86968,0.84,1,True
50700,0.84,1,True
50834,0.84,1,True
9257,0.84,1,True
55431,0.84,1,True
96747,0.84,1,True
19257,0.84,1,True
909,0.84,1,True
45497,0.84,1,True
10801,0.84,1,True
41148,0.84,1,True
45528,0.84,1,True
45369,0.84,1,True
74030,0.84,1,True
18825,0.84,1,True
1763,0.84,1,True
47101,0.84,1,True
54818,0.84,1,True
86804,0.84,1,False
20635,0.84,1,True
40488,0.84,1,True
58878,0.84,1,True
40407,0.84,1,True
20885,0.84,1,True
41825,0.84,1,True
14233,0.83,1,True
66860,0.83,1,True
56721,0.83,1,False
84706,0.83,1,True
21885,0.83,1,True
98911,0.83,1,True
64319,0.83,1,True
56485,0.83,1,True
46910,0.83,1,True
46940,0.83,1,True
35330,0.83,1,True
14710,0.83,1,True
24967,0.83,1,False
86167,0.83,1,True
50193,0.83,1,True
21941,0.83,1,True
4859,0.83,1,True
77882,0.83,1,True
84069,0.83,1,True
74800,0.83,1,True
34928,0.83,1,True
28872,0.83,1,True
35539,0.83,1,True
75662,0.83,1,True
28915,0.83,1,True
28917,0.83,1,True
35865,0.83,1,True
41584,0.83,1,True
67664,0.83,1,True
96704,0.83,1,True
42443,0.83,1,True
21919,0.83,1,True
17988,0.83,1,True
85889,0.83,1,True
28971,0.83,1,True
85885,0.83,1,True
31792,0.83,1,True
65944,0.83,1,True
90540,0.83,1,True
30645,0.83,1,True
96967,0.83,1,True
31968,0.83,1,True
15529,0.83,1,True
17335,0.83,1,True
31964,0.83,1,True
65317,0.83,1,True
7357,0.83,1,True
45065,0.83,1,True
18620,0.83,1,True
89473,0.83,1,True
71720,0.83,1,True
94721,0.83,1,True
54596,0.83,1,True
25910,0.83,1,True
45525,0.83,1,True
10586,0.83,1,True
10558,0.83,1,True
10447,0.83,1,True
45652,0.83,1,True
71532,0.83,1,True
30979,0.83,1,True
89512,0.83,1,True
89465,0.83,1,True
74714,0.83,1,True
34611,0.83,1,True
95877,0.83,1,False
85816,0.83,1,True
64603,0.83,1,True
6928,0.83,1,True
29652,0.83,1,True
18714,0.83,1,True
55846,0.83,1,True
75900,0.83,1,True
46713,0.83,1,True
34678,0.83,1,True
46636,0.83,1,True
55755,0.83,1,True
90568,0.83,1,True
90893,0.83,1,True
87975,0.83,1,True
76343,0.83,1,True
64829,0.83,1,True
70980,0.83,1,True
66299,0.83,1,True
66255,0.83,1,True
17487,0.83,1,True
90822,0.83,1,True
54227,0.83,1,True
25863,0.83,1,True
34723,0.83,1,True
54708,0.83,1,True
84763,0.83,1,True
40522,0.83,1,True
48429,0.83,1,True
5923,0.83,1,False
19887,0.83,1,True
58934,0.83,1,True
27829,0.83,1,False
60541,0.83,1,True
79557,0.83,1,True
48766,0.83,1,True
95974,0.83,1,True
5818,0.83,1,True
76829,0.83,1,False
26856,0.83,1,True
69738,0.83,1,True
1849,0.83,1,True
779,0.83,1,True
5839,0.83,1,True
67903,0.83,1,True
74173,0.83,1,True
5522,0.83,1,True
99891,0.83,1,True
19797,0.83,1,True
76881,0.83,1,False
96397,0.83,1,True
37058,0.83,1,True
37948,0.83,1,False
59811,0.83,1,True
514,0.83,1,True
36969,0.83,1,False
24207,0.83,1,True
24231,0.83,1,True
8831,0.82,1,True
76848,0.82,1,False
64285,0.82,1,True
77033,0.82,1,True
55211,0.82,1,True
15550,0.82,1,True
25880,0.82,1,True
18758,0.82,1,True
55639,0.82,1,True
25885,0.82,1,True
65921,0.82,1,True
46845,0.82,1,False
61225,0.82,1,True
85947,0.82,1,True
94938,0.82,1,True
34951,0.82,1,True
1310,0.82,1,True
85932,0.82,1,False
25560,0.82,1,True
34971,0.82,1,True
75412,0.82,1,True
25517,0.82,1,True
70875,0.82,1,True
44546,0.82,1,True
29651,0.82,1,True
75310,0.82,1,True
54301,0.82,1,True
38775,0.82,1,True
96875,0.82,1,True
18691,0.82,1,True
44722,0.82,1,True
25790,0.82,1,False
94684,0.82,1,True
46057,0.82,1,True
4548,0.82,1,True
79865,0.82,1,True
99632,0.82,1,True
14972,0.82,1,True
87198,0.82,1,True
8751,0.82,1,True
74141,0.82,1,True
98687,0.82,1,True
38647,0.82,1,True
84974,0.82,1,True
45982,0.82,1,True
36949,0.82,1,True
5902,0.82,1,True
36847,0.82,1,False
17597,0.82,1,True
67053,0.82,1,True
55943,0.82,1,True
68764,0.82,1,True
21757,0.82,1,True
55809,0.82,1,True
34711,0.82,1,True
34527,0.82,1,True
65976,0.82,1,True
55787,0.82,1,True
85729,0.82,1,True
96439,0.82,1,True
55761,0.82,1,True
55419,0.82,1,True
98667,0.82,1,True
80130,0.82,1,True
61327,0.82,1,True
95471,0.82,1,True
18862,0.82,1,True
78406,0.82,1,True
54619,0.82,1,True
67620,0.82,1,True
49868,0.82,1,True
75069,0.82,1,True
14436,0.82,1,True
54853,0.82,1,True
40158,0.82,1,True
45510,0.82,1,True
68924,0.82,1,True
65657,0.82,1,True
77970,0.82,1,False
39964,0.82,1,True
877,0.82,1,True
84721,0.82,1,True
91932,0.82,1,True
46987,0.82,1,False
98507,0.82,1,True
4914,0.82,1,True
65879,0.82,1,True
24425,0.82,1,True
8977,0.82,1,True
7634,0.82,1,True
49591,0.82,1,True
49630,0.82,1,True
24916,0.82,1,True
4954,0.82,1,True
24944,0.82,1,True
16948,0.82,1,False
70566,0.82,1,True
15838,0.82,1,True
54698,0.82,1,True
94930,0.82,1,True
40221,0.82,1,True
18815,0.82,1,True
67685,0.82,1,True
14336,0.82,1,True
49268,0.82,1,True
68970,0.82,1,True
4846,0.82,1,True
85608,0.82,1,True
89975,0.82,1,True
1874,0.82,1,True
54864,0.82,1,True
35478,0.82,1,True
39940,0.82,1,True
16929,0.82,1,True
98981,0.82,1,True
67488,0.82,1,False
36518,0.82,1,True
56930,0.82,1,False
87911,0.82,1,False
74597,0.82,1,True
86246,0.82,1,True
47713,0.82,1,True
18633,0.82,1,True
54945,0.82,1,False
36680,0.82,1,False
86937,0.82,1,True
35715,0.82,1,True
94754,0.82,1,True
86958,0.82,1,True
89965,0.81,1,True
97629,0.81,1,True
25796,0.81,1,True
97913,0.81,1,False
88736,0.81,1,True
79979,0.81,1,True
44977,0.81,1,True
48348,0.81,1,True
25947,0.81,1,False
10205,0.81,1,True
95326,0.81,1,True
44985,0.81,1,True
54965,0.81,1,True
15636,0.81,1,True
4462,0.81,1,True
80486,0.81,1,True
31749,0.81,1,True
96868,0.81,1,True
44900,0.81,1,True
84737,0.81,1,True
87347,0.81,1,True
94886,0.81,1,True
55470,0.81,1,True
90240,0.81,1,True
68925,0.81,1,True
15276,0.81,1,True
10851,0.81,1,True
54356,0.81,1,True
37969,0.81,1,True
68830,0.81,1,True
26936,0.81,1,True
58836,0.81,1,True
65633,0.81,1,True
37939,0.81,1,True
89188,0.81,1,True
64953,0.81,1,True
74638,0.81,1,True
54445,0.81,1,True
80410,0.81,1,True
64942,0.81,1,True
71611,0.81,1,True
85552,0.81,1,True
31445,0.81,1,True
64940,0.81,1,True
7660,0.81,1,False
25954,0.81,1,True
37954,0.81,1,True
74566,0.81,1,True
8919,0.81,1,True
88313,0.81,1,True
35349,0.81,1,True
25293,0.81,1,True
64116,0.81,1,True
25361,0.81,1,True
35484,0.81,1,True
36574,0.81,1,True
64221,0.81,1,True
24879,0.81,1,False
84508,0.81,1,True
16922,0.81,1,False
80694,0.81,1,True
98929,0.81,1,True
48796,0.81,1,True
94841,0.81,1,True
21867,0.81,1,True
87930,0.81,1,True
66832,0.81,1,True
34936,0.81,1,True
85887,0.81,1,True
17696,0.81,1,True
86381,0.81,1,True
56963,0.81,1,True
94964,0.81,1,True
75526,0.81,1,True
76907,0.81,1,False
40244,0.81,1,True
79426,0.81,1,True
16937,0.81,1,True
84295,0.81,1,True
14384,0.81,1,True
97956,0.81,1,True
41632,0.81,1,True
4967,0.81,1,True
47133,0.81,1,True
41697,0.81,1,True
35796,0.81,1,True
97827,0.81,1,False
57941,0.81,1,True
77907,0.81,1,True
91483,0.81,1,True
14855,0.81,1,True
85977,0.81,1,False
95249,0.81,1,True
77088,0.81,1,True
94855,0.81,1,True
38947,0.81,1,True
34288,0.81,1,True
38862,0.81,1,True
94923,0.81,1,True
55808,0.81,1,True
66465,0.81,1,True
5286,0.81,1,True
14957,0.81,1,True
14931,0.81,1,True
29540,0.81,1,True
44667,0.81,1,True
34427,0.81,1,True
44656,0.81,1,True
29774,0.81,1,True
96825,0.81,1,True
9879,0.81,1,True
55678,0.81,1,True
79715,0.81,1,True
70850,0.81,1,True
25629,0.81,1,True
46777,0.81,1,True
16690,0.81,1,False
6924,0.81,1,True
4545,0.81,1,True
64887,0.81,1,True
64874,0.81,1,True
99309,0.8,1,True
67575,0.8,1,True
938,0.8,1,True
47630,0.8,1,True
48613,0.8,1,True
84849,0.8,1,True
8455,0.8,1,True
70677,0.8,1,True
91860,0.8,1,True
16849,0.8,1,True
67865,0.8,1,True
76939,0.8,1,False
91587,0.8,1,True
27563,0.8,1,False
65883,0.8,1,True
20619,0.8,1,True
29897,0.8,1,True
84128,0.8,1,True
94846,0.8,1,True
19697,0.8,1,True
91041,0.8,1,True
45947,0.8,1,True
91147,0.8,1,True
70823,0.8,1,True
16872,0.8,1,True
18759,0.8,1,True
69930,0.8,1,True
95627,0.8,1,True
70747,0.8,1,True
65858,0.8,1,True
90556,0.8,1,True
48964,0.8,1,True
91234,0.8,1,True
98954,0.8,1,True
8875,0.8,1,True
76893,0.8,1,True
7919,0.8,1,True
27718,0.8,1,False
65895,0.8,1,True
77387,0.8,1,True
84965,0.8,1,False
74656,0.8,1,True
19546,0.8,1,True
26918,0.8,1,True
25830,0.8,1,True
35697,0.8,1,True
86966,0.8,1,True
56319,0.8,1,True
97945,0.8,1,True
34910,0.8,1,False
85878,0.8,1,True
44120,0.8,1,True
80799,0.8,1,True
64794,0.8,1,True
1504,0.8,1,True
97834,0.8,1,True
21600,0.8,1,True
14826,0.8,1,True
95842,0.8,1,True
75375,0.8,1,True
86978,0.8,1,True
21545,0.8,1,True
36837,0.8,1,True
14976,0.8,1,True
74462,0.8,1,True
11866,0.8,1,True
88810,0.8,1,True
34964,0.8,1,False
35984,0.8,1,False
36903,0.8,1,True
97953,0.8,1,False
87878,0.8,1,True
14453,0.8,1,True
77963,0.8,1,True
4931,0.8,1,True
24963,0.8,1,True
94522,0.8,1,True
75697,0.8,1,True
14636,0.8,1,True
81802,0.8,1,True
25344,0.8,1,True
64441,0.8,1,True
35497,0.8,1,True
25382,0.8,1,True
94962,0.8,1,False
86371,0.8,1,False
81932,0.8,1,True
64261,0.8,1,True
17768,0.8,1,True
56744,0.8,1,True
24921,0.8,1,True
11587,0.8,1,True
95956,0.8,1,True
11581,0.8,1,True
37882,0.8,1,True
44933,0.8,1,False
55106,0.8,1,True
5304,0.8,1,True
4096,0.8,1,True
65164,0.8,1,True
54961,0.8,1,True
87374,0.8,1,True
17862,0.8,1,False
58917,0.8,1,True
59781,0.8,1,True
89683,0.8,1,True
79915,0.8,1,True
59701,0.8,1,True
37623,0.8,1,True
24434,0.8,1,True
24388,0.8,1,True
18542,0.8,1,True
79967,0.8,1,True
15837,0.8,1,True
7574,0.8,1,True
79860,0.8,1,True
74475,0.8,1,True
41561,0.8,1,True
55231,0.8,1,True
95981,0.8,1,False
38963,0.79,1,True
75550,0.79,1,True
40616,0.79,1,True
97325,0.79,1,True
27262,0.79,1,True
24752,0.79,1,True
93190,0.79,1,True
40733,0.79,1,True
24712,0.79,1,True
23508,0.79,1,True
24694,0.79,1,True
5844,0.79,1,True
74936,0.79,1,False
27692,0.79,1,True
79926,0.79,1,True
95405,0.79,1,True
81233,0.79,1,True
27978,0.79,1,True
79952,0.79,1,True
76927,0.79,1,True
57601,0.79,1,True
78712,0.79,1,True
14294,0.79,1,True
74866,0.79,1,True
49791,0.79,1,True
58550,0.79,1,True
26965,0.79,1,True
78816,0.79,1,True
24637,0.79,1,True
84318,0.79,1,True
57641,0.79,1,True
24831,0.79,1,True
87837,0.79,1,True
22306,0.79,1,True
5528,0.79,1,True
27848,0.79,1,True
39571,0.79,1,True
91959,0.79,1,True
19438,0.79,1,True
73566,0.79,1,True
41574,0.79,1,True
97934,0.79,1,True
61647,0.79,1,True
37980,0.79,1,False
659,0.79,1,True
57952,0.79,1,False
86932,0.79,1,False
67883,0.79,1,False
94331,0.79,1,True
57930,0.79,1,False
95931,0.79,1,True
74873,0.79,1,True
75426,0.79,1,True
68662,0.79,1,True
94365,0.79,1,True
76901,0.79,1,False
39130,0.79,1,True
58717,0.79,1,True
79866,0.79,1,True
8903,0.79,1,True
94821,0.79,1,True
95962,0.79,1,True
97426,0.79,1,True
16907,0.79,1,False
20880,0.79,1,True
44745,0.79,1,True
46398,0.79,1,True
55219,0.79,1,True
65955,0.79,1,True
45977,0.79,1,True
55232,0.79,1,True
65986,0.79,1,True
88754,0.79,1,True
9895,0.79,1,True
87503,0.79,1,True
21501,0.79,1,True
44869,0.79,1,False
29854,0.79,1,True
64877,0.79,1,True
34277,0.79,1,True
44765,0.79,1,True
95565,0.79,1,True
52461,0.79,1,False
1404,0.79,1,True
85708,0.79,1,True
64815,0.79,1,True
11105,0.79,1,True
25870,0.79,1,True
71766,0.79,1,True
10791,0.79,1,True
25945,0.79,1,True
31379,0.79,1,True
54645,0.79,1,True
31415,0.79,1,True
45430,0.79,1,True
17135,0.79,1,False
65884,0.79,1,True
15736,0.79,1,True
65887,0.79,1,True
4269,0.79,1,True
74577,0.79,1,True
45245,0.79,1,True
54936,0.79,1,True
15590,0.79,1,True
44981,0.79,1,True
65166,0.79,1,True
54447,0.79,1,True
11042,0.79,1,True
20425,0.79,1,True
59031,0.79,1,True
96836,0.79,1,False
46525,0.79,1,True
86726,0.79,1,False
64522,0.79,1,True
14844,0.79,1,True
90224,0.79,1,True
85899,0.79,1,True
26356,0.79,1,True
34973,0.79,1,True
7892,0.79,1,True
84879,0.79,1,True
56982,0.79,1,True
14806,0.79,1,True
46900,0.79,1,True
98845,0.79,1,True
6838,0.79,1,False
86618,0.79,1,True
96768,0.79,1,True
18765,0.79,1,True
25424,0.79,1,True
4866,0.79,1,True
85871,0.79,1,True
64765,0.79,1,True
44155,0.79,1,True
74958,0.79,1,True
44639,0.79,1,True
14936,0.79,1,True
75923,0.79,1,True
50923,0.79,1,True
78378,0.79,1,True
14743,0.79,1,True
25614,0.79,1,True
55963,0.79,1,True
55983,0.79,1,False
56988,0.79,1,True
85834,0.79,1,True
43928,0.79,1,True
71538,0.78,1,True
1648,0.78,1,True
17884,0.78,1,False
71581,0.78,1,True
75626,0.78,1,True
71380,0.78,1,True
26947,0.78,1,True
26928,0.78,1,True
26396,0.78,1,False
19552,0.78,1,True
25766,0.78,1,True
17817,0.78,1,False
1893,0.78,1,True
75576,0.78,1,True
99183,0.78,1,True
24899,0.78,1,True
94313,0.78,1,True
23505,0.78,1,False
71339,0.78,1,True
24573,0.78,1,True
94941,0.78,1,True
94896,0.78,1,True
24516,0.78,1,True
25962,0.78,1,True
16876,0.78,1,True
94939,0.78,1,True
17749,0.78,1,True
35107,0.78,1,True
95761,0.78,1,True
14947,0.78,1,True
64914,0.78,1,True
64913,0.78,1,True
85962,0.78,1,True
4506,0.78,1,True
14959,0.78,1,True
34421,0.78,1,True
56784,0.78,1,True
56805,0.78,1,False
4596,0.78,1,True
77410,0.78,1,True
6585,0.78,1,True
86801,0.78,1,False
56985,0.78,1,True
57513,0.78,1,False
64766,0.78,1,True
97825,0.78,1,False
57931,0.78,1,True
77853,0.78,1,True
55944,0.78,1,True
55930,0.78,1,True
55855,0.78,1,True
44454,0.78,1,True
90483,0.78,1,True
96943,0.78,1,True
44965,0.78,1,True
15857,0.78,1,True
30955,0.78,1,True
85412,0.78,1,True
85448,0.78,1,True
85459,0.78,1,True
65623,0.78,1,True
55495,0.78,1,True
36838,0.78,1,True
65293,0.78,1,True
44880,0.78,1,True
15385,0.78,1,True
85629,0.78,1,True
96841,0.78,1,True
6971,0.78,1,True
34895,0.78,1,True
14857,0.78,1,True
34958,0.78,1,True
4937,0.78,1,True
4950,0.78,1,True
35943,0.78,1,True
35949,0.78,1,True
35950,0.78,1,True
62443,0.78,1,True
79887,0.78,1,True
87803,0.78,1,True
61868,0.78,1,True
95941,0.78,1,False
37293,0.78,1,True
61492,0.78,1,True
13760,0.78,1,True
60195,0.78,1,True
36958,0.78,1,True
87729,0.78,1,True
79698,0.78,1,True
95959,0.78,1,True
35937,0.78,1,True
5734,0.78,1,True
14825,0.78,1,True
35928,0.78,1,True
34994,0.78,1,True
5955,0.78,1,True
39131,0.78,1,True
64160,0.78,1,True
64133,0.78,1,True
95902,0.78,1,True
96391,0.78,1,True
58820,0.78,1,True
5885,0.78,1,True
37938,0.78,1,False
80120,0.78,1,True
77896,0.78,1,True
77971,0.78,1,True
97957,0.78,1,False
35859,0.78,1,True
5811,0.78,1,True
87547,0.78,1,False
54846,0.78,1,True
60972,0.78,1,True
65975,0.78,1,True
47955,0.78,1,False
45945,0.78,1,True
47954,0.78,1,True
54211,0.78,1,True
68220,0.78,1,True
48797,0.78,1,True
76975,0.78,1,True
29266,0.78,1,True
76863,0.78,1,False
76872,0.78,1,False
84439,0.78,1,True
84487,0.78,1,True
67960,0.78,1,False
7980,0.78,1,True
67267,0.78,1,True
16397,0.78,1,True
48958,0.78,1,True
50763,0.78,1,True
16494,0.78,1,True
7909,0.78,1,True
54527,0.78,1,True
45967,0.78,1,True
47956,0.78,1,True
29717,0.78,1,True
45612,0.78,1,True
29839,0.78,1,True
7554,0.78,1,True
27899,0.78,1,True
45666,0.78,1,True
98980,0.78,1,True
95254,0.78,1,True
8388,0.78,1,True
15981,0.78,1,True
45795,0.78,1,True
47878,0.78,1,False
95431,0.78,1,True
27535,0.78,1,False
47973,0.78,1,False
97418,0.78,1,True
47870,0.77,1,True
93723,0.77,1,True
87429,0.77,1,True
18886,0.77,1,True
17901,0.77,1,True
18828,0.77,1,True
74830,0.77,1,True
38663,0.77,1,True
47623,0.77,1,False
58435,0.77,1,True
7961,0.77,1,True
39398,0.77,1,True
47922,0.77,1,True
48911,0.77,1,True
5853,0.77,1,True
8410,0.77,1,True
36957,0.77,1,False
47984,0.77,1,True
74937,0.77,1,True
48737,0.77,1,True
94889,0.77,1,True
59888,0.77,1,True
96070,0.77,1,True
5678,0.77,1,True
86941,0.77,1,True
47921,0.77,1,True
8093,0.77,1,True
74929,0.77,1,True
59646,0.77,1,True
48903,0.77,1,True
84766,0.77,1,True
74983,0.77,1,True
97167,0.77,1,True
57876,0.77,1,True
84392,0.77,1,True
46532,0.77,1,True
51917,0.77,1,True
44341,0.77,1,True
94922,0.77,1,True
82457,0.77,1,True
1422,0.77,1,True
44729,0.77,1,True
44738,0.77,1,True
44817,0.77,1,True
45936,0.77,1,True
55577,0.77,1,True
54533,0.77,1,True
18336,0.77,1,True
54547,0.77,1,True
11693,0.77,1,True
11531,0.77,1,True
44918,0.77,1,True
20791,0.77,1,True
20876,0.77,1,True
7630,0.77,1,True
74518,0.77,1,True
44960,0.77,1,True
94689,0.77,1,True
54915,0.77,1,True
84967,0.77,1,True
50853,0.77,1,True
57958,0.77,1,False
85945,0.77,1,True
47432,0.77,1,True
84365,0.77,1,True
18810,0.77,1,True
49905,0.77,1,True
86922,0.77,1,True
49938,0.77,1,True
45557,0.77,1,True
94406,0.77,1,True
57831,0.77,1,True
57735,0.77,1,False
47123,0.77,1,True
6144,0.77,1,True
97806,0.77,1,True
41153,0.77,1,True
97111,0.77,1,True
7930,0.77,1,False
46972,0.77,1,True
74960,0.77,1,True
86747,0.77,1,True
46899,0.77,1,False
50718,0.77,1,True
56699,0.77,1,True
46811,0.77,1,True
26958,0.77,1,False
95961,0.77,1,True
72518,0.77,1,True
64752,0.77,1,True
27971,0.77,1,True
89829,0.77,1,True
89606,0.77,1,True
67795,0.77,1,False
64941,0.77,1,True
64936,0.77,1,True
99628,0.77,1,True
64928,0.77,1,False
25831,0.77,1,True
70276,0.77,1,True
14978,0.77,1,True
14977,0.77,1,True
64819,0.77,1,True
75977,0.77,1,True
75942,0.77,1,True
72523,0.77,1,True
67935,0.77,1,False
34663,0.77,1,True
75922,0.77,1,True
16631,0.77,1,True
34731,0.77,1,True
76515,0.77,1,True
27835,0.77,1,False
26607,0.77,1,True
15680,0.77,1,True
15707,0.77,1,True
16132,0.77,1,True
98771,0.77,1,True
66610,0.77,1,True
66684,0.77,1,False
77154,0.77,1,True
15965,0.77,1,True
25976,0.77,1,False
25975,0.77,1,True
29791,0.77,1,True
29057,0.77,1,True
15918,0.77,1,True
66950,0.77,1,True
25908,0.77,1,True
16407,0.77,1,True
71352,0.77,1,True
95189,0.77,1,True
15865,0.77,1,True
65877,0.77,1,True
77511,0.77,1,True
31123,0.77,1,True
65694,0.77,1,True
28232,0.77,1,True
77587,0.77,1,True
75893,0.77,1,True
15990,0.77,1,False
36627,0.77,1,True
25448,0.77,1,True
67966,0.77,1,True
24874,0.77,1,True
68642,0.77,1,True
61974,0.77,1,True
67972,0.77,1,False
79035,0.77,1,True
16905,0.77,1,True
14195,0.77,1,True
35521,0.77,1,True
35535,0.77,1,True
95903,0.77,1,True
24954,0.77,1,True
17592,0.77,1,True
26929,0.77,1,False
14554,0.77,1,True
35904,0.77,1,True
14409,0.77,1,True
75715,0.77,1,True
91999,0.77,1,False
26819,0.77,1,True
75395,0.77,1,True
26839,0.77,1,True
34968,0.77,1,True
17664,0.77,1,True
16915,0.77,1,True
14774,0.77,1,True
95874,0.77,1,True
26976,0.77,1,True
69823,0.77,1,True
74746,0.76,1,True
47977,0.76,1,True
26927,0.76,1,True
54338,0.76,1,True
76933,0.76,1,True
68946,0.76,1,True
52374,0.76,1,True
66982,0.76,1,True
67675,0.76,1,True
76709,0.76,1,True
66957,0.76,1,False
27264,0.76,1,True
53251,0.76,1,False
84972,0.76,1,True
83450,0.76,1,True
74904,0.76,1,True
27396,0.76,1,True
84489,0.76,1,True
84878,0.76,1,True
67696,0.76,1,True
47963,0.76,1,False
19885,0.76,1,True
26829,0.76,1,True
49102,0.76,1,True
26728,0.76,1,True
45949,0.76,1,True
84842,0.76,1,True
27889,0.76,1,True
69985,0.76,1,True
26845,0.76,1,True
27893,0.76,1,False
70139,0.76,1,True
67874,0.76,1,True
84594,0.76,1,True
67971,0.76,1,False
27949,0.76,1,False
47331,0.76,1,True
84870,0.76,1,True
69621,0.76,1,True
47933,0.76,1,True
84762,0.76,1,True
74870,0.76,1,True
67752,0.76,1,True
76819,0.76,1,True
91894,0.76,1,True
67744,0.76,1,True
27642,0.76,1,True
92356,0.76,1,True
36836,0.76,1,False
54982,0.76,1,True
66672,0.76,1,True
35518,0.76,1,True
58672,0.76,1,True
58627,0.76,1,True
80612,0.76,1,True
35448,0.76,1,True
35271,0.76,1,True
39729,0.76,1,True
34891,0.76,1,True
77847,0.76,1,True
77827,0.76,1,False
64628,0.76,1,True
40343,0.76,1,True
57666,0.76,1,True
86868,0.76,1,False
74388,0.76,1,True
75917,0.76,1,True
38717,0.76,1,True
80467,0.76,1,True
86792,0.76,1,True
35623,0.76,1,True
36870,0.76,1,True
79796,0.76,1,True
79639,0.76,1,True
61464,0.76,1,True
24910,0.76,1,False
35918,0.76,1,True
59625,0.76,1,True
24970,0.76,1,True
24977,0.76,1,False
37838,0.76,1,True
75590,0.76,1,True
75664,0.76,1,True
37856,0.76,1,True
35684,0.76,1,True
58918,0.76,1,True
34676,0.76,1,True
56968,0.76,1,True
29694,0.76,1,True
85469,0.76,1,True
90293,0.76,1,True
94697,0.76,1,True
82512,0.76,1,True
44980,0.76,1,True
90313,0.76,1,True
45402,0.76,1,True
54859,0.76,1,True
65911,0.76,1,True
90524,0.76,1,True
65994,0.76,1,True
45670,0.76,1,True
90888,0.76,1,True
54581,0.76,1,True
45925,0.76,1,True
25991,0.76,1,False
79734,0.76,1,True
65641,0.76,1,True
86737,0.76,1,True
21179,0.76,1,True
86718,0.76,1,True
86236,0.76,1,True
56775,0.76,1,False
85796,0.76,1,True
88459,0.76,1,True
88553,0.76,1,True
25833,0.76,1,True
94643,0.76,1,True
64935,0.76,1,True
64962,0.76,1,True
89909,0.76,1,True
44870,0.76,1,True
65212,0.76,1,True
65588,0.76,1,True
44910,0.76,1,True
48419,0.76,1,True
74926,0.76,1,True
97896,0.76,1,False
95803,0.76,1,True
97176,0.76,1,True
14837,0.76,1,True
16891,0.76,1,True
14835,0.76,1,True
1813,0.76,1,True
4919,0.76,1,True
17935,0.76,1,True
96656,0.76,1,True
15137,0.76,1,True
1692,0.76,1,True
5326,0.76,1,True
7983,0.76,1,True
98174,0.76,1,True
14772,0.76,1,True
9056,0.76,1,True
96786,0.76,1,True
15967,0.76,1,True
98770,0.76,1,True
14853,0.76,1,True
95030,0.76,1,True
17833,0.76,1,False
5000,0.76,1,True
9823,0.76,1,True
15693,0.76,1,True
15758,0.76,1,True
94981,0.76,1,True
9912,0.76,1,True
3399,0.76,1,True
18817,0.76,1,True
9947,0.76,1,True
15833,0.76,1,True
2427,0.76,1,True
15808,0.76,1,True
5409,0.76,1,True
4823,0.76,1,True
97638,0.76,1,True
97958,0.76,1,True
14764,0.76,1,True
99423,0.76,1,True
7880,0.76,1,False
16840,0.76,1,True
16977,0.76,1,False
4410,0.76,1,True
14996,0.76,1,True
7522,0.76,1,True
7950,0.76,1,True
14604,0.76,1,True
7676,0.76,1,True
18929,0.76,1,True
67979,0.75,1,False
44935,0.75,1,True
44974,0.75,1,False
44959,0.75,1,True
69795,0.75,1,True
26610,0.75,1,True
44885,0.75,1,True
76382,0.75,1,True
96847,0.75,1,True
44467,0.75,1,True
76855,0.75,1,False
96913,0.75,1,True
95769,0.75,1,True
4989,0.75,1,True
67898,0.75,1,False
18366,0.75,1,True
45835,0.75,1,True
55969,0.75,1,True
76929,0.75,1,False
26263,0.75,1,True
55973,0.75,1,True
94953,0.75,1,True
67777,0.75,1,True
70922,0.75,1,True
55977,0.75,1,True
61998,0.75,1,True
85898,0.75,1,True
6906,0.75,1,True
10717,0.75,1,True
67895,0.75,1,True
85809,0.75,1,True
97920,0.75,1,True
6691,0.75,1,True
41990,0.75,1,True
86933,0.75,1,True
60874,0.75,1,True
76605,0.75,1,True
5266,0.75,1,True
60730,0.75,1,True
96702,0.75,1,True
21996,0.75,1,True
88780,0.75,1,True
41239,0.75,1,True
17970,0.75,1,True
40998,0.75,1,True
6708,0.75,1,True
69847,0.75,1,True
97749,0.75,1,True
86854,0.75,1,True
39880,0.75,1,True
56816,0.75,1,True
61119,0.75,1,True
45859,0.75,1,True
56610,0.75,1,True
5363,0.75,1,True
85930,0.75,1,True
76841,0.75,1,True
86951,0.75,1,True
68555,0.75,1,True
85967,0.75,1,True
68609,0.75,1,True
6839,0.75,1,True
86938,0.75,1,False
81940,0.75,1,True
76782,0.75,1,False
79753,0.75,1,True
69883,0.75,1,True
68860,0.75,1,True
66770,0.75,1,True
6926,0.75,1,True
95679,0.75,1,True
48800,0.75,1,True
17876,0.75,1,False
65461,0.75,1,True
65481,0.75,1,True
91575,0.75,1,True
24468,0.75,1,True
97464,0.75,1,True
84569,0.75,1,True
26977,0.75,1,True
98435,0.75,1,True
49613,0.75,1,True
16274,0.75,1,True
28934,0.75,1,True
16249,0.75,1,True
84734,0.75,1,True
47901,0.75,1,False
84792,0.75,1,True
47799,0.75,1,True
24610,0.75,1,True
77632,0.75,1,True
65024,0.75,1,True
45916,0.75,1,True
77932,0.75,1,False
7585,0.75,1,False
53350,0.75,1,True
27852,0.75,1,True
24141,0.75,1,True
54907,0.75,1,True
64806,0.75,1,True
4587,0.75,1,True
7814,0.75,1,True
27185,0.75,1,True
84385,0.75,1,True
51293,0.75,1,True
51155,0.75,1,True
97506,0.75,1,True
95439,0.75,1,True
54993,0.75,1,False
24341,0.75,1,True
24346,0.75,1,True
28238,0.75,1,True
26909,0.75,1,False
55695,0.75,1,True
26889,0.75,1,False
26164,0.75,1,True
30423,0.75,1,True
98838,0.75,1,True
66960,0.75,1,False
96981,0.75,1,True
9722,0.75,1,True
30648,0.75,1,True
6931,0.75,1,True
15913,0.75,1,True
46437,0.75,1,True
84832,0.75,1,True
6923,0.75,1,True
46241,0.75,1,True
79061,0.75,1,True
15874,0.75,1,True
46070,0.75,1,True
45966,0.75,1,True
45959,0.75,1,True
84990,0.75,1,False
55905,0.75,1,True
9643,0.75,1,True
15934,0.75,1,True
9620,0.75,1,True
66353,0.75,1,True
6976,0.75,1,True
9209,0.75,1,True
46982,0.75,1,True
55806,0.75,1,True
15975,0.75,1,True
46977,0.75,1,True
15958,0.75,1,False
46921,0.75,1,True
26848,0.75,1,True
46886,0.75,1,True
76981,0.75,1,False
46866,0.75,1,True
66845,0.75,1,True
66851,0.75,1,False
46776,0.75,1,True
16916,0.75,1,False
38348,0.75,1,True
64252,0.75,1,True
19774,0.75,1,True
57766,0.75,1,False
74945,0.75,1,True
14975,0.75,1,False
18510,0.75,1,True
35848,0.75,1,True
5791,0.75,1,True
19467,0.75,1,True
57942,0.75,1,True
35956,0.75,1,True
74443,0.75,1,True
74942,0.75,1,True
18948,0.75,1,True
36793,0.75,1,False
25981,0.75,1,True
36785,0.75,1,False
59923,0.75,1,True
14728,0.75,1,True
56973,0.75,1,True
20041,0.75,1,True
57773,0.75,1,True
34706,0.75,1,True
58417,0.75,1,True
25487,0.75,1,True
97854,0.75,1,True
34379,0.75,1,True
35936,0.75,1,True
57868,0.75,1,False
5934,0.75,1,True
59577,0.75,1,True
57848,0.75,1,True
58525,0.75,1,True
36927,0.75,1,True
80909,0.75,1,True
35550,0.75,1,True
34207,0.75,1,True
35923,0.75,1,True
57784,0.75,1,True
74507,0.75,1,True
87920,0.75,1,False
36707,0.75,1,True
37850,0.75,1,False
87970,0.75,1,False
19576,0.75,1,True
19935,0.75,1,True
25662,0.75,1,True
75499,0.75,1,True
80746,0.75,1,True
35972,0.75,1,True
57980,0.75,1,False
5956,0.75,1,True
74990,0.75,1,True
5941,0.75,1,True
25420,0.75,1,True
14888,0.75,1,True
35872,0.75,1,True
14543,0.75,1,True
74285,0.75,1,True
5545,0.75,1,True
26840,0.74,1,True
95237,0.74,1,True
44945,0.74,1,True
17891,0.74,1,True
15441,0.74,1,True
28235,0.74,1,True
76974,0.74,1,False
76886,0.74,1,True
14951,0.74,1,True
80708,0.74,1,True
48292,0.74,1,True
4334,0.74,1,True
84265,0.74,1,True
9457,0.74,1,True
16938,0.74,1,False
44382,0.74,1,True
30477,0.74,1,True
77232,0.74,1,True
55377,0.74,1,True
35220,0.74,1,True
84961,0.74,1,True
85717,0.74,1,True
27979,0.74,1,False
75802,0.74,1,True
14251,0.74,1,True
5032,0.74,1,True
89854,0.74,1,True
36954,0.74,1,False
14655,0.74,1,True
55860,0.74,1,True
50406,0.74,1,True
84704,0.74,1,True
15363,0.74,1,True
30389,0.74,1,True
54996,0.74,1,True
6948,0.74,1,True
85506,0.74,1,True
98847,0.74,1,True
84428,0.74,1,True
45390,0.74,1,True
45841,0.74,1,True
34652,0.74,1,True
55966,0.74,1,True
46165,0.74,1,True
57945,0.74,1,False
9869,0.74,1,True
46733,0.74,1,True
46732,0.74,1,False
48879,0.74,1,True
67381,0.74,1,True
45857,0.74,1,True
45455,0.74,1,True
36790,0.74,1,False
75570,0.74,1,True
15867,0.74,1,True
65550,0.74,1,True
84522,0.74,1,False
28727,0.74,1,True
45961,0.74,1,True
35748,0.74,1,True
67517,0.74,1,True
67772,0.74,1,True
5963,0.74,1,True
36590,0.74,1,True
87981,0.74,1,True
49514,0.74,1,True
45935,0.74,1,True
57981,0.74,1,False
28952,0.74,1,True
10676,0.74,1,True
26817,0.74,1,True
57986,0.74,1,True
65365,0.74,1,True
67860,0.74,1,True
15902,0.74,1,True
4958,0.74,1,True
96956,0.74,1,False
67827,0.74,1,False
23646,0.74,1,True
55987,0.74,1,True
55980,0.74,1,True
35961,0.74,1,True
15942,0.74,1,True
67788,0.74,1,False
6886,0.74,1,True
73677,0.74,1,False
94294,0.74,1,True
5606,0.74,1,True
39774,0.74,1,True
39817,0.74,1,True
54884,0.74,1,True
94593,0.74,1,True
70068,0.74,1,True
39840,0.74,1,True
98659,0.74,1,True
17990,0.74,1,False
37905,0.74,1,False
25992,0.74,1,True
39920,0.74,1,True
86931,0.74,1,True
74038,0.74,1,True
77823,0.74,1,True
24124,0.74,1,True
65974,0.74,1,True
94523,0.74,1,False
47788,0.74,1,False
99660,0.74,1,True
64745,0.74,1,True
60387,0.74,1,True
86913,0.74,1,False
96632,0.74,1,True
16606,0.74,1,True
5368,0.74,1,True
13481,0.74,1,True
52297,0.74,1,True
84807,0.74,1,True
37949,0.74,1,False
96276,0.74,1,True
96279,0.74,1,True
54704,0.74,1,True
56948,0.74,1,True
95561,0.74,1,True
71378,0.74,1,True
47131,0.74,1,True
5435,0.74,1,True
4802,0.74,1,True
54595,0.74,1,True
37984,0.74,1,False
54418,0.74,1,True
96510,0.74,1,True
26881,0.74,1,False
4729,0.74,1,True
95133,0.74,1,True
39177,0.74,1,True
54854,0.74,1,True
64553,0.74,1,True
16972,0.74,1,False
96559,0.74,1,True
86965,0.74,1,False
16970,0.74,1,False
94639,0.74,1,True
84808,0.74,1,True
15976,0.74,1,True
37972,0.74,1,False
26137,0.74,1,True
80536,0.74,1,True
27898,0.74,1,False
7829,0.74,1,True
16581,0.74,1,True
4574,0.74,1,True
35583,0.74,1,True
6965,0.74,1,True
34067,0.74,1,True
42564,0.74,1,False
46943,0.74,1,True
57854,0.74,1,True
42671,0.74,1,False
95584,0.74,1,True
5170,0.74,1,True
97899,0.74,1,True
57840,0.74,1,True
43256,0.74,1,True
51645,0.74,1,True
97990,0.74,1,True
54966,0.74,1,True
57989,0.74,1,False
85963,0.74,1,True
60999,0.74,1,True
43373,0.74,1,True
86734,0.74,1,True
86743,0.74,1,True
5907,0.74,1,True
56857,0.74,1,True
37779,0.74,1,True
16836,0.74,1,False
14822,0.74,1,True
37619,0.74,1,False
76852,0.74,1,True
72248,0.74,1,True
25739,0.74,1,True
41787,0.74,1,True
97726,0.74,1,False
5272,0.74,1,True
90788,0.74,1,True
74770,0.74,1,True
64825,0.74,1,True
75951,0.74,1,True
46961,0.74,1,True
7397,0.74,1,True
51216,0.74,1,True
74980,0.73,1,False
99912,0.73,1,True
8756,0.73,1,True
47939,0.73,1,True
14419,0.73,1,True
17845,0.73,1,False
35810,0.73,1,True
91335,0.73,1,True
63388,0.73,1,True
77462,0.73,1,True
91072,0.73,1,True
23506,0.73,1,True
65931,0.73,1,True
5946,0.73,1,False
77509,0.73,1,True
95891,0.73,1,True
78353,0.73,1,True
65871,0.73,1,True
47958,0.73,1,True
16865,0.73,1,True
47951,0.73,1,False
34961,0.73,1,False
47944,0.73,1,False
55600,0.73,1,True
71717,0.73,1,True
65806,0.73,1,True
97987,0.73,1,True
77959,0.73,1,False
7851,0.73,1,False
54983,0.73,1,False
54967,0.73,1,True
35337,0.73,1,True
77752,0.73,1,True
4536,0.73,1,True
77766,0.73,1,True
74862,0.73,1,False
35542,0.73,1,True
16819,0.73,1,False
52160,0.73,1,True
4610,0.73,1,True
54916,0.73,1,True
52296,0.73,1,True
50956,0.73,1,True
27890,0.73,1,True
7483,0.73,1,True
97849,0.73,1,True
77885,0.73,1,True
64028,0.73,1,True
54152,0.73,1,True
7755,0.73,1,True
24013,0.73,1,True
4804,0.73,1,True
74914,0.73,1,True
54798,0.73,1,True
7581,0.73,1,False
35504,0.73,1,True
4763,0.73,1,True
7855,0.73,1,True
210,0.73,1,True
65795,0.73,1,False
19457,0.73,1,True
78147,0.73,1,True
16286,0.73,1,False
48528,0.73,1,True
48602,0.73,1,True
16854,0.73,1,False
48807,0.73,1,True
74374,0.73,1,True
7984,0.73,1,True
74398,0.73,1,True
58869,0.73,1,True
65478,0.73,1,True
74477,0.73,1,True
17882,0.73,1,False
49136,0.73,1,True
77983,0.73,1,True
27974,0.73,1,False
94968,0.73,1,True
84404,0.73,1,True
65080,0.73,1,True
77980,0.73,1,False
14642,0.73,1,True
17890,0.73,1,True
19375,0.73,1,True
77978,0.73,1,False
35618,0.73,1,True
99943,0.73,1,True
14753,0.73,1,True
74708,0.73,1,True
4307,0.73,1,True
77969,0.73,1,False
7941,0.73,1,True
30601,0.73,1,True
56052,0.73,1,True
75798,0.73,1,True
6898,0.73,1,False
85505,0.73,1,True
26638,0.73,1,True
85531,0.73,1,True
6897,0.73,1,False
57914,0.73,1,False
17942,0.73,1,False
44778,0.73,1,True
36834,0.73,1,False
96846,0.73,1,False
44567,0.73,1,True
44481,0.73,1,True
44476,0.73,1,True
44393,0.73,1,True
17950,0.73,1,False
36961,0.73,1,True
16940,0.73,1,False
34565,0.73,1,True
35879,0.73,1,True
15523,0.73,1,True
17753,0.73,1,False
95853,0.73,1,True
86942,0.73,1,True
59924,0.73,1,True
5371,0.73,1,True
67891,0.73,1,True
17690,0.73,1,True
55994,0.73,1,True
94783,0.73,1,True
97710,0.73,1,True
5968,0.73,1,True
96934,0.73,1,True
25890,0.73,1,True
15555,0.73,1,True
57924,0.73,1,False
94705,0.73,1,True
24902,0.73,1,True
68247,0.73,1,False
86610,0.73,1,True
34200,0.73,1,True
94407,0.73,1,True
68874,0.73,1,True
75944,0.73,1,True
86769,0.73,1,False
15140,0.73,1,True
56854,0.73,1,True
17980,0.73,1,True
21999,0.73,1,False
96715,0.73,1,True
41108,0.73,1,True
86848,0.73,1,True
24994,0.73,1,False
17973,0.73,1,False
56871,0.73,1,False
26481,0.73,1,True
68811,0.73,1,False
36979,0.73,1,True
5172,0.73,1,True
75860,0.73,1,True
15275,0.73,1,True
69840,0.73,1,True
85959,0.73,1,True
60373,0.73,1,True
22428,0.73,1,True
61059,0.73,1,True
85961,0.73,1,True
14963,0.73,1,True
36983,0.73,1,True
14967,0.73,1,True
24917,0.73,1,False
16953,0.73,1,False
85980,0.73,1,True
17959,0.73,1,True
37912,0.73,1,True
45629,0.73,1,True
76905,0.73,1,False
6952,0.73,1,True
46920,0.73,1,True
38773,0.73,1,True
14275,0.73,1,True
46875,0.73,1,False
46865,0.73,1,False
66840,0.73,1,False
16975,0.73,1,False
35945,0.73,1,True
71218,0.73,1,True
9510,0.73,1,True
76971,0.73,1,True
15944,0.73,1,True
24757,0.73,1,True
88624,0.73,1,True
66894,0.73,1,True
9334,0.73,1,True
17839,0.73,1,True
66626,0.73,1,True
14381,0.73,1,True
35885,0.73,1,True
19796,0.73,1,True
24672,0.73,1,True
5874,0.73,1,True
87876,0.73,1,False
17673,0.73,1,True
15970,0.73,1,True
87861,0.73,1,False
26202,0.73,1,True
35893,0.73,1,True
78832,0.73,1,True
66613,0.73,1,True
35902,0.73,1,True
55837,0.73,1,True
67768,0.73,1,True
14868,0.73,1,True
46699,0.73,1,True
67589,0.73,1,False
87757,0.73,1,True
97886,0.73,1,True
87969,0.73,1,True
18824,0.73,1,True
45919,0.73,1,True
95952,0.73,1,False
86971,0.73,1,True
55968,0.73,1,True
76314,0.73,1,True
39474,0.73,1,True
57956,0.73,1,True
95713,0.73,1,True
5806,0.73,1,True
39548,0.73,1,True
37943,0.73,1,True
95746,0.73,1,True
75522,0.73,1,True
37976,0.73,1,True
67270,0.73,1,True
90481,0.73,1,True
94833,0.73,1,True
38965,0.73,1,True
5859,0.73,1,False
66964,0.73,1,False
86985,0.73,1,False
80718,0.73,1,True
87801,0.73,1,False
38974,0.73,1,True
90441,0.73,1,True
67001,0.73,1,True
37981,0.73,1,True
97949,0.73,1,True
88837,0.73,1,True
6545,0.72,1,True
77904,0.72,1,False
17750,0.72,1,True
56943,0.72,1,True
54900,0.72,1,True
59954,0.72,1,True
24955,0.72,1,True
16898,0.72,1,True
60471,0.72,1,True
55144,0.72,1,True
26916,0.72,1,False
17506,0.72,1,True
6963,0.72,1,False
6958,0.72,1,False
58929,0.72,1,True
26831,0.72,1,False
80178,0.72,1,True
55889,0.72,1,True
25814,0.72,1,True
56970,0.72,1,True
57959,0.72,1,False
25564,0.72,1,True
14687,0.72,1,True
26981,0.72,1,False
5613,0.72,1,True
26982,0.72,1,True
62373,0.72,1,True
16918,0.72,1,False
26986,0.72,1,False
26987,0.72,1,True
57935,0.72,1,True
92427,0.72,1,True
4782,0.72,1,True
56508,0.72,1,True
16835,0.72,1,True
57862,0.72,1,False
77957,0.72,1,False
57722,0.72,1,True
6894,0.72,1,True
55333,0.72,1,True
54713,0.72,1,True
96736,0.72,1,True
85966,0.72,1,True
68575,0.72,1,True
85969,0.72,1,True
32765,0.72,1,False
96776,0.72,1,False
76806,0.72,1,True
22305,0.72,1,True
42544,0.72,1,True
42381,0.72,1,True
98993,0.72,1,True
76715,0.72,1,True
89617,0.72,1,True
69345,0.72,1,True
40553,0.72,1,True
33380,0.72,1,True
86924,0.72,1,False
39945,0.72,1,True
69875,0.72,1,True
94610,0.72,1,True
94620,0.72,1,True
76420,0.72,1,True
33613,0.72,1,True
85960,0.72,1,True
85891,0.72,1,False
66822,0.72,1,True
3380,0.72,1,True
46836,0.72,1,False
9541,0.72,1,True
84928,0.72,1,True
66901,0.72,1,False
96984,0.72,1,True
66931,0.72,1,False
66970,0.72,1,False
46464,0.72,1,True
15899,0.72,1,True
67287,0.72,1,True
95717,0.72,1,True
12307,0.72,1,True
85170,0.72,1,True
96957,0.72,1,False
85230,0.72,1,True
10452,0.72,1,True
15649,0.72,1,True
15610,0.72,1,True
45416,0.72,1,True
45276,0.72,1,True
67980,0.72,1,True
44296,0.72,1,True
38954,0.72,1,True
86992,0.72,1,True
38902,0.72,1,True
34945,0.72,1,True
75608,0.72,1,True
1998,0.72,1,False
34671,0.72,1,True
75531,0.72,1,True
95939,0.72,1,True
94826,0.72,1,True
34782,0.72,1,True
18878,0.72,1,True
99877,0.72,1,True
75269,0.72,1,True
73846,0.72,1,False
87274,0.72,1,True
35812,0.72,1,False
94899,0.72,1,True
14808,0.72,1,True
35051,0.72,1,True
74711,0.72,1,True
99954,0.72,1,True
74843,0.72,1,True
74888,0.72,1,True
74939,0.72,1,True
35466,0.72,1,True
75648,0.72,1,True
87972,0.72,1,True
36861,0.72,1,False
95969,0.72,1,True
21283,0.72,1,True
71582,0.72,1,True
96371,0.72,1,True
38070,0.72,1,True
37990,0.72,1,False
2481,0.72,1,True
13437,0.72,1,True
94694,0.72,1,True
94719,0.72,1,True
37840,0.72,1,True
87612,0.72,1,True
37492,0.72,1,True
87986,0.72,1,False
34030,0.72,1,True
36980,0.72,1,True
75877,0.72,1,True
87979,0.72,1,True
34465,0.72,1,True
95844,0.72,1,True
36869,0.72,1,False
75723,0.72,1,True
46858,0.72,1,False
5900,0.72,1,True
47926,0.72,1,True
27827,0.72,1,True
95425,0.72,1,True
65957,0.72,1,True
4634,0.72,1,True
47896,0.72,1,True
27905,0.72,1,True
27921,0.72,1,True
7802,0.72,1,True
65890,0.72,1,True
7838,0.72,1,True
65882,0.72,1,True
48143,0.72,1,True
64908,0.72,1,True
65706,0.72,1,True
64945,0.72,1,True
65678,0.72,1,True
28743,0.72,1,True
48912,0.72,1,True
7990,0.72,1,True
7979,0.72,1,False
49259,0.72,1,True
49293,0.72,1,True
49338,0.72,1,True
64976,0.72,1,True
7968,0.72,1,True
49698,0.72,1,True
64992,0.72,1,True
97993,0.72,1,True
84260,0.72,1,True
7920,0.72,1,True
83415,0.72,1,True
84199,0.72,1,True
46956,0.72,1,True
27717,0.72,1,False
54423,0.72,1,True
66596,0.72,1,True
47587,0.72,1,True
29720,0.72,1,True
54336,0.72,1,True
54626,0.72,1,True
93684,0.72,1,False
4756,0.72,1,True
46967,0.72,1,True
46981,0.72,1,True
7683,0.72,1,True
16697,0.72,1,True
27524,0.72,1,True
9416,0.72,1,True
27977,0.71,1,False
37457,0.71,1,True
37409,0.71,1,True
97556,0.71,1,False
7853,0.71,1,True
7882,0.71,1,False
57629,0.71,1,True
34044,0.71,1,True
57802,0.71,1,True
34904,0.71,1,True
6427,0.71,1,True
14584,0.71,1,True
54620,0.71,1,True
37819,0.71,1,True
95824,0.71,1,False
35587,0.71,1,True
27981,0.71,1,False
81310,0.71,1,True
16987,0.71,1,True
25986,0.71,1,True
37854,0.71,1,True
7587,0.71,1,True
37901,0.71,1,False
97847,0.71,1,False
95328,0.71,1,True
57826,0.71,1,True
50999,0.71,1,True
36988,0.71,1,True
36666,0.71,1,True
91992,0.71,1,True
57949,0.71,1,True
57990,0.71,1,True
57950,0.71,1,False
52476,0.71,1,True
16640,0.71,1,False
87771,0.71,1,True
87971,0.71,1,True
5954,0.71,1,True
16694,0.71,1,True
95861,0.71,1,True
53648,0.71,1,True
95926,0.71,1,True
35986,0.71,1,True
36830,0.71,1,True
36833,0.71,1,False
36981,0.71,1,False
51460,0.71,1,True
14505,0.71,1,True
14882,0.71,1,True
51357,0.71,1,True
36956,0.71,1,False
7296,0.71,1,True
51372,0.71,1,True
54808,0.71,1,True
7926,0.71,1,True
25780,0.71,1,True
87927,0.71,1,True
5966,0.71,1,True
57933,0.71,1,False
51997,0.71,1,True
95890,0.71,1,True
26844,0.71,1,True
56937,0.71,1,False
14986,0.71,1,True
8908,0.71,1,True
55687,0.71,1,True
84805,0.71,1,True
15589,0.71,1,True
85251,0.71,1,True
81995,0.71,1,False
45484,0.71,1,True
6905,0.71,1,True
16885,0.71,1,True
6901,0.71,1,True
96926,0.71,1,True
55630,0.71,1,True
96902,0.71,1,True
44967,0.71,1,True
85406,0.71,1,True
11081,0.71,1,True
27515,0.71,1,False
96872,0.71,1,True
29363,0.71,1,True
55979,0.71,1,True
85613,0.71,1,True
26718,0.71,1,True
46897,0.71,1,False
55853,0.71,1,True
6956,0.71,1,False
96989,0.71,1,False
29785,0.71,1,True
15927,0.71,1,True
6949,0.71,1,True
26795,0.71,1,False
96978,0.71,1,False
81999,0.71,1,True
84975,0.71,1,True
15885,0.71,1,True
84864,0.71,1,True
45811,0.71,1,True
47613,0.71,1,False
84823,0.71,1,True
89969,0.71,1,True
96871,0.71,1,True
47911,0.71,1,True
7940,0.71,1,False
41277,0.71,1,True
86864,0.71,1,True
33258,0.71,1,True
26974,0.71,1,False
40255,0.71,1,True
96625,0.71,1,False
84606,0.71,1,True
33431,0.71,1,True
7978,0.71,1,True
33563,0.71,1,True
86980,0.71,1,True
90735,0.71,1,True
26257,0.71,1,True
96416,0.71,1,True
38824,0.71,1,True
87123,0.71,1,True
6597,0.71,1,False
26989,0.71,1,False
88877,0.71,1,True
16963,0.71,1,False
47917,0.71,1,True
41820,0.71,1,True
85902,0.71,1,True
16882,0.71,1,True
6984,0.71,1,True
56646,0.71,1,False
55547,0.71,1,True
43356,0.71,1,True
85968,0.71,1,False
6985,0.71,1,True
6773,0.71,1,True
92353,0.71,1,True
26950,0.71,1,True
55429,0.71,1,True
48248,0.71,1,True
48249,0.71,1,True
16955,0.71,1,False
84653,0.71,1,True
96729,0.71,1,True
11391,0.71,1,False
14695,0.71,1,True
63532,0.71,1,True
69704,0.71,1,True
59654,0.71,1,True
60351,0.71,1,True
67364,0.71,1,True
94243,0.71,1,True
4234,0.71,1,True
94381,0.71,1,True
3440,0.71,1,True
76652,0.71,1,True
77917,0.71,1,True
78536,0.71,1,True
25251,0.71,1,True
17987,0.71,1,False
24612,0.71,1,True
76628,0.71,1,False
4177,0.71,1,True
66977,0.71,1,True
66972,0.71,1,False
19986,0.71,1,True
59423,0.71,1,True
67863,0.71,1,False
19689,0.71,1,True
74140,0.71,1,True
5759,0.71,1,True
19860,0.71,1,True
67528,0.71,1,True
67948,0.71,1,False
77985,0.71,1,False
4593,0.71,1,True
94068,0.71,1,True
94462,0.71,1,True
69369,0.71,1,True
67899,0.71,1,False
77742,0.71,1,True
67902,0.71,1,True
79779,0.71,1,True
18872,0.71,1,True
67757,0.71,1,True
94117,0.71,1,True
63607,0.71,1,True
76936,0.71,1,True
24370,0.71,1,True
59745,0.71,1,True
64943,0.71,1,True
67944,0.71,1,False
97963,0.71,1,True
64968,0.71,1,True
99856,0.71,1,True
97978,0.71,1,True
97979,0.71,1,True
78784,0.71,1,True
74549,0.71,1,True
70998,0.71,1,True
74500,0.71,1,True
97971,0.71,1,True
62394,0.71,1,True
17823,0.71,1,True
2503,0.71,1,True
20995,0.71,1,True
5868,0.71,1,True
5555,0.71,1,True
77407,0.71,1,True
74854,0.71,1,True
74828,0.71,1,True
97944,0.71,1,False
77866,0.71,1,False
74639,0.71,1,True
74718,0.71,1,True
65754,0.71,1,True
79300,0.71,1,True
78956,0.71,1,True
99652,0.71,1,True
65329,0.71,1,True
25373,0.71,1,True
66879,0.71,1,False
69937,0.71,1,True
376,0.71,1,True
79635,0.71,1,True
5817,0.71,1,True
65885,0.71,1,True
74380,0.71,1,True
67983,0.71,1,True
99989,0.71,1,True
67986,0.71,1,True
66734,0.71,1,True
68510,0.71,1,True
24984,0.71,1,False
62358,0.71,1,True
65977,0.71,1,True
85940,0.7,1,True
68896,0.7,1,True
23979,0.7,1,True
54952,0.7,1,True
54731,0.7,1,True
85942,0.7,1,False
54972,0.7,1,True
97974,0.7,1,False
97642,0.7,1,True
68394,0.7,1,True
68607,0.7,1,True
7383,0.7,1,False
77930,0.7,1,False
98949,0.7,1,True
97585,0.7,1,True
98963,0.7,1,True
68602,0.7,1,True
76811,0.7,1,True
76817,0.7,1,True
15187,0.7,1,True
66827,0.7,1,True
65855,0.7,1,True
78682,0.7,1,True
17985,0.7,1,True
16896,0.7,1,False
6974,0.7,1,False
6969,0.7,1,False
33584,0.7,1,True
39293,0.7,1,True
62828,0.7,1,True
38987,0.7,1,True
86987,0.7,1,False
86989,0.7,1,True
96447,0.7,1,True
38852,0.7,1,True
14989,0.7,1,False
62540,0.7,1,True
33716,0.7,1,True
55935,0.7,1,True
82204,0.7,1,True
62448,0.7,1,False
38275,0.7,1,True
63131,0.7,1,True
55673,0.7,1,True
24463,0.7,1,True
55597,0.7,1,True
88961,0.7,1,True
24490,0.7,1,True
26971,0.7,1,False
24496,0.7,1,True
69417,0.7,1,True
55336,0.7,1,True
55399,0.7,1,True
69464,0.7,1,True
63572,0.7,1,False
33226,0.7,1,True
86836,0.7,1,True
12738,0.7,1,True
26951,0.7,1,True
22498,0.7,1,True
26948,0.7,1,False
6987,0.7,1,True
88867,0.7,1,True
86867,0.7,1,True
86899,0.7,1,True
4770,0.7,1,False
85591,0.7,1,True
32599,0.7,1,True
76988,0.7,1,False
84918,0.7,1,True
66853,0.7,1,False
66877,0.7,1,False
96985,0.7,1,False
66889,0.7,1,True
66929,0.7,1,True
95619,0.7,1,True
66949,0.7,1,True
96982,0.7,1,False
66961,0.7,1,True
66975,0.7,1,True
64987,0.7,1,True
49877,0.7,1,True
49882,0.7,1,True
64986,0.7,1,False
77680,0.7,1,True
64984,0.7,1,True
84174,0.7,1,True
7936,0.7,1,True
16505,0.7,1,True
67503,0.7,1,True
29922,0.7,1,True
9397,0.7,1,True
95392,0.7,1,True
7992,0.7,1,False
65833,0.7,1,False
47980,0.7,1,False
65908,0.7,1,True
47909,0.7,1,False
65937,0.7,1,True
47886,0.7,1,True
65818,0.7,1,True
65984,0.7,1,True
47748,0.7,1,True
65991,0.7,1,True
90990,0.7,1,True
77257,0.7,1,True
98677,0.7,1,True
84853,0.7,1,True
91555,0.7,1,True
46978,0.7,1,True
48905,0.7,1,True
29821,0.7,1,True
46949,0.7,1,True
93716,0.7,1,True
98245,0.7,1,True
27989,0.7,1,False
7922,0.7,1,True
7918,0.7,1,True
95442,0.7,1,True
44904,0.7,1,True
85587,0.7,1,True
79332,0.7,1,True
4711,0.7,1,True
44838,0.7,1,True
44835,0.7,1,True
54057,0.7,1,True
7762,0.7,1,False
7757,0.7,1,True
44785,0.7,1,True
54280,0.7,1,True
27686,0.7,1,True
27685,0.7,1,True
44453,0.7,1,True
85753,0.7,1,True
44221,0.7,1,True
64428,0.7,1,True
54603,0.7,1,True
4755,0.7,1,True
7652,0.7,1,True
54659,0.7,1,False
67959,0.7,1,True
53306,0.7,1,True
15405,0.7,1,True
64907,0.7,1,False
27982,0.7,1,True
64975,0.7,1,True
98899,0.7,1,True
23757,0.7,1,False
67653,0.7,1,True
4401,0.7,1,True
50998,0.7,1,True
31520,0.7,1,True
4488,0.7,1,True
16576,0.7,1,False
85356,0.7,1,True
51717,0.7,1,True
10354,0.7,1,True
76902,0.7,1,False
45591,0.7,1,True
76900,0.7,1,True
67869,0.7,1,True
45521,0.7,1,True
83751,0.7,1,True
4665,0.7,1,True
99601,0.7,1,True
47959,0.7,1,True
55974,0.7,1,True
35977,0.7,1,True
34844,0.7,1,True
36249,0.7,1,False
14909,0.7,1,False
94827,0.7,1,True
6470,0.7,1,True
37987,0.7,1,True
34726,0.7,1,True
18844,0.7,1,True
14921,0.7,1,True
94820,0.7,1,True
36859,0.7,1,False
26090,0.7,1,False
56972,0.7,1,True
34539,0.7,1,True
36919,0.7,1,False
36922,0.7,1,True
18725,0.7,1,True
18683,0.7,1,True
24962,0.7,1,True
36965,0.7,1,False
87983,0.7,1,True
56884,0.7,1,True
56822,0.7,1,True
37228,0.7,1,True
37272,0.7,1,True
72440,0.7,1,True
75961,0.7,1,False
92771,0.7,1,True
37512,0.7,1,False
35983,0.7,1,True
57680,0.7,1,True
18488,0.7,1,True
25940,0.7,1,False
14715,0.7,1,True
94986,0.7,1,True
58206,0.7,1,True
14645,0.7,1,True
74554,0.7,1,True
74553,0.7,1,True
74526,0.7,1,True
35138,0.7,1,True
25477,0.7,1,True
87907,0.7,1,False
17438,0.7,1,True
57967,0.7,1,True
25404,0.7,1,True
35767,0.7,1,False
35800,0.7,1,True
35840,0.7,1,True
87892,0.7,1,True
14431,0.7,1,True
34949,0.7,1,True
57918,0.7,1,False
57913,0.7,1,True
5976,0.7,1,False
57891,0.7,1,False
73792,0.7,1,True
57834,0.7,1,True
35939,0.7,1,True
75296,0.7,1,True
5994,0.7,1,False
57781,0.7,1,True
75982,0.7,1,True
19961,0.7,1,True
26730,0.7,1,False
13466,0.7,1,True
26609,0.7,1,False
88307,0.7,1,True
97943,0.7,1,True
79651,0.7,1,True
26670,0.7,1,True
37862,0.7,1,True
37983,0.7,1,False
16925,0.7,1,True
26907,0.69,1,False
96925,0.69,1,True
15562,0.69,1,True
45287,0.69,1,True
6882,0.69,1,False
67909,0.69,1,True
99588,0.69,1,True
37876,0.69,1,True
45157,0.69,1,True
52615,0.69,1,True
44988,0.69,1,True
75396,0.69,1,True
15489,0.69,1,True
67915,0.69,1,False
66724,0.69,1,True
59856,0.69,1,True
16361,0.69,1,True
14551,0.69,1,True
95933,0.69,1,True
79594,0.69,1,True
51998,0.69,1,True
26789,0.69,1,True
87956,0.69,1,False
52098,0.69,1,True
45590,0.69,1,True
27907,0.69,1,False
6359,0.69,1,True
35737,0.69,1,True
14776,0.69,1,True
97984,0.69,1,False
67892,0.69,1,True
96948,0.69,1,False
52668,0.69,1,True
3064,0.69,1,True
92518,0.69,1,True
96855,0.69,1,False
61459,0.69,1,True
39296,0.69,1,True
94955,0.69,1,True
22580,0.69,1,True
36702,0.69,1,True
96856,0.69,1,True
82723,0.69,1,True
15969,0.69,1,True
87784,0.69,1,False
17836,0.69,1,True
85641,0.69,1,True
16339,0.69,1,True
3648,0.69,1,True
85703,0.69,1,True
73223,0.69,1,True
94785,0.69,1,True
29803,0.69,1,True
64640,0.69,1,False
67977,0.69,1,True
53495,0.69,1,False
27930,0.69,1,False
35102,0.69,1,True
44962,0.69,1,True
16991,0.69,1,True
74442,0.69,1,True
16655,0.69,1,True
83226,0.69,1,True
67945,0.69,1,False
29812,0.69,1,True
36581,0.69,1,True
2617,0.69,1,True
53368,0.69,1,True
10999,0.69,1,True
19952,0.69,1,True
67968,0.69,1,True
67819,0.69,1,True
74967,0.69,1,True
76917,0.69,1,True
14503,0.69,1,True
5978,0.69,1,True
49941,0.69,1,True
37974,0.69,1,False
59629,0.69,1,True
74238,0.69,1,True
9615,0.69,1,True
4963,0.69,1,True
15877,0.69,1,True
76979,0.69,1,False
24784,0.69,1,True
9862,0.69,1,True
49997,0.69,1,True
14841,0.69,1,False
99579,0.69,1,True
59635,0.69,1,True
87850,0.69,1,True
49924,0.69,1,True
78985,0.69,1,True
98875,0.69,1,True
17825,0.69,1,False
57929,0.69,1,True
7964,0.69,1,True
74991,0.69,1,True
35853,0.69,1,True
64993,0.69,1,False
84338,0.69,1,True
34967,0.69,1,True
66934,0.69,1,True
96977,0.69,1,False
66994,0.69,1,True
17306,0.69,1,True
96983,0.69,1,True
82220,0.69,1,True
38846,0.69,1,True
24871,0.69,1,True
95665,0.69,1,True
75273,0.69,1,True
20993,0.69,1,True
61795,0.69,1,True
5662,0.69,1,True
76934,0.69,1,True
46851,0.69,1,False
57961,0.69,1,True
96959,0.69,1,False
17062,0.69,1,True
6157,0.69,1,True
27953,0.69,1,False
65402,0.69,1,True
10137,0.69,1,True
93761,0.69,1,True
87836,0.69,1,True
2593,0.69,1,False
22712,0.69,1,False
7751,0.69,1,True
95682,0.69,1,True
37911,0.69,1,True
76954,0.69,1,True
45876,0.69,1,True
66867,0.69,1,True
34911,0.69,1,True
96966,0.69,1,False
75988,0.69,1,True
35957,0.69,1,False
90034,0.69,1,True
34991,0.69,1,True
30996,0.69,1,False
64952,0.69,1,False
25936,0.69,1,True
64946,0.69,1,True
29955,0.69,1,True
45907,0.69,1,True
75326,0.69,1,True
45882,0.69,1,False
62472,0.69,1,False
36831,0.69,1,False
6558,0.69,1,True
42478,0.69,1,True
97961,0.69,1,False
42288,0.69,1,True
48179,0.69,1,True
15200,0.69,1,True
42268,0.69,1,True
55032,0.69,1,True
12594,0.69,1,True
56855,0.69,1,False
77979,0.69,1,True
26988,0.69,1,False
56849,0.69,1,True
63711,0.69,1,True
87984,0.69,1,False
16958,0.69,1,True
37204,0.69,1,True
5938,0.69,1,False
17962,0.69,1,True
54940,0.69,1,False
8829,0.69,1,True
86177,0.69,1,True
77925,0.69,1,True
98402,0.69,1,True
39877,0.69,1,True
89849,0.69,1,True
56874,0.69,1,True
42794,0.69,1,True
95976,0.69,1,True
86554,0.69,1,True
27160,0.69,1,True
63907,0.69,1,False
76084,0.69,1,True
76784,0.69,1,True
29219,0.69,1,True
60678,0.69,1,True
6754,0.69,1,True
99770,0.69,1,True
37860,0.69,1,False
96709,0.69,1,False
75987,0.69,1,True
37517,0.69,1,True
94485,0.69,1,True
4906,0.69,1,True
87595,0.69,1,True
86905,0.69,1,True
92466,0.69,1,True
26920,0.69,1,True
71997,0.69,1,False
78674,0.69,1,True
6873,0.69,1,True
86916,0.69,1,False
39962,0.69,1,True
47957,0.69,1,False
24644,0.69,1,True
55702,0.69,1,False
5122,0.69,1,True
6828,0.69,1,False
72516,0.69,1,True
17969,0.69,1,True
14661,0.69,1,True
14736,0.69,1,True
6978,0.69,1,False
13663,0.69,1,True
86828,0.69,1,True
91347,0.69,1,True
87632,0.69,1,True
18585,0.69,1,True
56767,0.69,1,True
76672,0.69,1,True
47982,0.69,1,True
87990,0.69,1,False
69575,0.69,1,True
17922,0.69,1,True
46653,0.69,1,True
21311,0.69,1,True
16900,0.69,1,True
34576,0.69,1,True
95535,0.69,1,True
15992,0.69,1,True
15290,0.69,1,True
87977,0.69,1,True
36931,0.69,1,False
85903,0.69,1,True
22473,0.69,1,True
64311,0.69,1,True
95843,0.69,1,True
54678,0.69,1,True
54918,0.69,1,True
56944,0.69,1,False
7734,0.69,1,False
97151,0.69,1,True
22536,0.69,1,True
84627,0.69,1,True
11999,0.69,1,True
44015,0.69,1,True
88411,0.69,1,True
36881,0.69,1,True
94286,0.69,1,True
27615,0.69,1,True
44377,0.69,1,True
44102,0.69,1,True
64389,0.69,1,True
34569,0.69,1,True
87702,0.69,1,True
21149,0.69,1,True
65691,0.69,1,True
26883,0.69,1,True
95157,0.69,1,True
68771,0.69,1,True
48459,0.69,1,True
34296,0.69,1,True
99806,0.69,1,True
29316,0.69,1,True
28782,0.69,1,True
44505,0.69,1,True
93675,0.69,1,True
36971,0.69,1,True
82555,0.69,1,True
75740,0.69,1,True
75764,0.69,1,True
95828,0.69,1,True
17956,0.69,1,True
76837,0.69,1,True
992,0.69,1,True
7579,0.69,1,True
19289,0.69,1,True
48662,0.69,1,True
16973,0.69,1,True
84678,0.69,1,True
14709,0.68,1,True
30551,0.68,1,True
66428,0.68,1,True
18916,0.68,1,True
23247,0.68,1,True
8978,0.68,1,True
23456,0.68,1,True
29775,0.68,1,True
35516,0.68,1,True
8725,0.68,1,True
47781,0.68,1,True
15984,0.68,1,True
29476,0.68,1,True
46915,0.68,1,True
76986,0.68,1,True
47809,0.68,1,True
96405,0.68,1,True
90998,0.68,1,True
1544,0.68,1,True
65979,0.68,1,False
76996,0.68,1,True
20996,0.68,1,True
18999,0.68,1,True
8771,0.68,1,True
66873,0.68,1,True
47469,0.68,1,True
47905,0.68,1,True
66660,0.68,1,True
95896,0.68,1,False
15986,0.68,1,False
3527,0.68,1,True
74271,0.68,1,True
35400,0.68,1,True
66798,0.68,1,False
73626,0.68,1,True
3487,0.68,1,True
89609,0.68,1,True
15261,0.68,1,True
17991,0.68,1,True
36964,0.68,1,True
88759,0.68,1,True
72842,0.68,1,True
43449,0.68,1,True
43520,0.68,1,True
36941,0.68,1,False
94316,0.68,1,True
43614,0.68,1,True
12311,0.68,1,True
43000,0.68,1,False
75756,0.68,1,True
20331,0.68,1,True
85794,0.68,1,True
39807,0.68,1,True
2700,0.68,1,True
44246,0.68,1,True
2211,0.68,1,True
44480,0.68,1,True
37870,0.68,1,False
44548,0.68,1,True
85974,0.68,1,True
15242,0.68,1,True
2591,0.68,1,True
41265,0.68,1,True
69829,0.68,1,True
37783,0.68,1,True
76608,0.68,1,False
69671,0.68,1,True
37506,0.68,1,True
69615,0.68,1,True
96136,0.68,1,True
14973,0.68,1,False
86831,0.68,1,True
39908,0.68,1,True
87646,0.68,1,True
95793,0.68,1,True
75921,0.68,1,True
41393,0.68,1,True
96735,0.68,1,True
36991,0.68,1,True
68868,0.68,1,True
86602,0.68,1,True
42650,0.68,1,True
94928,0.68,1,True
96766,0.68,1,True
75888,0.68,1,True
18055,0.68,1,True
44603,0.68,1,True
36845,0.68,1,True
14850,0.68,1,True
45657,0.68,1,True
45718,0.68,1,True
18877,0.68,1,True
67693,0.68,1,True
84996,0.68,1,True
76948,0.68,1,False
38857,0.68,1,True
94686,0.68,1,True
96437,0.68,1,True
9919,0.68,1,True
14377,0.68,1,True
1997,0.68,1,True
75223,0.68,1,True
67282,0.68,1,True
87937,0.68,1,True
90384,0.68,1,False
9852,0.68,1,True
46348,0.68,1,True
95633,0.68,1,True
66988,0.68,1,True
66983,0.68,1,True
95629,0.68,1,True
35981,0.68,1,True
86984,0.68,1,True
94830,0.68,1,True
35995,0.68,1,True
75551,0.68,1,True
36712,0.68,1,True
85662,0.68,1,True
73387,0.68,1,True
39396,0.68,1,True
67981,0.68,1,True
96893,0.68,1,False
15366,0.68,1,True
75428,0.68,1,True
67936,0.68,1,False
45180,0.68,1,True
96923,0.68,1,True
45398,0.68,1,True
67897,0.68,1,True
88316,0.68,1,True
36385,0.68,1,True
85276,0.68,1,True
76894,0.68,1,False
99546,0.68,1,True
67859,0.68,1,True
45622,0.68,1,True
76729,0.68,1,True
192,0.68,1,True
25475,0.68,1,True
63122,0.68,1,True
27499,0.68,1,True
97991,0.68,1,False
17828,0.68,1,True
26901,0.68,1,True
27960,0.68,1,False
82004,0.68,1,False
58936,0.68,1,True
27513,0.68,1,False
49512,0.68,1,True
7842,0.68,1,True
81030,0.68,1,True
50510,0.68,1,True
48858,0.68,1,True
24833,0.68,1,True
57879,0.68,1,False
64922,0.68,1,True
16985,0.68,1,False
84634,0.68,1,True
79388,0.68,1,True
55221,0.68,1,True
16983,0.68,1,False
26914,0.68,1,True
24168,0.68,1,True
4468,0.68,1,True
27942,0.68,1,True
64890,0.68,1,True
82552,0.68,1,True
5985,0.68,1,True
94984,0.68,1,False
62692,0.68,1,True
97884,0.68,1,True
77861,0.68,1,True
25146,0.68,1,True
78810,0.68,1,True
7988,0.68,1,True
7982,0.68,1,True
26875,0.68,1,False
54692,0.68,1,False
28670,0.68,1,True
78831,0.68,1,True
54663,0.68,1,True
64944,0.68,1,True
27969,0.68,1,False
78869,0.68,1,True
92699,0.68,1,True
54849,0.68,1,True
78907,0.68,1,True
54852,0.68,1,False
17511,0.68,1,True
4732,0.68,1,True
54497,0.68,1,True
26939,0.68,1,False
54860,0.68,1,True
55871,0.68,1,True
25980,0.68,1,True
63530,0.68,1,True
6988,0.68,1,True
64736,0.68,1,True
57994,0.68,1,False
62910,0.68,1,True
64882,0.68,1,True
57939,0.68,1,False
55616,0.68,1,True
48187,0.68,1,True
82523,0.68,1,True
52375,0.68,1,True
48100,0.68,1,True
25264,0.68,1,True
84251,0.68,1,True
48085,0.68,1,True
97982,0.68,1,False
64738,0.68,1,True
53341,0.68,1,True
47985,0.68,1,False
5269,0.68,1,True
56989,0.68,1,True
5335,0.68,1,True
64682,0.68,1,True
54987,0.68,1,True
7295,0.68,1,True
47978,0.68,1,False
83725,0.68,1,False
79824,0.68,1,True
8625,0.68,1,True
23634,0.68,1,True
97811,0.68,1,True
7949,0.68,1,True
47975,0.68,1,True
17915,0.68,1,True
80499,0.68,1,True
6786,0.68,1,False
58589,0.68,1,True
5983,0.68,1,True
52300,0.68,1,True
78144,0.68,1,True
55140,0.68,1,True
57937,0.68,1,False
7973,0.68,1,False
97828,0.68,1,False
82688,0.68,1,True
52169,0.68,1,True
57975,0.68,1,False
97988,0.68,1,False
78124,0.68,1,True
58466,0.68,1,True
5992,0.68,1,False
5779,0.68,1,True
7958,0.68,1,False
4642,0.68,1,True
5892,0.68,1,True
7417,0.68,1,True
48402,0.68,1,True
16822,0.68,1,True
56568,0.68,1,True
84164,0.68,1,True
60998,0.68,1,False
6813,0.68,1,True
5124,0.68,1,True
16684,0.68,1,True
5156,0.68,1,True
55116,0.68,1,True
7972,0.68,1,False
4795,0.67,1,True
77873,0.67,1,True
32577,0.67,1,True
64121,0.67,1,True
43447,0.67,1,True
27417,0.67,1,True
14860,0.67,1,True
54869,0.67,1,True
24076,0.67,1,True
76812,0.67,1,False
43301,0.67,1,True
4839,0.67,1,True
54921,0.67,1,False
85987,0.67,1,True
59832,0.67,1,True
92980,0.67,1,False
67988,0.67,1,True
4790,0.67,1,False
85713,0.67,1,True
35915,0.67,1,True
15322,0.67,1,True
94255,0.67,1,True
54205,0.67,1,True
95393,0.67,1,True
85666,0.67,1,True
27743,0.67,1,True
53816,0.67,1,True
82787,0.67,1,True
67982,0.67,1,False
82821,0.67,1,True
11879,0.67,1,True
96865,0.67,1,False
53725,0.67,1,True
53683,0.67,1,True
75141,0.67,1,True
87931,0.67,1,True
99893,0.67,1,True
31998,0.67,1,True
83339,0.67,1,True
87891,0.67,1,True
44970,0.67,1,False
97518,0.67,1,False
99881,0.67,1,True
25203,0.67,1,True
43689,0.67,1,True
7738,0.67,1,True
34917,0.67,1,False
64310,0.67,1,True
27528,0.67,1,True
17952,0.67,1,False
32628,0.67,1,False
85853,0.67,1,True
85831,0.67,1,True
68195,0.67,1,True
36907,0.67,1,False
92587,0.67,1,False
44256,0.67,1,True
54459,0.67,1,True
96830,0.67,1,False
54437,0.67,1,True
23945,0.67,1,True
15230,0.67,1,True
44501,0.67,1,True
32479,0.67,1,True
89729,0.67,1,True
64514,0.67,1,True
11997,0.67,1,False
17209,0.67,1,True
85730,0.67,1,True
24256,0.67,1,True
69547,0.67,1,True
34890,0.67,1,False
82245,0.67,1,True
87428,0.67,1,True
56994,0.67,1,True
88294,0.67,1,True
61350,0.67,1,True
56266,0.67,1,True
19982,0.67,1,True
4995,0.67,1,True
4993,0.67,1,False
37878,0.67,1,True
26664,0.67,1,False
17814,0.67,1,True
37918,0.67,1,False
34698,0.67,1,True
37961,0.67,1,True
37966,0.67,1,True
36734,0.67,1,False
26689,0.67,1,True
5603,0.67,1,True
62176,0.67,1,True
36683,0.67,1,True
79289,0.67,1,True
14987,0.67,1,True
38117,0.67,1,True
6910,0.67,1,True
76215,0.67,1,True
55952,0.67,1,False
62507,0.67,1,True
73316,0.67,1,True
37839,0.67,1,True
37821,0.67,1,True
75654,0.67,1,True
26165,0.67,1,True
24968,0.67,1,True
56935,0.67,1,True
6687,0.67,1,True
75696,0.67,1,True
34335,0.67,1,True
6702,0.67,1,False
92743,0.67,1,True
5249,0.67,1,True
72559,0.67,1,True
72541,0.67,1,True
56815,0.67,1,True
34645,0.67,1,True
16982,0.67,1,True
72481,0.67,1,True
72397,0.67,1,True
37434,0.67,1,True
6791,0.67,1,True
56717,0.67,1,True
72148,0.67,1,True
79665,0.67,1,True
37668,0.67,1,True
37673,0.67,1,True
6859,0.67,1,True
73161,0.67,1,True
59915,0.67,1,True
24991,0.67,1,True
95949,0.67,1,True
54985,0.67,1,True
59860,0.67,1,True
76644,0.67,1,True
39997,0.67,1,False
39999,0.67,1,True
94495,0.67,1,True
86900,0.67,1,True
96653,0.67,1,True
55538,0.67,1,True
63503,0.67,1,True
14899,0.67,1,True
6995,0.67,1,True
57585,0.67,1,True
40999,0.67,1,True
24508,0.67,1,True
16853,0.67,1,True
16852,0.67,1,False
26975,0.67,1,True
7208,0.67,1,True
69379,0.67,1,True
19919,0.67,1,True
80998,0.67,1,False
69238,0.67,1,True
35990,0.67,1,True
26983,0.67,1,True
87829,0.67,1,False
42365,0.67,1,True
86666,0.67,1,True
77968,0.67,1,True
86910,0.67,1,True
96631,0.67,1,True
97795,0.67,1,True
39469,0.67,1,True
86990,0.67,1,True
24740,0.67,1,True
78969,0.67,1,False
94669,0.67,1,True
81437,0.67,1,True
97694,0.67,1,True
97692,0.67,1,True
73504,0.67,1,True
81337,0.67,1,True
6442,0.67,1,True
55856,0.67,1,True
87963,0.67,1,True
39653,0.67,1,True
17982,0.67,1,False
17996,0.67,1,False
70081,0.67,1,True
86944,0.67,1,True
39834,0.67,1,True
55798,0.67,1,False
36413,0.67,1,True
96590,0.67,1,True
69879,0.67,1,True
26891,0.67,1,False
17983,0.67,1,False
26903,0.67,1,False
33408,0.67,1,True
3070,0.67,1,True
36883,0.67,1,True
90246,0.67,1,True
7932,0.67,1,False
17684,0.67,1,True
67504,0.67,1,True
27993,0.67,1,True
66240,0.67,1,True
15989,0.67,1,True
14783,0.67,1,True
28834,0.67,1,True
84844,0.67,1,False
84976,0.67,1,True
64981,0.67,1,True
14658,0.67,1,True
66366,0.67,1,True
25580,0.67,1,True
28783,0.67,1,True
66376,0.67,1,True
46290,0.67,1,True
57964,0.67,1,True
46317,0.67,1,True
34989,0.67,1,True
23372,0.67,1,True
27966,0.67,1,True
5804,0.67,1,False
77401,0.67,1,True
65744,0.67,1,True
58849,0.67,1,True
23560,0.67,1,True
90994,0.67,1,True
27975,0.67,1,False
67587,0.67,1,True
5794,0.67,1,True
90993,0.67,1,True
96969,0.67,1,False
35377,0.67,1,True
18937,0.67,1,True
84992,0.67,1,True
4283,0.67,1,True
8353,0.67,1,True
58861,0.67,1,True
25375,0.67,1,True
90098,0.67,1,True
7944,0.67,1,False
58871,0.67,1,True
46985,0.67,1,True
29906,0.67,1,True
57988,0.67,1,False
28501,0.67,1,True
65283,0.67,1,True
46753,0.67,1,False
87913,0.67,1,False
66765,0.67,1,True
7987,0.67,1,True
29905,0.67,1,False
9558,0.67,1,True
28765,0.67,1,True
17448,0.67,1,False
46891,0.67,1,False
66857,0.67,1,True
49158,0.67,1,True
35174,0.67,1,True
22964,0.67,1,True
48995,0.67,1,True
25505,0.67,1,True
98796,0.67,1,True
84422,0.67,1,True
29829,0.67,1,False
66940,0.67,1,True
66538,0.67,1,True
93698,0.67,1,True
29747,0.67,1,True
66987,0.67,1,False
7953,0.67,1,True
35736,0.67,1,False
84372,0.67,1,True
46980,0.67,1,False
98724,0.67,1,True
84578,0.67,1,True
66973,0.67,1,False
65661,0.67,1,True
46976,0.67,1,False
23601,0.67,1,False
65169,0.67,1,True
29819,0.67,1,False
84537,0.67,1,True
25328,0.67,1,True
66837,0.67,1,True
4429,0.67,1,True
45818,0.67,1,True
76946,0.67,1,True
47986,0.67,1,True
27862,0.67,1,False
65825,0.67,1,True
96915,0.67,1,False
74262,0.67,1,True
22657,0.67,1,True
74213,0.67,1,True
5965,0.67,1,False
47892,0.67,1,True
51988,0.67,1,True
47976,0.67,1,False
14462,0.67,1,True
47928,0.67,1,False
47899,0.67,1,True
14444,0.67,1,True
77731,0.67,1,False
65768,0.67,1,True
93501,0.67,1,True
14686,0.67,1,True
35529,0.67,1,True
96911,0.67,1,True
67896,0.67,1,True
64761,0.67,1,True
77802,0.67,1,True
19642,0.67,1,True
45405,0.67,1,True
67916,0.67,1,False
25630,0.67,1,True
9976,0.67,1,True
47838,0.67,1,True
29223,0.67,1,True
23447,0.67,1,False
67888,0.67,1,True
66663,0.66,1,True
77594,0.66,1,True
20454,0.66,1,False
33639,0.66,1,False
2273,0.66,1,True
87974,0.66,1,True
20474,0.66,1,True
56907,0.66,1,False
2599,0.66,1,True
8710,0.66,1,True
84887,0.66,1,True
82369,0.66,1,True
18978,0.66,1,True
65628,0.66,1,True
80597,0.66,1,True
77076,0.66,1,True
84740,0.66,1,False
23188,0.66,1,True
86991,0.66,1,False
78909,0.66,1,True
94944,0.66,1,False
33688,0.66,1,True
38872,0.66,1,True
66618,0.66,1,False
6954,0.66,1,False
57249,0.66,1,False
97919,0.66,1,True
57337,0.66,1,True
35254,0.66,1,True
7996,0.66,1,False
34518,0.66,1,True
56967,0.66,1,True
59973,0.66,1,False
69928,0.66,1,True
77476,0.66,1,True
17748,0.66,1,True
39860,0.66,1,True
29910,0.66,1,True
33471,0.66,1,True
46912,0.66,1,True
23617,0.66,1,True
59952,0.66,1,True
76977,0.66,1,False
34807,0.66,1,True
59948,0.66,1,True
29926,0.66,1,True
39910,0.66,1,True
17995,0.66,1,False
86956,0.66,1,False
65571,0.66,1,True
57993,0.66,1,True
46945,0.66,1,True
97954,0.66,1,True
39388,0.66,1,True
55847,0.66,1,True
65564,0.66,1,True
87965,0.66,1,False
33588,0.66,1,True
6937,0.66,1,True
39723,0.66,1,True
56927,0.66,1,True
79834,0.66,1,True
46941,0.66,1,True
2656,0.66,1,True
87914,0.66,1,False
12903,0.66,1,True
92481,0.66,1,False
3804,0.66,1,True
16964,0.66,1,True
71337,0.66,1,True
87635,0.66,1,True
58865,0.66,1,True
48734,0.66,1,True
17808,0.66,1,False
56131,0.66,1,True
26504,0.66,1,True
94975,0.66,1,True
66112,0.66,1,True
25995,0.66,1,True
13480,0.66,1,True
48756,0.66,1,True
2456,0.66,1,True
17585,0.66,1,False
23426,0.66,1,True
18466,0.66,1,True
34192,0.66,1,True
16936,0.66,1,True
56285,0.66,1,True
26508,0.66,1,False
73486,0.66,1,True
84801,0.66,1,False
65953,0.66,1,False
92773,0.66,1,True
97727,0.66,1,False
94734,0.66,1,True
25994,0.66,1,True
25993,0.66,1,True
37811,0.66,1,False
97838,0.66,1,True
88234,0.66,1,True
37818,0.66,1,False
88169,0.66,1,True
37833,0.66,1,False
99680,0.66,1,True
47742,0.66,1,False
2448,0.66,1,True
65803,0.66,1,True
47908,0.66,1,True
13430,0.66,1,True
65716,0.66,1,True
33752,0.66,1,False
36986,0.66,1,True
66424,0.66,1,True
65828,0.66,1,True
37992,0.66,1,False
16168,0.66,1,True
65669,0.66,1,True
87309,0.66,1,True
2335,0.66,1,True
24926,0.66,1,False
26755,0.66,1,False
13183,0.66,1,True
38692,0.66,1,True
97752,0.66,1,True
34303,0.66,1,True
36671,0.66,1,True
28761,0.66,1,True
36840,0.66,1,False
56842,0.66,1,False
6511,0.66,1,True
79377,0.66,1,True
81993,0.66,1,True
16322,0.66,1,True
65917,0.66,1,False
37965,0.66,1,False
23573,0.66,1,False
37968,0.66,1,True
15987,0.66,1,True
56823,0.66,1,False
75996,0.66,1,True
77550,0.66,1,True
37975,0.66,1,False
92419,0.66,1,True
37978,0.66,1,False
35453,0.66,1,True
95982,0.66,1,False
79947,0.66,1,True
24546,0.66,1,True
46859,0.66,1,True
76947,0.66,1,True
64980,0.66,1,False
19583,0.66,1,True
5991,0.66,1,True
32643,0.66,1,True
15843,0.66,1,False
5989,0.66,1,True
85880,0.66,1,False
43885,0.66,1,False
30994,0.66,1,True
97893,0.66,1,True
96818,0.66,1,True
14495,0.66,1,True
54658,0.66,1,True
64350,0.66,1,False
32584,0.66,1,True
14303,0.66,1,True
68134,0.66,1,True
67996,0.66,1,False
67619,0.66,1,True
27965,0.66,1,False
83974,0.66,1,True
67666,0.66,1,True
12385,0.66,1,True
68314,0.66,1,True
32669,0.66,1,True
68328,0.66,1,True
86013,0.66,1,True
67274,0.66,1,True
28077,0.66,1,True
76962,0.66,1,True
54908,0.66,1,False
14205,0.66,1,True
86929,0.66,1,False
27350,0.66,1,True
4827,0.66,1,True
34995,0.66,1,True
98959,0.66,1,True
27994,0.66,1,True
34992,0.66,1,True
98894,0.66,1,True
4815,0.66,1,False
7924,0.66,1,True
15849,0.66,1,True
73704,0.66,1,True
54732,0.66,1,True
27985,0.66,1,True
43590,0.66,1,False
67990,0.66,1,True
54375,0.66,1,True
57962,0.66,1,True
22653,0.66,1,True
96864,0.66,1,True
52288,0.66,1,True
23881,0.66,1,True
75196,0.66,1,True
52318,0.66,1,True
59540,0.66,1,True
75145,0.66,1,True
52366,0.66,1,True
83767,0.66,1,True
67957,0.66,1,True
27815,0.66,1,False
9980,0.66,1,True
73964,0.66,1,True
15524,0.66,1,True
57928,0.66,1,False
96920,0.66,1,True
27840,0.66,1,True
59467,0.66,1,True
10976,0.66,1,True
4678,0.66,1,True
64695,0.66,1,True
45133,0.66,1,True
52261,0.66,1,True
82707,0.66,1,False
16699,0.66,1,True
75203,0.66,1,True
67686,0.66,1,True
44502,0.66,1,True
31502,0.66,1,True
54325,0.66,1,True
31539,0.66,1,True
67755,0.66,1,True
35921,0.66,1,False
4454,0.66,1,True
15717,0.66,1,True
67984,0.66,1,False
23821,0.66,1,True
35833,0.66,1,False
64875,0.66,1,True
25911,0.66,1,False
93378,0.66,1,True
89850,0.66,1,True
85699,0.66,1,True
27916,0.66,1,False
44806,0.66,1,True
19811,0.66,1,True
5782,0.66,1,False
87950,0.66,1,False
90271,0.66,1,True
19877,0.66,1,True
97478,0.66,1,True
66903,0.66,1,False
69503,0.66,1,True
30100,0.66,1,True
36185,0.66,1,True
65225,0.66,1,True
88908,0.66,1,True
96700,0.66,1,True
65206,0.66,1,True
66937,0.66,1,False
12708,0.66,1,True
58953,0.66,1,True
58977,0.66,1,True
49604,0.66,1,True
96721,0.66,1,True
5997,0.66,1,True
99848,0.66,1,True
65184,0.66,1,True
76699,0.66,1,False
46643,0.66,1,False
88968,0.66,1,True
94460,0.66,1,True
40993,0.66,1,False
86835,0.66,1,True
77655,0.66,1,True
57572,0.66,1,False
2746,0.66,1,True
96992,0.66,1,True
63168,0.66,1,True
35656,0.66,1,True
96990,0.66,1,True
14640,0.66,1,True
33337,0.66,1,True
46784,0.66,1,True
16877,0.66,1,False
7971,0.66,1,True
83654,0.66,1,True
65361,0.66,1,True
66883,0.66,1,True
86898,0.66,1,False
9602,0.66,1,True
86890,0.66,1,True
46747,0.66,1,True
33255,0.66,1,True
76656,0.66,1,True
78264,0.66,1,True
6991,0.66,1,True
9711,0.66,1,True
63635,0.66,1,False
59837,0.66,1,True
24373,0.66,1,True
89422,0.66,1,True
46465,0.66,1,True
89407,0.66,1,True
89090,0.66,1,True
46446,0.66,1,True
59691,0.66,1,True
5829,0.66,1,True
86558,0.66,1,True
4171,0.66,1,True
77956,0.66,1,False
66992,0.66,1,False
42601,0.66,1,False
22309,0.66,1,True
86578,0.66,1,True
7948,0.66,1,True
26994,0.66,1,True
26995,0.66,1,True
47968,0.66,1,True
96770,0.66,1,False
57611,0.66,1,False
2814,0.66,1,True
86383,0.66,1,True
86754,0.66,1,True
86419,0.66,1,True
84156,0.66,1,True
23669,0.66,1,True
97651,0.66,1,False
42603,0.66,1,False
58310,0.65,1,True
14208,0.65,1,True
5598,0.65,1,True
99892,0.65,1,True
59937,0.65,1,False
75144,0.65,1,True
6401,0.65,1,True
59934,0.65,1,True
36310,0.65,1,True
56980,0.65,1,False
72908,0.65,1,True
36439,0.65,1,True
35952,0.65,1,False
73737,0.65,1,True
58912,0.65,1,False
14259,0.65,1,True
57973,0.65,1,True
35522,0.65,1,True
5624,0.65,1,False
75629,0.65,1,True
36654,0.65,1,True
75644,0.65,1,True
14582,0.65,1,False
58553,0.65,1,True
75345,0.65,1,True
80996,0.65,1,False
74310,0.65,1,True
14485,0.65,1,True
57441,0.65,1,False
87786,0.65,1,False
57671,0.65,1,True
36681,0.65,1,False
35553,0.65,1,True
73401,0.65,1,True
57365,0.65,1,True
36245,0.65,1,True
2200,0.65,1,True
73770,0.65,1,True
57830,0.65,1,False
36443,0.65,1,True
77505,0.65,1,True
42191,0.65,1,False
5493,0.65,1,False
85168,0.65,1,True
7788,0.65,1,True
45512,0.65,1,True
64799,0.65,1,True
52063,0.65,1,True
4606,0.65,1,True
67847,0.65,1,False
3249,0.65,1,True
67807,0.65,1,True
45680,0.65,1,True
67705,0.65,1,True
67612,0.65,1,True
7925,0.65,1,True
4353,0.65,1,True
84994,0.65,1,False
7886,0.65,1,True
97992,0.65,1,True
84993,0.65,1,True
67556,0.65,1,True
67505,0.65,1,True
45965,0.65,1,True
9886,0.65,1,True
3414,0.65,1,True
52523,0.65,1,True
52542,0.65,1,False
85338,0.65,1,True
83407,0.65,1,True
44618,0.65,1,True
67985,0.65,1,True
85710,0.65,1,True
85704,0.65,1,True
44764,0.65,1,False
7739,0.65,1,True
4725,0.65,1,True
11932,0.65,1,False
82695,0.65,1,False
64617,0.65,1,True
82975,0.65,1,True
67975,0.65,1,True
53416,0.65,1,True
67967,0.65,1,False
2992,0.65,1,True
83146,0.65,1,True
67955,0.65,1,False
10996,0.65,1,True
53220,0.65,1,False
85394,0.65,1,True
83262,0.65,1,True
67352,0.65,1,True
3436,0.65,1,False
7698,0.65,1,True
65740,0.65,1,True
84629,0.65,1,True
47305,0.65,1,False
48810,0.65,1,True
97413,0.65,1,True
84677,0.65,1,True
65995,0.65,1,True
8386,0.65,1,True
47751,0.65,1,True
65987,0.65,1,True
48610,0.65,1,True
47771,0.65,1,True
7943,0.65,1,True
84803,0.65,1,True
8452,0.65,1,True
84712,0.65,1,True
97253,0.65,1,True
65952,0.65,1,True
47855,0.65,1,False
98549,0.65,1,True
3852,0.65,1,True
47972,0.65,1,False
97368,0.65,1,True
46990,0.65,1,True
3638,0.65,1,True
96995,0.65,1,False
9372,0.65,1,True
64989,0.65,1,False
7954,0.65,1,True
96979,0.65,1,True
66969,0.65,1,True
7959,0.65,1,False
66958,0.65,1,True
7965,0.65,1,False
84953,0.65,1,False
66943,0.65,1,True
66911,0.65,1,False
66890,0.65,1,False
98084,0.65,1,True
49189,0.65,1,True
46821,0.65,1,False
65453,0.65,1,True
65504,0.65,1,True
7989,0.65,1,True
66730,0.65,1,True
65515,0.65,1,True
46942,0.65,1,True
48920,0.65,1,True
4727,0.65,1,True
44235,0.65,1,True
6586,0.65,1,True
6932,0.65,1,True
75995,0.65,1,True
61847,0.65,1,True
2506,0.65,1,False
79404,0.65,1,True
37982,0.65,1,False
37988,0.65,1,True
55971,0.65,1,False
38590,0.65,1,True
13178,0.65,1,True
96404,0.65,1,True
38820,0.65,1,True
55844,0.65,1,True
78982,0.65,1,True
62628,0.65,1,True
4948,0.65,1,False
71190,0.65,1,True
38957,0.65,1,True
70995,0.65,1,False
86983,0.65,1,True
78951,0.65,1,True
99537,0.65,1,True
86972,0.65,1,False
75993,0.65,1,True
87427,0.65,1,True
61313,0.65,1,True
56325,0.65,1,True
97917,0.65,1,True
59956,0.65,1,True
36928,0.65,1,True
59976,0.65,1,False
72857,0.65,1,True
56914,0.65,1,False
81782,0.65,1,True
72698,0.65,1,True
36985,0.65,1,True
2358,0.65,1,True
79793,0.65,1,True
95995,0.65,1,True
6771,0.65,1,True
37377,0.65,1,True
37435,0.65,1,True
37441,0.65,1,True
2408,0.65,1,True
97720,0.65,1,False
37792,0.65,1,False
37812,0.65,1,False
71993,0.65,1,True
2631,0.65,1,True
99497,0.65,1,True
97542,0.65,1,True
43253,0.65,1,True
86645,0.65,1,True
98978,0.65,1,True
77949,0.65,1,True
86462,0.65,1,True
86428,0.65,1,True
12513,0.65,1,True
12488,0.65,1,True
54933,0.65,1,False
42961,0.65,1,False
85990,0.65,1,True
43278,0.65,1,False
39437,0.65,1,True
68534,0.65,1,True
97581,0.65,1,True
43476,0.65,1,True
43534,0.65,1,True
43724,0.65,1,False
85907,0.65,1,True
43779,0.65,1,False
68232,0.65,1,True
7647,0.65,1,True
7670,0.65,1,False
42498,0.65,1,True
54994,0.65,1,True
42059,0.65,1,True
68950,0.65,1,True
2647,0.65,1,False
99436,0.65,1,True
96567,0.65,1,True
39698,0.65,1,True
97680,0.65,1,False
78762,0.65,1,True
69775,0.65,1,False
55655,0.65,1,True
63411,0.65,1,True
63515,0.65,1,True
82471,0.65,1,True
55433,0.65,1,True
40994,0.65,1,True
6996,0.65,1,False
69438,0.65,1,True
96728,0.65,1,True
69366,0.65,1,True
12611,0.65,1,True
86786,0.65,1,True
2807,0.65,1,True
86767,0.65,1,True
58819,0.65,1,True
46860,0.65,1,True
18544,0.65,1,True
26960,0.65,1,True
15493,0.65,1,True
27645,0.65,1,False
95509,0.65,1,True
27987,0.65,1,True
23383,0.65,1,False
19663,0.65,1,True
27677,0.65,1,False
34131,0.65,1,True
89470,0.65,1,True
17940,0.65,1,False
28999,0.65,1,True
17790,0.65,1,False
19965,0.65,1,True
89293,0.65,1,True
27751,0.65,1,False
14823,0.65,1,True
27756,0.65,1,False
15819,0.65,1,True
20998,0.65,1,True
34272,0.65,1,True
34972,0.65,1,False
16994,0.65,1,True
32880,0.65,1,True
23333,0.65,1,True
30998,0.65,1,False
16992,0.65,1,True
93763,0.65,1,True
22533,0.65,1,False
25901,0.65,1,False
94598,0.65,1,True
21385,0.65,1,True
22624,0.65,1,True
92256,0.65,1,True
16334,0.65,1,True
17572,0.65,1,True
25666,0.65,1,True
91570,0.65,1,True
28738,0.65,1,True
17936,0.65,1,False
93645,0.65,1,False
28524,0.65,1,True
28894,0.65,1,False
94424,0.65,1,False
27424,0.65,1,True
17527,0.65,1,True
25241,0.65,1,True
18679,0.65,1,True
27458,0.65,1,True
87941,0.65,1,True
16263,0.65,1,True
19180,0.65,1,True
27593,0.65,1,True
32719,0.65,1,True
22679,0.65,1,True
15272,0.65,1,True
27607,0.65,1,False
24989,0.65,1,True
27631,0.65,1,True
88998,0.65,1,True
93651,0.65,1,True
88508,0.65,1,True
34703,0.65,1,True
35154,0.65,1,True
33545,0.65,1,True
24108,0.65,1,True
33551,0.65,1,True
30937,0.65,1,False
18881,0.65,1,True
34462,0.65,1,True
26458,0.65,1,True
26455,0.65,1,False
27879,0.65,1,False
26612,0.65,1,True
15980,0.65,1,False
35348,0.65,1,True
88727,0.65,1,True
33525,0.65,1,True
19864,0.65,1,True
23280,0.65,1,True
94972,0.65,1,False
94688,0.65,1,True
14991,0.65,1,True
94539,0.65,1,True
16933,0.65,1,False
22338,0.65,1,True
26549,0.65,1,True
27866,0.65,1,True
16978,0.65,1,True
34996,0.65,1,False
22982,0.65,1,True
93743,0.65,1,True
25859,0.64,1,False
994,0.64,1,True
990,0.64,1,True
58183,0.64,1,True
34551,0.64,1,True
34577,0.64,1,False
44907,0.64,1,False
57987,0.64,1,True
57996,0.64,1,True
25785,0.64,1,False
37491,0.64,1,True
87995,0.64,1,False
46608,0.64,1,True
76877,0.64,1,True
19321,0.64,1,True
14958,0.64,1,True
67969,0.64,1,True
85672,0.64,1,True
87556,0.64,1,False
46808,0.64,1,True
32536,0.64,1,True
32533,0.64,1,True
95608,0.64,1,True
5908,0.64,1,False
22374,0.64,1,True
37647,0.64,1,True
58740,0.64,1,True
36853,0.64,1,False
32445,0.64,1,True
5919,0.64,1,False
32427,0.64,1,True
44619,0.64,1,True
22614,0.64,1,True
25689,0.64,1,True
2299,0.64,1,True
32418,0.64,1,False
92661,0.64,1,True
15923,0.64,1,True
37568,0.64,1,True
97839,0.64,1,True
37411,0.64,1,True
94236,0.64,1,True
85055,0.64,1,True
97813,0.64,1,False
6179,0.64,1,False
15883,0.64,1,True
45614,0.64,1,True
37679,0.64,1,True
96958,0.64,1,False
45796,0.64,1,False
96961,0.64,1,False
64967,0.64,1,False
74998,0.64,1,True
16996,0.64,1,True
96954,0.64,1,True
96971,0.64,1,True
16993,0.64,1,False
57342,0.64,1,True
15855,0.64,1,True
6555,0.64,1,False
6449,0.64,1,True
56990,0.64,1,True
90077,0.64,1,True
68321,0.64,1,True
6520,0.64,1,True
26238,0.64,1,True
85315,0.64,1,True
10987,0.64,1,True
65082,0.64,1,True
72322,0.64,1,True
31996,0.64,1,True
26426,0.64,1,True
65183,0.64,1,True
2398,0.64,1,False
37405,0.64,1,True
94284,0.64,1,True
67991,0.64,1,True
9795,0.64,1,False
57885,0.64,1,False
46379,0.64,1,True
18636,0.64,1,True
45052,0.64,1,True
89948,0.64,1,True
36920,0.64,1,True
37323,0.64,1,True
45214,0.64,1,True
46326,0.64,1,True
90396,0.64,1,True
23762,0.64,1,True
57836,0.64,1,False
95114,0.64,1,True
57595,0.64,1,True
93356,0.64,1,True
58838,0.64,1,True
19711,0.64,1,True
23995,0.64,1,True
62655,0.64,1,True
78978,0.64,1,False
73686,0.64,1,True
38209,0.64,1,True
67701,0.64,1,True
62357,0.64,1,True
79362,0.64,1,True
37995,0.64,1,True
37994,0.64,1,True
37993,0.64,1,False
33782,0.64,1,True
4959,0.64,1,False
61995,0.64,1,True
66936,0.64,1,True
37944,0.64,1,True
67754,0.64,1,True
67763,0.64,1,False
64435,0.64,1,True
42420,0.64,1,True
4981,0.64,1,False
86617,0.64,1,True
24887,0.64,1,True
64530,0.64,1,True
4996,0.64,1,True
79640,0.64,1,True
5026,0.64,1,True
37958,0.64,1,True
93136,0.64,1,False
86549,0.64,1,True
86817,0.64,1,True
78911,0.64,1,True
33741,0.64,1,True
73728,0.64,1,True
66993,0.64,1,True
22856,0.64,1,True
63738,0.64,1,True
86976,0.64,1,False
14994,0.64,1,True
86960,0.64,1,True
86949,0.64,1,False
77934,0.64,1,False
39882,0.64,1,True
39896,0.64,1,False
39905,0.64,1,True
19799,0.64,1,True
24597,0.64,1,True
96607,0.64,1,True
12847,0.64,1,True
39994,0.64,1,True
86902,0.64,1,False
40643,0.64,1,True
40808,0.64,1,True
13218,0.64,1,True
78803,0.64,1,True
67532,0.64,1,False
38636,0.64,1,True
38597,0.64,1,True
88495,0.64,1,True
78845,0.64,1,True
78880,0.64,1,True
19850,0.64,1,True
88880,0.64,1,True
37945,0.64,1,True
86466,0.64,1,True
97851,0.64,1,True
67921,0.64,1,False
87438,0.64,1,True
25129,0.64,1,True
43655,0.64,1,False
67901,0.64,1,False
64796,0.64,1,True
37813,0.64,1,True
85913,0.64,1,False
13550,0.64,1,True
43740,0.64,1,True
32653,0.64,1,False
72219,0.64,1,False
89669,0.64,1,True
25303,0.64,1,True
75742,0.64,1,True
93370,0.64,1,True
18822,0.64,1,True
43877,0.64,1,True
74336,0.64,1,True
12343,0.64,1,True
67929,0.64,1,True
72836,0.64,1,True
12316,0.64,1,True
37733,0.64,1,False
58944,0.64,1,True
67934,0.64,1,True
67941,0.64,1,True
44068,0.64,1,True
32576,0.64,1,True
89694,0.64,1,True
94158,0.64,1,True
32683,0.64,1,True
59716,0.64,1,True
43587,0.64,1,False
32690,0.64,1,True
22695,0.64,1,True
5298,0.64,1,True
37924,0.64,1,True
79828,0.64,1,True
79829,0.64,1,True
3165,0.64,1,True
24964,0.64,1,False
12476,0.64,1,True
4709,0.64,1,False
33863,0.64,1,True
74223,0.64,1,True
42976,0.64,1,True
85994,0.64,1,True
94912,0.64,1,True
87425,0.64,1,True
23918,0.64,1,True
94800,0.64,1,True
4690,0.64,1,True
98831,0.64,1,True
37886,0.64,1,True
67886,0.64,1,True
59886,0.64,1,True
32741,0.64,1,True
74250,0.64,1,True
24996,0.64,1,True
18894,0.64,1,True
59839,0.64,1,True
5651,0.64,1,False
12423,0.64,1,True
90703,0.64,1,True
69872,0.64,1,True
66989,0.64,1,False
48527,0.64,1,False
53761,0.64,1,True
66309,0.64,1,True
98422,0.64,1,True
36285,0.64,1,True
93641,0.64,1,True
83905,0.64,1,True
26996,0.64,1,True
7288,0.64,1,True
99990,0.64,1,True
28871,0.64,1,True
8575,0.64,1,True
48646,0.64,1,True
28855,0.64,1,True
84695,0.64,1,True
76733,0.64,1,False
65860,0.64,1,False
77499,0.64,1,True
2835,0.64,1,False
35994,0.64,1,True
16329,0.64,1,True
48207,0.64,1,True
51996,0.64,1,True
66683,0.64,1,True
26934,0.64,1,False
94475,0.64,1,True
16888,0.64,1,False
47914,0.64,1,True
27888,0.64,1,True
18341,0.64,1,True
76989,0.64,1,True
55658,0.64,1,True
53611,0.64,1,True
84750,0.64,1,True
21983,0.64,1,True
36376,0.64,1,True
27802,0.64,1,True
8687,0.64,1,True
918,0.64,1,True
65707,0.64,1,True
27641,0.64,1,True
2714,0.64,1,True
77536,0.64,1,True
65745,0.64,1,True
87958,0.64,1,True
27295,0.64,1,False
21995,0.64,1,False
52384,0.64,1,False
27654,0.64,1,False
28412,0.64,1,True
7962,0.64,1,False
74901,0.64,1,True
54725,0.64,1,True
27518,0.64,1,True
28361,0.64,1,True
7732,0.64,1,True
7657,0.64,1,True
84298,0.64,1,True
16458,0.64,1,True
49573,0.64,1,True
65962,0.64,1,False
97496,0.64,1,True
14312,0.64,1,True
49964,0.64,1,True
54523,0.64,1,True
49912,0.64,1,False
34938,0.64,1,False
49925,0.64,1,True
7690,0.64,1,True
27973,0.64,1,False
14392,0.64,1,True
97452,0.64,1,True
7994,0.64,1,True
435,0.64,1,True
54929,0.64,1,False
27954,0.64,1,True
77025,0.64,1,True
2677,0.64,1,True
54922,0.64,1,True
14456,0.64,1,True
34965,0.64,1,False
7844,0.64,1,False
54875,0.64,1,False
49551,0.64,1,True
76374,0.64,1,True
16409,0.64,1,False
27964,0.64,1,True
23427,0.64,1,True
27387,0.64,1,True
27407,0.64,1,False
7856,0.64,1,True
28444,0.64,1,True
34952,0.64,1,False
55726,0.64,1,True
76721,0.64,1,True
74923,0.64,1,False
16950,0.64,1,False
53386,0.64,1,True
46924,0.64,1,False
69776,0.64,1,False
90997,0.64,1,True
46930,0.64,1,False
36620,0.64,1,True
35567,0.64,1,True
36794,0.64,1,True
94500,0.64,1,True
34669,0.64,1,True
46946,0.64,1,False
46948,0.64,1,False
15978,0.64,1,False
46960,0.64,1,False
26801,0.64,1,False
35332,0.64,1,True
17992,0.64,1,True
13869,0.64,1,True
26796,0.64,1,False
87919,0.64,1,True
84847,0.64,1,False
53317,0.64,1,False
47621,0.64,1,False
99187,0.64,1,True
69813,0.64,1,False
47807,0.64,1,True
20997,0.64,1,False
27812,0.64,1,True
6883,0.64,1,False
53492,0.64,1,True
72142,0.64,1,True
26566,0.64,1,True
91952,0.64,1,True
29959,0.64,1,True
83239,0.64,1,True
69914,0.64,1,True
69780,0.64,1,True
82996,0.64,1,False
16630,0.64,1,False
34697,0.64,1,True
83078,0.64,1,True
35438,0.64,1,True
34725,0.64,1,True
35578,0.64,1,True
35617,0.64,1,True
52516,0.64,1,True
14638,0.64,1,True
87742,0.64,1,False
97285,0.64,1,True
94961,0.63,1,False
78225,0.63,1,True
96568,0.63,1,True
27967,0.63,1,False
39603,0.63,1,True
75182,0.63,1,True
42665,0.63,1,False
69900,0.63,1,False
39686,0.63,1,True
69354,0.63,1,True
5104,0.63,1,True
42668,0.63,1,True
53940,0.63,1,False
93994,0.63,1,False
39224,0.63,1,True
96763,0.63,1,False
50947,0.63,1,True
73909,0.63,1,False
24353,0.63,1,True
86988,0.63,1,True
77974,0.63,1,True
16730,0.63,1,False
70909,0.63,1,False
83429,0.63,1,True
88677,0.63,1,True
27656,0.63,1,False
63742,0.63,1,True
54406,0.63,1,True
27668,0.63,1,False
75574,0.63,1,True
83521,0.63,1,True
54267,0.63,1,True
2742,0.63,1,True
98879,0.63,1,True
82644,0.63,1,True
83549,0.63,1,False
7877,0.63,1,False
7873,0.63,1,False
54180,0.63,1,True
88704,0.63,1,True
73402,0.63,1,True
5144,0.63,1,True
83233,0.63,1,True
82980,0.63,1,True
63458,0.63,1,False
27903,0.63,1,True
73663,0.63,1,False
78765,0.63,1,True
3321,0.63,1,False
41993,0.63,1,False
52075,0.63,1,True
67723,0.63,1,False
62387,0.63,1,True
41983,0.63,1,True
98907,0.63,1,True
76499,0.63,1,True
19884,0.63,1,False
52256,0.63,1,True
53408,0.63,1,True
73771,0.63,1,False
67567,0.63,1,True
76409,0.63,1,True
76504,0.63,1,True
73714,0.63,1,True
86853,0.63,1,True
62762,0.63,1,True
96701,0.63,1,False
41242,0.63,1,True
67614,0.63,1,True
53581,0.63,1,True
88884,0.63,1,True
40992,0.63,1,False
40954,0.63,1,True
52341,0.63,1,True
40991,0.63,1,False
86842,0.63,1,True
12792,0.63,1,False
53357,0.63,1,True
16692,0.63,1,False
78702,0.63,1,True
67355,0.63,1,True
98892,0.63,1,True
52678,0.63,1,True
4986,0.63,1,True
99393,0.63,1,True
88774,0.63,1,True
42548,0.63,1,False
7840,0.63,1,True
62865,0.63,1,True
61949,0.63,1,True
70354,0.63,1,True
95427,0.63,1,True
82748,0.63,1,True
33398,0.63,1,True
42375,0.63,1,True
61987,0.63,1,True
53206,0.63,1,True
39961,0.63,1,True
88786,0.63,1,True
53808,0.63,1,True
42323,0.63,1,True
39973,0.63,1,True
99062,0.63,1,True
69499,0.63,1,True
15035,0.63,1,True
42215,0.63,1,True
83867,0.63,1,True
76447,0.63,1,True
96634,0.63,1,True
24815,0.63,1,False
29966,0.63,1,True
1999,0.63,1,True
6964,0.63,1,False
31432,0.63,1,True
57463,0.63,1,True
85081,0.63,1,False
82431,0.63,1,True
71781,0.63,1,True
68828,0.63,1,True
45871,0.63,1,False
57401,0.63,1,True
71889,0.63,1,True
75991,0.63,1,True
26837,0.63,1,False
30993,0.63,1,True
82207,0.63,1,True
47659,0.63,1,False
68333,0.63,1,True
96970,0.63,1,True
22321,0.63,1,True
45953,0.63,1,False
82450,0.63,1,True
8823,0.63,1,True
72525,0.63,1,True
8819,0.63,1,True
8750,0.63,1,True
97814,0.63,1,False
98946,0.63,1,True
16144,0.63,1,True
85325,0.63,1,True
17205,0.63,1,True
28989,0.63,1,False
17149,0.63,1,False
85322,0.63,1,True
96952,0.63,1,False
26898,0.63,1,True
45541,0.63,1,True
76171,0.63,1,True
15656,0.63,1,True
22488,0.63,1,True
57668,0.63,1,True
2544,0.63,1,True
84984,0.63,1,True
81998,0.63,1,True
3141,0.63,1,False
56809,0.63,1,False
9767,0.63,1,True
46524,0.63,1,False
92440,0.63,1,True
9741,0.63,1,True
71987,0.63,1,False
56123,0.63,1,True
81991,0.63,1,False
46623,0.63,1,False
76836,0.63,1,True
8967,0.63,1,True
46662,0.63,1,True
98955,0.63,1,False
22390,0.63,1,True
22377,0.63,1,True
46898,0.63,1,True
26534,0.63,1,False
96988,0.63,1,True
84914,0.63,1,True
46510,0.63,1,True
46974,0.63,1,False
46430,0.63,1,True
46422,0.63,1,True
55965,0.63,1,False
56976,0.63,1,False
26731,0.63,1,False
9901,0.63,1,True
56961,0.63,1,True
56954,0.63,1,True
81997,0.63,1,True
46145,0.63,1,True
15880,0.63,1,True
18487,0.63,1,True
8999,0.63,1,True
56939,0.63,1,False
9853,0.63,1,True
97061,0.63,1,True
46984,0.63,1,True
92431,0.63,1,True
68677,0.63,1,True
67994,0.63,1,True
45187,0.63,1,True
45119,0.63,1,True
20335,0.63,1,False
84453,0.63,1,True
95306,0.63,1,True
59408,0.63,1,True
96991,0.63,1,False
43777,0.63,1,False
84455,0.63,1,True
7974,0.63,1,True
7977,0.63,1,False
72886,0.63,1,True
26954,0.63,1,False
58975,0.63,1,False
7465,0.63,1,True
12328,0.63,1,True
16364,0.63,1,False
32622,0.63,1,True
97867,0.63,1,True
54919,0.63,1,False
27297,0.63,1,True
49329,0.63,1,True
43703,0.63,1,True
7535,0.63,1,True
16790,0.63,1,False
2629,0.63,1,True
27627,0.63,1,True
24992,0.63,1,True
43372,0.63,1,False
2070,0.63,1,True
91997,0.63,1,True
7945,0.63,1,True
32713,0.63,1,True
94067,0.63,1,True
54665,0.63,1,True
97910,0.63,1,True
82628,0.63,1,True
49669,0.63,1,True
99821,0.63,1,True
25135,0.63,1,True
18768,0.63,1,True
59608,0.63,1,True
12301,0.63,1,True
48887,0.63,1,True
17645,0.63,1,True
44851,0.63,1,True
57995,0.63,1,False
7126,0.63,1,True
47993,0.63,1,False
17439,0.63,1,True
28931,0.63,1,True
32256,0.63,1,True
89898,0.63,1,True
10993,0.63,1,True
22538,0.63,1,True
28937,0.63,1,True
26964,0.63,1,False
17287,0.63,1,True
97655,0.63,1,True
17253,0.63,1,True
92350,0.63,1,True
72627,0.63,1,False
55457,0.63,1,False
7200,0.63,1,True
85638,0.63,1,True
20488,0.63,1,True
91410,0.63,1,True
82545,0.63,1,True
28799,0.63,1,True
16826,0.63,1,True
44346,0.63,1,True
48789,0.63,1,True
48767,0.63,1,True
8253,0.63,1,True
44506,0.63,1,True
58748,0.63,1,True
58737,0.63,1,True
27149,0.63,1,True
48523,0.63,1,True
32425,0.63,1,True
76742,0.63,1,False
26980,0.63,1,True
8540,0.63,1,True
44820,0.63,1,False
84454,0.63,1,True
58923,0.63,1,False
34766,0.63,1,False
37908,0.63,1,True
87993,0.63,1,False
65374,0.63,1,True
14916,0.63,1,False
4522,0.63,1,True
35992,0.63,1,True
14274,0.63,1,True
33861,0.63,1,True
13638,0.63,1,True
36896,0.63,1,False
35988,0.63,1,True
4517,0.63,1,True
63908,0.63,1,True
24212,0.63,1,True
73949,0.63,1,True
13908,0.63,1,True
14766,0.63,1,True
18925,0.63,1,True
37298,0.63,1,True
451,0.63,1,True
4373,0.63,1,True
3707,0.63,1,True
64698,0.63,1,True
37329,0.63,1,True
1403,0.63,1,True
36764,0.63,1,True
97977,0.63,1,True
76970,0.63,1,False
34274,0.63,1,True
77864,0.63,1,True
3663,0.63,1,False
66464,0.63,1,False
35643,0.63,1,True
35143,0.63,1,True
34574,0.63,1,True
74992,0.63,1,True
96239,0.63,1,True
14144,0.63,1,True
13380,0.63,1,True
35970,0.63,1,False
18907,0.63,1,True
87184,0.63,1,True
87710,0.63,1,True
37594,0.63,1,True
38648,0.63,1,False
87196,0.63,1,False
98783,0.63,1,True
34714,0.63,1,True
87384,0.63,1,True
95988,0.63,1,True
95991,0.63,1,False
87973,0.63,1,True
36675,0.63,1,True
95994,0.63,1,True
66680,0.63,1,True
74175,0.63,1,True
87617,0.63,1,False
74987,0.63,1,False
17937,0.63,1,True
38776,0.63,1,True
3568,0.63,1,False
14770,0.63,1,True
35779,0.63,1,False
3516,0.63,1,False
87909,0.63,1,False
14935,0.63,1,True
98627,0.63,1,True
35722,0.63,1,True
63938,0.63,1,False
36619,0.63,1,False
35962,0.63,1,False
13560,0.63,1,True
38300,0.63,1,True
14849,0.63,1,False
64313,0.63,1,True
38881,0.63,1,True
66946,0.63,1,False
87858,0.63,1,True
36462,0.63,1,False
14340,0.63,1,True
66717,0.63,1,False
13772,0.63,1,False
98393,0.63,1,True
93263,0.63,1,True
34521,0.63,1,True
13527,0.63,1,True
33686,0.63,1,True
34953,0.63,1,True
77581,0.63,1,False
37996,0.63,1,True
87764,0.63,1,True
36960,0.63,1,True
93613,0.63,1,True
92984,0.63,1,True
34061,0.63,1,True
77718,0.63,1,True
64998,0.63,1,True
36952,0.63,1,True
464,0.63,1,True
4419,0.63,1,True
1204,0.63,1,True
66757,0.63,1,True
99956,0.63,1,False
33919,0.63,1,True
97962,0.63,1,False
65789,0.63,1,True
77384,0.63,1,True
35900,0.63,1,False
41997,0.62,1,True
98643,0.62,1,True
87987,0.62,1,True
27412,0.62,1,True
97835,0.62,1,False
47424,0.62,1,True
36723,0.62,1,False
34701,0.62,1,False
79607,0.62,1,True
37436,0.62,1,True
58319,0.62,1,True
65934,0.62,1,False
56389,0.62,1,False
15446,0.62,1,True
32389,0.62,1,True
76304,0.62,1,True
49369,0.62,1,True
44966,0.62,1,False
68733,0.62,1,True
64930,0.62,1,False
42666,0.62,1,False
7700,0.62,1,True
42662,0.62,1,True
66938,0.62,1,True
98253,0.62,1,True
56274,0.62,1,True
84425,0.62,1,True
64544,0.62,1,True
44740,0.62,1,True
1992,0.62,1,True
49565,0.62,1,True
73505,0.62,1,False
28504,0.62,1,True
47323,0.62,1,True
33986,0.62,1,True
19229,0.62,1,True
22650,0.62,1,True
72664,0.62,1,True
95857,0.62,1,True
99839,0.62,1,True
42475,0.62,1,False
29729,0.62,1,True
66668,0.62,1,True
42424,0.62,1,True
17398,0.62,1,True
22581,0.62,1,True
86721,0.62,1,True
55996,0.62,1,False
23626,0.62,1,True
10994,0.62,1,True
54553,0.62,1,True
77729,0.62,1,True
42283,0.62,1,True
54564,0.62,1,True
18990,0.62,1,True
11486,0.62,1,True
72658,0.62,1,True
65965,0.62,1,False
11452,0.62,1,True
37453,0.62,1,True
29724,0.62,1,True
98175,0.62,1,True
28177,0.62,1,True
49775,0.62,1,True
84873,0.62,1,False
23613,0.62,1,False
96756,0.62,1,True
42079,0.62,1,True
4957,0.62,1,False
91996,0.62,1,True
93711,0.62,1,True
81996,0.62,1,True
10998,0.62,1,False
68711,0.62,1,True
96173,0.62,1,True
17349,0.62,1,True
25878,0.62,1,False
82643,0.62,1,True
79412,0.62,1,True
94186,0.62,1,True
86626,0.62,1,True
46989,0.62,1,False
46950,0.62,1,False
89146,0.62,1,True
87992,0.62,1,False
54635,0.62,1,True
11990,0.62,1,True
7511,0.62,1,True
85820,0.62,1,True
18332,0.62,1,True
76101,0.62,1,True
19637,0.62,1,True
93312,0.62,1,True
28902,0.62,1,True
12322,0.62,1,True
72833,0.62,1,False
36329,0.62,1,True
68829,0.62,1,True
36612,0.62,1,True
98807,0.62,1,True
47806,0.62,1,False
7285,0.62,1,True
75997,0.62,1,True
67927,0.62,1,False
67889,0.62,1,True
97392,0.62,1,True
37718,0.62,1,False
17725,0.62,1,True
8397,0.62,1,True
93257,0.62,1,True
16911,0.62,1,False
66688,0.62,1,True
74971,0.62,1,False
77808,0.62,1,False
48583,0.62,1,True
54989,0.62,1,False
19662,0.62,1,True
85936,0.62,1,False
64769,0.62,1,True
92280,0.62,1,True
23853,0.62,1,True
4599,0.62,1,True
98376,0.62,1,True
66880,0.62,1,True
66727,0.62,1,True
74311,0.62,1,True
18741,0.62,1,True
36467,0.62,1,False
47936,0.62,1,False
25315,0.62,1,True
67906,0.62,1,False
79963,0.62,1,True
65677,0.62,1,True
8772,0.62,1,True
93604,0.62,1,True
12421,0.62,1,True
71684,0.62,1,True
26906,0.62,1,False
88153,0.62,1,True
26963,0.62,1,False
17679,0.62,1,True
85928,0.62,1,True
25158,0.62,1,True
87966,0.62,1,True
8601,0.62,1,True
19636,0.62,1,True
47990,0.62,1,True
17721,0.62,1,True
97275,0.62,1,True
84703,0.62,1,False
28865,0.62,1,True
32423,0.62,1,True
44617,0.62,1,True
23445,0.62,1,True
37929,0.62,1,True
48939,0.62,1,True
37639,0.62,1,False
48948,0.62,1,True
22251,0.62,1,True
26767,0.62,1,False
23389,0.62,1,True
54897,0.62,1,False
68957,0.62,1,True
66926,0.62,1,True
7986,0.62,1,False
28600,0.62,1,True
66772,0.62,1,False
47559,0.62,1,True
37612,0.62,1,True
54873,0.62,1,True
58676,0.62,1,True
11985,0.62,1,True
68961,0.62,1,True
97147,0.62,1,True
60995,0.62,1,True
86488,0.62,1,True
23109,0.62,1,True
16413,0.62,1,False
86512,0.62,1,True
42757,0.62,1,False
73448,0.62,1,True
84532,0.62,1,True
22618,0.62,1,True
59900,0.62,1,True
36652,0.62,1,True
26813,0.62,1,True
85976,0.62,1,True
13441,0.62,1,True
36202,0.62,1,True
26799,0.62,1,False
37707,0.62,1,False
12465,0.62,1,True
84670,0.62,1,True
12191,0.62,1,True
44206,0.62,1,True
64686,0.62,1,False
97237,0.62,1,True
89700,0.62,1,True
59966,0.62,1,False
76885,0.62,1,False
98477,0.62,1,True
59970,0.62,1,True
94858,0.62,1,True
28786,0.62,1,True
14980,0.62,1,False
32521,0.62,1,True
47610,0.62,1,True
54928,0.62,1,True
44475,0.62,1,True
3825,0.62,1,True
35978,0.62,1,False
23453,0.62,1,False
17566,0.62,1,True
29901,0.62,1,False
4132,0.62,1,True
71995,0.62,1,False
26546,0.62,1,False
87089,0.62,1,True
69949,0.62,1,False
52414,0.62,1,True
52415,0.62,1,True
78537,0.62,1,True
9703,0.62,1,True
68267,0.62,1,True
87985,0.62,1,False
45798,0.62,1,True
67375,0.62,1,True
33449,0.62,1,True
24563,0.62,1,True
36886,0.62,1,True
95970,0.62,1,False
6746,0.62,1,False
78396,0.62,1,True
46526,0.62,1,True
74933,0.62,1,False
46519,0.62,1,True
77682,0.62,1,True
35147,0.62,1,True
52533,0.62,1,True
63496,0.62,1,True
93579,0.62,1,True
14998,0.62,1,False
63500,0.62,1,True
27860,0.62,1,False
15916,0.62,1,False
35663,0.62,1,True
93874,0.62,1,True
78624,0.62,1,True
52379,0.62,1,True
63116,0.62,1,True
12779,0.62,1,True
6132,0.62,1,True
13189,0.62,1,True
24133,0.62,1,True
23241,0.62,1,False
78757,0.62,1,True
27909,0.62,1,True
65337,0.62,1,True
57717,0.62,1,True
52153,0.62,1,True
97734,0.62,1,True
72268,0.62,1,True
36850,0.62,1,True
63117,0.62,1,True
13321,0.62,1,False
52227,0.62,1,True
57683,0.62,1,True
76960,0.62,1,True
10285,0.62,1,True
66959,0.62,1,False
72293,0.62,1,True
74961,0.62,1,False
75969,0.62,1,False
67454,0.62,1,True
63249,0.62,1,True
82946,0.62,1,False
6278,0.62,1,False
66967,0.62,1,True
99130,0.62,1,True
52582,0.62,1,True
83694,0.62,1,True
16643,0.62,1,True
22450,0.62,1,False
9940,0.62,1,True
52973,0.62,1,True
39170,0.62,1,True
9923,0.62,1,True
66506,0.62,1,False
52777,0.62,1,True
77990,0.62,1,False
46152,0.62,1,True
63717,0.62,1,False
77673,0.62,1,True
76618,0.62,1,True
73887,0.62,1,True
56991,0.62,1,True
57234,0.62,1,True
72393,0.62,1,True
24367,0.62,1,True
25996,0.62,1,True
96498,0.62,1,True
35431,0.62,1,True
69846,0.62,1,False
13783,0.62,1,False
93896,0.62,1,False
38958,0.62,1,True
77973,0.62,1,False
52838,0.62,1,True
6569,0.62,1,True
52855,0.62,1,True
26312,0.62,1,True
6476,0.62,1,True
34255,0.62,1,True
14962,0.62,1,False
63523,0.62,1,True
52618,0.62,1,True
83171,0.62,1,True
33703,0.62,1,True
75928,0.62,1,False
88743,0.62,1,True
88581,0.62,1,True
56880,0.62,1,True
77947,0.62,1,True
52671,0.62,1,True
77965,0.62,1,False
93693,0.62,1,True
9967,0.62,1,True
45908,0.62,1,False
9846,0.62,1,True
35329,0.62,1,True
53155,0.62,1,True
87982,0.62,1,False
2749,0.62,1,True
63594,0.62,1,True
39456,0.62,1,True
56895,0.62,1,True
24517,0.62,1,False
92480,0.62,1,True
56903,0.62,1,False
53068,0.62,1,True
14942,0.62,1,True
88714,0.62,1,True
56681,0.62,1,True
88510,0.62,1,True
57864,0.62,1,False
3722,0.62,1,False
24763,0.62,1,True
62613,0.62,1,True
46883,0.62,1,False
35805,0.62,1,True
86799,0.62,1,True
56510,0.62,1,True
18958,0.62,1,False
69287,0.62,1,True
2683,0.62,1,False
15573,0.62,1,True
33743,0.62,1,True
16719,0.62,1,False
57903,0.62,1,True
88928,0.62,1,True
56580,0.62,1,True
13261,0.62,1,True
72623,0.62,1,True
98671,0.62,1,True
66549,0.62,1,True
7831,0.62,1,True
22356,0.62,1,True
76973,0.62,1,True
62699,0.62,1,True
33180,0.62,1,True
80970,0.62,1,True
86803,0.62,1,False
87879,0.62,1,False
21993,0.62,1,True
41671,0.62,1,True
23993,0.62,1,True
46889,0.62,1,False
44993,0.62,1,True
6847,0.62,1,False
53790,0.62,1,True
56614,0.62,1,False
82669,0.62,1,True
12675,0.62,1,True
27943,0.62,1,False
56457,0.62,1,False
82683,0.62,1,False
67558,0.62,1,False
91990,0.62,1,True
99925,0.62,1,True
27980,0.62,1,True
56459,0.62,1,True
76943,0.62,1,True
95889,0.62,1,True
5984,0.62,1,False
2765,0.62,1,True
53716,0.62,1,True
87265,0.62,1,True
15582,0.62,1,False
83831,0.62,1,False
34631,0.62,1,True
88927,0.62,1,True
22770,0.62,1,False
82654,0.62,1,False
29983,0.62,1,False
57904,0.62,1,False
96950,0.62,1,True
38338,0.62,1,True
26547,0.62,1,True
86856,0.62,1,True
6861,0.62,1,False
82696,0.62,1,True
46788,0.62,1,False
77377,0.62,1,False
46947,0.61,1,True
75960,0.61,1,True
44940,0.61,1,False
46314,0.61,1,True
14971,0.61,1,False
29283,0.61,1,True
64978,0.61,1,False
37738,0.61,1,False
87536,0.61,1,True
89902,0.61,1,True
71989,0.61,1,True
93520,0.61,1,False
99944,0.61,1,True
36622,0.61,1,True
17228,0.61,1,True
25476,0.61,1,True
66804,0.61,1,True
46396,0.61,1,True
57393,0.61,1,True
6966,0.61,1,True
84790,0.61,1,True
85847,0.61,1,False
25369,0.61,1,True
76178,0.61,1,True
5971,0.61,1,False
96909,0.61,1,True
47916,0.61,1,False
99703,0.61,1,True
26237,0.61,1,True
5974,0.61,1,False
84983,0.61,1,False
96907,0.61,1,True
23576,0.61,1,False
29909,0.61,1,True
56984,0.61,1,True
44971,0.61,1,False
75907,0.61,1,False
89672,0.61,1,True
26915,0.61,1,False
93739,0.61,1,True
96993,0.61,1,False
56975,0.61,1,False
9903,0.61,1,True
6983,0.61,1,True
84985,0.61,1,False
95516,0.61,1,True
58952,0.61,1,False
68841,0.61,1,True
46286,0.61,1,True
56428,0.61,1,False
58963,0.61,1,True
6676,0.61,1,False
29843,0.61,1,True
37754,0.61,1,True
6509,0.61,1,False
44948,0.61,1,False
92458,0.61,1,True
58968,0.61,1,True
85801,0.61,1,False
72388,0.61,1,True
97989,0.61,1,True
47874,0.61,1,True
18923,0.61,1,True
93461,0.61,1,False
67924,0.61,1,False
56345,0.61,1,True
30909,0.61,1,True
72907,0.61,1,True
20999,0.61,1,False
46419,0.61,1,True
81969,0.61,1,True
13666,0.61,1,True
23748,0.61,1,False
45676,0.61,1,False
26502,0.61,1,True
47181,0.61,1,False
15926,0.61,1,False
85197,0.61,1,True
44615,0.61,1,True
47136,0.61,1,True
26758,0.61,1,False
8998,0.61,1,True
76845,0.61,1,True
5918,0.61,1,False
15977,0.61,1,False
26760,0.61,1,False
45731,0.61,1,False
33973,0.61,1,True
8935,0.61,1,True
84962,0.61,1,True
57785,0.61,1,True
3533,0.61,1,True
32364,0.61,1,True
97804,0.61,1,False
13586,0.61,1,True
93452,0.61,1,True
10193,0.61,1,True
22955,0.61,1,False
55955,0.61,1,True
57744,0.61,1,False
4319,0.61,1,True
46739,0.61,1,False
44766,0.61,1,False
26749,0.61,1,False
6918,0.61,1,False
8971,0.61,1,True
66786,0.61,1,True
6909,0.61,1,True
58585,0.61,1,True
84865,0.61,1,False
15639,0.61,1,True
6841,0.61,1,False
6022,0.61,1,True
6792,0.61,1,False
26516,0.61,1,False
989,0.61,1,True
18475,0.61,1,True
64915,0.61,1,False
68518,0.61,1,True
58290,0.61,1,True
99929,0.61,1,True
37495,0.61,1,False
57951,0.61,1,True
44080,0.61,1,True
74348,0.61,1,True
6849,0.61,1,True
46485,0.61,1,True
12197,0.61,1,True
25605,0.61,1,False
75964,0.61,1,True
44145,0.61,1,True
12240,0.61,1,True
96198,0.61,1,True
44751,0.61,1,True
55908,0.61,1,False
90974,0.61,1,True
5888,0.61,1,True
26416,0.61,1,False
97740,0.61,1,True
55891,0.61,1,False
22633,0.61,1,True
17657,0.61,1,True
58913,0.61,1,True
37351,0.61,1,True
82370,0.61,1,True
26404,0.61,1,True
2424,0.61,1,True
46503,0.61,1,False
84920,0.61,1,True
32310,0.61,1,True
84834,0.61,1,False
56609,0.61,1,True
75843,0.61,1,False
45804,0.61,1,True
37655,0.61,1,True
46833,0.61,1,False
72326,0.61,1,True
58834,0.61,1,True
90988,0.61,1,True
46988,0.61,1,True
25806,0.61,1,False
92578,0.61,1,True
66780,0.61,1,True
13642,0.61,1,False
22958,0.61,1,False
93425,0.61,1,True
6935,0.61,1,True
55929,0.61,1,False
32544,0.61,1,False
25839,0.61,1,False
55928,0.61,1,True
25891,0.61,1,True
66514,0.61,1,False
26919,0.61,1,False
84078,0.61,1,True
70676,0.61,1,True
50952,0.61,1,True
34957,0.61,1,True
17963,0.61,1,True
98998,0.61,1,True
73696,0.61,1,True
99460,0.61,1,True
7735,0.61,1,False
91993,0.61,1,True
14359,0.61,1,True
65978,0.61,1,False
27991,0.61,1,True
97534,0.61,1,True
96346,0.61,1,True
87867,0.61,1,False
64325,0.61,1,True
42136,0.61,1,True
62186,0.61,1,True
22141,0.61,1,True
86822,0.61,1,True
87305,0.61,1,True
88913,0.61,1,True
66262,0.61,1,False
38473,0.61,1,True
73734,0.61,1,False
7825,0.61,1,True
7828,0.61,1,True
62852,0.61,1,True
38370,0.61,1,True
73722,0.61,1,True
27931,0.61,1,True
4818,0.61,1,False
40997,0.61,1,False
53850,0.61,1,True
69400,0.61,1,True
53892,0.61,1,False
77278,0.61,1,False
24062,0.61,1,True
50995,0.61,1,True
3291,0.61,1,True
62153,0.61,1,False
2766,0.61,1,False
89215,0.61,1,True
96751,0.61,1,False
35941,0.61,1,False
66928,0.61,1,False
54715,0.61,1,True
4987,0.61,1,True
28390,0.61,1,True
49680,0.61,1,True
23420,0.61,1,True
84419,0.61,1,True
24857,0.61,1,True
94823,0.61,1,True
16416,0.61,1,True
75515,0.61,1,False
54771,0.61,1,False
23421,0.61,1,True
35951,0.61,1,False
42657,0.61,1,True
88359,0.61,1,True
1986,0.61,1,True
4980,0.61,1,False
97576,0.61,1,True
33813,0.61,1,True
13334,0.61,1,True
86727,0.61,1,False
14328,0.61,1,True
64333,0.61,1,True
23409,0.61,1,False
88400,0.61,1,True
73572,0.61,1,False
28233,0.61,1,True
67759,0.61,1,True
65956,0.61,1,True
34927,0.61,1,False
86668,0.61,1,False
28323,0.61,1,True
65954,0.61,1,False
97566,0.61,1,True
3280,0.61,1,True
42538,0.61,1,True
87221,0.61,1,True
98690,0.61,1,True
73473,0.61,1,True
53242,0.61,1,True
73879,0.61,1,False
39354,0.61,1,True
96553,0.61,1,True
67206,0.61,1,True
52735,0.61,1,True
86961,0.61,1,False
78247,0.61,1,True
63544,0.61,1,True
83185,0.61,1,True
69720,0.61,1,True
53285,0.61,1,True
39703,0.61,1,True
12902,0.61,1,True
86957,0.61,1,False
35646,0.61,1,False
94900,0.61,1,True
22889,0.61,1,True
52543,0.61,1,True
63632,0.61,1,True
38882,0.61,1,True
78066,0.61,1,True
77952,0.61,1,False
63806,0.61,1,True
94556,0.61,1,True
33678,0.61,1,False
63771,0.61,1,False
33685,0.61,1,False
19786,0.61,1,True
3650,0.61,1,True
98861,0.61,1,True
24381,0.61,1,True
86981,0.61,1,False
83398,0.61,1,True
2743,0.61,1,False
67109,0.61,1,True
77993,0.61,1,True
63675,0.61,1,True
39155,0.61,1,True
52762,0.61,1,True
17993,0.61,1,False
39868,0.61,1,True
67572,0.61,1,True
22803,0.61,1,True
52192,0.61,1,True
53687,0.61,1,True
69611,0.61,1,True
53693,0.61,1,False
27908,0.61,1,False
67508,0.61,1,True
78724,0.61,1,True
83822,0.61,1,True
34987,0.61,1,False
87910,0.61,1,False
51991,0.61,1,True
76483,0.61,1,True
77894,0.61,1,False
3682,0.61,1,False
99261,0.61,1,True
99275,0.61,1,True
76473,0.61,1,True
35786,0.61,1,True
67494,0.61,1,True
21984,0.61,1,True
12817,0.61,1,True
14534,0.61,1,True
53465,0.61,1,False
63923,0.61,1,False
39932,0.61,1,False
3667,0.61,1,False
39937,0.61,1,False
52456,0.61,1,False
88784,0.61,1,True
63352,0.61,1,False
16625,0.61,1,True
69972,0.61,1,True
18971,0.61,1,True
53631,0.61,1,False
40014,0.61,1,True
82927,0.61,1,False
19815,0.61,1,True
69627,0.61,1,True
82912,0.61,1,True
68967,0.61,1,True
97538,0.61,1,False
67887,0.61,1,False
59930,0.61,1,True
75645,0.61,1,True
48747,0.61,1,True
23500,0.61,1,True
70993,0.61,1,False
24948,0.61,1,True
18998,0.61,1,True
13966,0.61,1,True
75707,0.61,1,False
25171,0.61,1,True
73060,0.61,1,True
43456,0.61,1,True
72963,0.61,1,True
13962,0.61,1,True
23524,0.61,1,True
66884,0.61,1,False
5052,0.61,1,True
65838,0.61,1,True
1996,0.61,1,True
97645,0.61,1,True
59602,0.61,1,True
88100,0.61,1,True
68906,0.61,1,True
37922,0.61,1,True
37828,0.61,1,False
32696,0.61,1,False
74193,0.61,1,True
28815,0.61,1,True
97447,0.61,1,False
68938,0.61,1,True
47996,0.61,1,True
54958,0.61,1,False
59963,0.61,1,False
59771,0.61,1,True
66718,0.61,1,False
82490,0.61,1,False
18892,0.61,1,False
37890,0.61,1,True
94946,0.61,1,False
7157,0.61,1,True
59795,0.61,1,True
87951,0.61,1,False
22948,0.61,1,False
24976,0.61,1,False
47989,0.61,1,True
74197,0.61,1,True
91562,0.61,1,True
7018,0.61,1,True
65713,0.61,1,True
97613,0.61,1,True
54871,0.61,1,True
3127,0.61,1,True
79872,0.61,1,True
28528,0.61,1,True
43719,0.61,1,True
89443,0.61,1,True
95302,0.61,1,True
60991,0.61,1,True
43738,0.61,1,True
94973,0.61,1,True
55586,0.61,1,False
65905,0.61,1,False
23517,0.61,1,True
89518,0.61,1,True
28696,0.61,1,True
43299,0.61,1,True
86445,0.61,1,True
28964,0.61,1,True
72428,0.61,1,True
73419,0.61,1,True
23164,0.61,1,True
23906,0.61,1,False
67840,0.61,1,False
59548,0.61,1,True
47969,0.61,1,True
70986,0.61,1,False
43418,0.61,1,True
93346,0.61,1,True
28661,0.61,1,True
85978,0.61,1,False
37935,0.61,1,True
24918,0.61,1,False
79737,0.61,1,True
43692,0.61,1,True
6994,0.61,1,True
60969,0.61,1,False
74856,0.61,1,True
42776,0.61,1,False
85973,0.61,1,False
54890,0.61,1,False
9709,0.6,1,True
68503,0.6,1,True
16908,0.6,1,True
26870,0.6,1,False
93591,0.6,1,False
53479,0.6,1,True
48133,0.6,1,True
26478,0.6,1,True
65226,0.6,1,True
82842,0.6,1,False
6967,0.6,1,False
52311,0.6,1,True
3676,0.6,1,False
76743,0.6,1,True
28888,0.6,1,True
48421,0.6,1,True
56826,0.6,1,False
8457,0.6,1,True
46668,0.6,1,True
46667,0.6,1,True
77524,0.6,1,False
66536,0.6,1,False
47782,0.6,1,False
17977,0.6,1,True
16851,0.6,1,True
98081,0.6,1,True
68821,0.6,1,True
66431,0.6,1,True
53579,0.6,1,True
84942,0.6,1,False
82973,0.6,1,True
97654,0.6,1,True
65220,0.6,1,True
26397,0.6,1,True
66458,0.6,1,False
26961,0.6,1,False
83585,0.6,1,True
83286,0.6,1,True
56912,0.6,1,False
52759,0.6,1,True
28948,0.6,1,True
55759,0.6,1,True
83328,0.6,1,True
47898,0.6,1,False
8626,0.6,1,True
56923,0.6,1,False
35356,0.6,1,True
92490,0.6,1,True
83540,0.6,1,True
52784,0.6,1,True
69885,0.6,1,True
36887,0.6,1,True
91264,0.6,1,True
28979,0.6,1,False
69842,0.6,1,False
68379,0.6,1,True
20893,0.6,1,True
95899,0.6,1,False
56956,0.6,1,False
84980,0.6,1,False
94563,0.6,1,False
9894,0.6,1,True
55576,0.6,1,True
83492,0.6,1,True
26235,0.6,1,True
52879,0.6,1,False
68425,0.6,1,True
46341,0.6,1,True
52734,0.6,1,True
66743,0.6,1,True
46587,0.6,1,True
76747,0.6,1,True
52496,0.6,1,False
52498,0.6,1,True
55271,0.6,1,True
29205,0.6,1,True
52526,0.6,1,True
68890,0.6,1,True
46498,0.6,1,True
76119,0.6,1,True
55795,0.6,1,False
27818,0.6,1,False
98695,0.6,1,True
98973,0.6,1,True
9802,0.6,1,True
92360,0.6,1,False
46448,0.6,1,False
22288,0.6,1,True
29446,0.6,1,True
4006,0.6,1,True
26385,0.6,1,True
91968,0.6,1,True
97672,0.6,1,True
53196,0.6,1,True
52683,0.6,1,True
77180,0.6,1,True
83648,0.6,1,True
52690,0.6,1,False
95895,0.6,1,False
47757,0.6,1,True
71966,0.6,1,False
56685,0.6,1,True
56015,0.6,1,True
36784,0.6,1,False
65970,0.6,1,False
27306,0.6,1,True
16471,0.6,1,True
47574,0.6,1,True
56114,0.6,1,True
2485,0.6,1,True
26625,0.6,1,False
27611,0.6,1,True
49901,0.6,1,True
28226,0.6,1,True
13867,0.6,1,True
16462,0.6,1,False
48947,0.6,1,True
48913,0.6,1,True
54546,0.6,1,False
51995,0.6,1,True
97716,0.6,1,False
49977,0.6,1,True
87715,0.6,1,False
16941,0.6,1,True
35909,0.6,1,False
49967,0.6,1,True
81989,0.6,1,True
2495,0.6,1,False
27304,0.6,1,True
14926,0.6,1,False
48902,0.6,1,False
2919,0.6,1,False
65892,0.6,1,False
68870,0.6,1,False
28093,0.6,1,True
87739,0.6,1,False
47556,0.6,1,False
49858,0.6,1,True
8961,0.6,1,True
29704,0.6,1,True
3763,0.6,1,False
82594,0.6,1,True
55975,0.6,1,False
29646,0.6,1,True
2606,0.6,1,True
55959,0.6,1,True
29736,0.6,1,True
68974,0.6,1,True
97142,0.6,1,True
16789,0.6,1,True
68730,0.6,1,True
7569,0.6,1,True
26753,0.6,1,True
49667,0.6,1,True
29643,0.6,1,True
65559,0.6,1,True
87940,0.6,1,False
6907,0.6,1,False
84492,0.6,1,True
46993,0.6,1,True
7616,0.6,1,False
90961,0.6,1,True
49768,0.6,1,True
27552,0.6,1,True
87844,0.6,1,False
92196,0.6,1,True
76807,0.6,1,False
82635,0.6,1,True
34888,0.6,1,True
54906,0.6,1,False
36809,0.6,1,True
26594,0.6,1,True
98758,0.6,1,True
27937,0.6,1,False
28850,0.6,1,True
77620,0.6,1,False
93673,0.6,1,True
72214,0.6,1,True
48736,0.6,1,False
55920,0.6,1,False
29964,0.6,1,False
54969,0.6,1,False
21994,0.6,1,True
23633,0.6,1,False
47678,0.6,1,False
82721,0.6,1,True
53886,0.6,1,True
27950,0.6,1,True
13837,0.6,1,True
20943,0.6,1,True
53814,0.6,1,True
53807,0.6,1,True
2699,0.6,1,True
19315,0.6,1,True
87749,0.6,1,False
2498,0.6,1,True
54981,0.6,1,False
55894,0.6,1,True
72259,0.6,1,True
99630,0.6,1,True
47741,0.6,1,True
95611,0.6,1,True
16830,0.6,1,False
53715,0.6,1,True
48630,0.6,1,True
94945,0.6,1,False
98984,0.6,1,True
46904,0.6,1,True
36665,0.6,1,True
7899,0.6,1,True
35989,0.6,1,True
50606,0.6,1,True
50507,0.6,1,False
7915,0.6,1,False
54410,0.6,1,True
8922,0.6,1,True
8203,0.6,1,True
56347,0.6,1,True
48851,0.6,1,True
16506,0.6,1,True
91909,0.6,1,True
54449,0.6,1,True
16485,0.6,1,True
66581,0.6,1,False
20987,0.6,1,True
75994,0.6,1,False
16544,0.6,1,True
7872,0.6,1,False
70706,0.6,1,True
54198,0.6,1,True
22205,0.6,1,False
84664,0.6,1,True
28817,0.6,1,False
27963,0.6,1,False
2673,0.6,1,False
94963,0.6,1,True
29921,0.6,1,True
18461,0.6,1,True
94933,0.6,1,False
2426,0.6,1,True
18205,0.6,1,True
66848,0.6,1,True
78966,0.6,1,True
96885,0.6,1,True
33159,0.6,1,True
33746,0.6,1,True
44938,0.6,1,False
10997,0.6,1,False
96886,0.6,1,True
58990,0.6,1,True
32144,0.6,1,True
37959,0.6,1,False
13254,0.6,1,True
3259,0.6,1,False
94837,0.6,1,True
97970,0.6,1,True
40949,0.6,1,True
4420,0.6,1,True
31990,0.6,1,True
57938,0.6,1,False
17390,0.6,1,True
22592,0.6,1,False
67806,0.6,1,True
78940,0.6,1,True
94223,0.6,1,True
5952,0.6,1,True
44896,0.6,1,False
38329,0.6,1,True
62777,0.6,1,False
18709,0.6,1,True
37962,0.6,1,False
85868,0.6,1,False
32275,0.6,1,True
75512,0.6,1,True
62800,0.6,1,True
4997,0.6,1,False
72654,0.6,1,True
2247,0.6,1,True
98940,0.6,1,False
89929,0.6,1,False
24101,0.6,1,True
37391,0.6,1,True
4529,0.6,1,False
72610,0.6,1,True
74166,0.6,1,True
24658,0.6,1,True
67520,0.6,1,False
25926,0.6,1,False
43812,0.6,1,True
89369,0.6,1,True
74320,0.6,1,True
33289,0.6,1,True
75237,0.6,1,True
22811,0.6,1,True
12808,0.6,1,False
57819,0.6,1,False
43790,0.6,1,False
32632,0.6,1,False
86540,0.6,1,False
10954,0.6,1,False
45047,0.6,1,True
89940,0.6,1,True
5981,0.6,1,False
19666,0.6,1,True
85326,0.6,1,False
25907,0.6,1,False
40927,0.6,1,True
24904,0.6,1,False
45225,0.6,1,True
5986,0.6,1,True
67553,0.6,1,False
86550,0.6,1,True
67993,0.6,1,False
96681,0.6,1,True
45222,0.6,1,True
22703,0.6,1,True
44875,0.6,1,False
63207,0.6,1,True
24846,0.6,1,False
62305,0.6,1,True
88995,0.6,1,True
66942,0.6,1,False
67933,0.6,1,False
62410,0.6,1,False
18902,0.6,1,True
89780,0.6,1,True
22733,0.6,1,True
13598,0.6,1,True
5916,0.6,1,False
67699,0.6,1,True
72734,0.6,1,True
99919,0.6,1,True
23989,0.6,1,True
12578,0.6,1,False
92676,0.6,1,True
32502,0.6,1,True
67794,0.6,1,True
42164,0.6,1,True
72799,0.6,1,True
12217,0.6,1,True
67943,0.6,1,False
58858,0.6,1,True
33789,0.6,1,True
64881,0.6,1,False
42354,0.6,1,True
19946,0.6,1,False
94768,0.6,1,False
96826,0.6,1,False
13564,0.6,1,True
79416,0.6,1,True
75826,0.6,1,False
12044,0.6,1,True
61986,0.6,1,True
61958,0.6,1,True
25483,0.6,1,True
58604,0.6,1,True
4969,0.6,1,False
62658,0.6,1,True
62665,0.6,1,True
42547,0.6,1,True
64870,0.6,1,False
32382,0.6,1,True
67667,0.6,1,False
37545,0.6,1,False
19869,0.6,1,True
97938,0.6,1,False
44841,0.6,1,False
67783,0.6,1,False
93259,0.6,1,False
58009,0.6,1,True
67647,0.6,1,True
73713,0.6,1,True
94172,0.6,1,True
62644,0.6,1,True
62636,0.6,1,True
74401,0.6,1,True
67775,0.6,1,False
75311,0.6,1,True
23794,0.6,1,True
98931,0.6,1,True
58556,0.6,1,True
72824,0.6,1,True
25716,0.6,1,False
62630,0.6,1,True
42524,0.6,1,True
37570,0.6,1,False
62597,0.6,1,True
58475,0.6,1,True
62607,0.6,1,True
67962,0.6,1,True
67464,0.6,1,True
12771,0.6,1,True
33335,0.6,1,False
37848,0.6,1,False
17722,0.6,1,False
57433,0.6,1,True
19757,0.6,1,True
85993,0.6,1,False
36987,0.6,1,True
93921,0.6,1,False
59785,0.6,1,True
23729,0.6,1,False
33554,0.6,1,True
59960,0.6,1,True
93317,0.6,1,True
68300,0.6,1,True
79907,0.6,1,True
33593,0.6,1,False
43052,0.6,1,True
85082,0.6,1,True
45845,0.6,1,True
59703,0.6,1,True
17751,0.6,1,False
17941,0.6,1,True
33510,0.6,1,True
63512,0.6,1,True
39794,0.6,1,True
57525,0.6,1,False
15790,0.6,1,False
45822,0.6,1,True
3486,0.6,1,True
12479,0.6,1,True
45824,0.6,1,True
77944,0.6,1,False
63526,0.6,1,True
39694,0.6,1,True
42975,0.6,1,True
33603,0.6,1,True
78140,0.6,1,True
79936,0.6,1,True
39357,0.6,1,True
999,0.6,1,True
59905,0.6,1,True
85975,0.6,1,False
75635,0.6,1,True
73180,0.6,1,True
85972,0.6,1,False
93575,0.6,1,False
99884,0.6,1,True
17893,0.6,1,False
3545,0.6,1,True
16979,0.6,1,True
97759,0.6,1,False
43344,0.6,1,True
43398,0.6,1,True
79874,0.6,1,True
77960,0.6,1,False
74536,0.6,1,True
34385,0.6,1,False
32759,0.6,1,False
24980,0.6,1,True
38888,0.6,1,True
94917,0.6,1,True
14960,0.6,1,False
5500,0.6,1,True
57211,0.6,1,True
74534,0.6,1,True
38983,0.6,1,True
39068,0.6,1,True
17883,0.6,1,True
45948,0.6,1,True
24414,0.6,1,True
5582,0.6,1,True
86994,0.6,1,True
96575,0.6,1,False
42965,0.6,1,True
96823,0.6,1,False
95086,0.6,1,True
13731,0.6,1,True
25265,0.6,1,True
67425,0.6,1,True
85220,0.6,1,True
80995,0.6,1,True
14966,0.6,1,False
99896,0.6,1,False
39861,0.6,1,False
24934,0.6,1,False
43756,0.6,1,True
72952,0.6,1,True
39969,0.6,1,False
80986,0.6,1,True
88765,0.6,1,True
33365,0.6,1,True
38811,0.6,1,True
43708,0.6,1,True
38792,0.6,1,True
19983,0.6,1,True
22829,0.6,1,True
17705,0.6,1,False
6182,0.6,1,True
96596,0.6,1,True
79954,0.6,1,False
66852,0.6,1,True
17919,0.6,1,False
66966,0.6,1,False
15580,0.6,1,False
57755,0.6,1,False
19627,0.6,1,True
99819,0.6,1,True
10107,0.6,1,True
92937,0.6,1,True
79942,0.6,1,True
60932,0.6,1,True
75716,0.6,1,False
89451,0.59,1,True
86303,0.59,1,False
26139,0.59,1,True
43331,0.59,1,True
92702,0.59,1,True
32887,0.59,1,True
12468,0.59,1,True
35971,0.59,1,False
34851,0.59,1,True
1995,0.59,1,False
97592,0.59,1,True
22707,0.59,1,True
49915,0.59,1,False
5167,0.59,1,True
99895,0.59,1,True
16396,0.59,1,False
28292,0.59,1,True
17732,0.59,1,True
67756,0.59,1,True
79499,0.59,1,True
64374,0.59,1,True
97931,0.59,1,True
77852,0.59,1,False
73564,0.59,1,True
60990,0.59,1,True
32893,0.59,1,True
76968,0.59,1,False
75539,0.59,1,True
35934,0.59,1,False
67852,0.59,1,False
16294,0.59,1,True
86505,0.59,1,True
79711,0.59,1,True
54597,0.59,1,False
43275,0.59,1,True
54978,0.59,1,False
95921,0.59,1,False
97567,0.59,1,True
35954,0.59,1,False
48849,0.59,1,True
79850,0.59,1,True
79757,0.59,1,True
17802,0.59,1,False
32863,0.59,1,True
49340,0.59,1,True
98483,0.59,1,True
23943,0.59,1,True
61360,0.59,1,True
49619,0.59,1,True
79842,0.59,1,True
18864,0.59,1,True
14136,0.59,1,True
61361,0.59,1,True
86567,0.59,1,True
95922,0.59,1,False
54760,0.59,1,True
97456,0.59,1,False
92717,0.59,1,False
4999,0.59,1,True
60080,0.59,1,True
89268,0.59,1,True
42648,0.59,1,False
86571,0.59,1,True
24900,0.59,1,True
92737,0.59,1,False
27463,0.59,1,True
37904,0.59,1,False
49788,0.59,1,True
42901,0.59,1,True
33830,0.59,1,True
42526,0.59,1,True
59962,0.59,1,True
95924,0.59,1,False
42533,0.59,1,True
35996,0.59,1,True
17759,0.59,1,True
79800,0.59,1,True
13357,0.59,1,True
54963,0.59,1,False
93222,0.59,1,True
93210,0.59,1,True
34865,0.59,1,False
86250,0.59,1,True
82611,0.59,1,True
23170,0.59,1,False
64495,0.59,1,True
87424,0.59,1,True
3265,0.59,1,True
61170,0.59,1,True
95463,0.59,1,True
73375,0.59,1,True
92491,0.59,1,True
23198,0.59,1,True
66935,0.59,1,False
78476,0.59,1,True
97955,0.59,1,False
22892,0.59,1,False
27808,0.59,1,False
39862,0.59,1,True
83143,0.59,1,False
75195,0.59,1,True
39830,0.59,1,False
73845,0.59,1,True
83718,0.59,1,True
53396,0.59,1,False
2723,0.59,1,False
52567,0.59,1,True
33508,0.59,1,True
16676,0.59,1,False
52598,0.59,1,False
39784,0.59,1,False
73860,0.59,1,True
3430,0.59,1,False
39936,0.59,1,True
27878,0.59,1,False
52455,0.59,1,True
88825,0.59,1,True
3418,0.59,1,True
23294,0.59,1,True
69622,0.59,1,True
23289,0.59,1,False
40057,0.59,1,True
52271,0.59,1,True
66389,0.59,1,False
16589,0.59,1,False
12826,0.59,1,True
63371,0.59,1,True
34999,0.59,1,False
52331,0.59,1,True
23265,0.59,1,True
63308,0.59,1,True
66441,0.59,1,True
53531,0.59,1,True
24199,0.59,1,True
78613,0.59,1,True
39747,0.59,1,True
63533,0.59,1,False
83677,0.59,1,True
14673,0.59,1,True
63674,0.59,1,True
76965,0.59,1,True
24272,0.59,1,True
12925,0.59,1,True
38895,0.59,1,True
14669,0.59,1,True
83425,0.59,1,True
19776,0.59,1,True
63769,0.59,1,True
77995,0.59,1,False
88637,0.59,1,True
83508,0.59,1,True
83460,0.59,1,True
92959,0.59,1,True
52863,0.59,1,True
63793,0.59,1,True
83476,0.59,1,True
63802,0.59,1,True
91976,0.59,1,False
52984,0.59,1,True
69764,0.59,1,False
69786,0.59,1,False
35621,0.59,1,True
63549,0.59,1,True
35620,0.59,1,True
74925,0.59,1,True
83651,0.59,1,True
3481,0.59,1,False
88584,0.59,1,True
39564,0.59,1,True
77951,0.59,1,True
39300,0.59,1,False
53143,0.59,1,True
52715,0.59,1,False
83607,0.59,1,True
27837,0.59,1,False
14745,0.59,1,True
39454,0.59,1,True
53072,0.59,1,True
3449,0.59,1,False
83800,0.59,1,False
15038,0.59,1,True
69600,0.59,1,True
7756,0.59,1,True
38254,0.59,1,True
92867,0.59,1,True
91988,0.59,1,False
27705,0.59,1,True
62563,0.59,1,True
4949,0.59,1,True
41842,0.59,1,True
64199,0.59,1,True
22742,0.59,1,True
62506,0.59,1,True
16718,0.59,1,True
62713,0.59,1,True
22753,0.59,1,False
62725,0.59,1,True
73712,0.59,1,True
41511,0.59,1,True
50983,0.59,1,True
88491,0.59,1,True
62536,0.59,1,False
88984,0.59,1,True
82698,0.59,1,True
62057,0.59,1,True
42277,0.59,1,True
33788,0.59,1,True
49934,0.59,1,True
95448,0.59,1,True
75406,0.59,1,True
49944,0.59,1,True
34939,0.59,1,True
62051,0.59,1,True
79407,0.59,1,True
7729,0.59,1,True
12599,0.59,1,False
7696,0.59,1,True
67718,0.59,1,False
21685,0.59,1,True
3631,0.59,1,True
99478,0.59,1,True
38210,0.59,1,True
3738,0.59,1,False
35854,0.59,1,False
17967,0.59,1,False
53700,0.59,1,True
73762,0.59,1,False
62892,0.59,1,False
53804,0.59,1,False
16698,0.59,1,True
82798,0.59,1,False
53775,0.59,1,True
22789,0.59,1,False
86860,0.59,1,False
53741,0.59,1,True
38646,0.59,1,True
34983,0.59,1,False
17976,0.59,1,False
77888,0.59,1,False
12766,0.59,1,True
51993,0.59,1,True
53714,0.59,1,True
27920,0.59,1,False
91940,0.59,1,True
88502,0.59,1,True
7807,0.59,1,False
70324,0.59,1,True
66210,0.59,1,True
51574,0.59,1,True
51224,0.59,1,True
78926,0.59,1,False
34970,0.59,1,True
16565,0.59,1,True
62799,0.59,1,False
95908,0.59,1,False
76688,0.59,1,False
82727,0.59,1,True
53856,0.59,1,False
62874,0.59,1,True
64014,0.59,1,True
40990,0.59,1,False
77880,0.59,1,False
4936,0.59,1,False
40976,0.59,1,True
73743,0.59,1,False
82779,0.59,1,True
7810,0.59,1,True
23903,0.59,1,True
33677,0.59,1,True
36625,0.59,1,True
92402,0.59,1,True
37645,0.59,1,False
31736,0.59,1,True
46706,0.59,1,True
57698,0.59,1,False
47575,0.59,1,True
17547,0.59,1,True
68544,0.59,1,True
77735,0.59,1,True
17593,0.59,1,True
55934,0.59,1,True
12124,0.59,1,True
44334,0.59,1,True
25608,0.59,1,True
32555,0.59,1,False
93786,0.59,1,True
3575,0.59,1,False
84943,0.59,1,False
93781,0.59,1,False
46723,0.59,1,False
97812,0.59,1,False
15313,0.59,1,True
94360,0.59,1,True
85705,0.59,1,False
55957,0.59,1,False
71962,0.59,1,False
20984,0.59,1,True
44647,0.59,1,False
47513,0.59,1,True
5926,0.59,1,False
25688,0.59,1,False
33968,0.59,1,True
97205,0.59,1,True
11991,0.59,1,True
22494,0.59,1,True
97246,0.59,1,True
47693,0.59,1,False
46559,0.59,1,True
43948,0.59,1,False
98304,0.59,1,True
82384,0.59,1,True
36995,0.59,1,True
58943,0.59,1,True
57549,0.59,1,True
85825,0.59,1,False
57533,0.59,1,True
15997,0.59,1,True
64863,0.59,1,True
36994,0.59,1,True
71821,0.59,1,True
92467,0.59,1,True
87762,0.59,1,True
4565,0.59,1,True
68269,0.59,1,True
25474,0.59,1,True
57574,0.59,1,True
84954,0.59,1,False
72814,0.59,1,False
89689,0.59,1,True
58880,0.59,1,True
76789,0.59,1,True
12291,0.59,1,False
22314,0.59,1,True
67937,0.59,1,False
46676,0.59,1,True
56802,0.59,1,True
37126,0.59,1,True
95948,0.59,1,False
87639,0.59,1,True
6256,0.59,1,True
15293,0.59,1,True
57643,0.59,1,True
94875,0.59,1,False
71975,0.59,1,True
25726,0.59,1,True
55967,0.59,1,False
87726,0.59,1,True
72077,0.59,1,False
9481,0.59,1,True
94997,0.59,1,False
22519,0.59,1,True
13866,0.59,1,False
84921,0.59,1,False
64947,0.59,1,True
9389,0.59,1,True
72602,0.59,1,False
57954,0.59,1,False
72594,0.59,1,True
26654,0.59,1,True
92573,0.59,1,False
92630,0.59,1,True
5995,0.59,1,True
98087,0.59,1,True
32138,0.59,1,True
32394,0.59,1,False
66861,0.59,1,False
26572,0.59,1,False
92592,0.59,1,True
46862,0.59,1,False
77618,0.59,1,False
10977,0.59,1,True
72612,0.59,1,False
25897,0.59,1,False
56328,0.59,1,False
15948,0.59,1,True
96900,0.59,1,True
29873,0.59,1,True
36815,0.59,1,False
57925,0.59,1,True
89913,0.59,1,True
65428,0.59,1,True
15960,0.59,1,True
37474,0.59,1,True
89869,0.59,1,False
26690,0.59,1,False
80981,0.59,1,True
9097,0.59,1,True
85292,0.59,1,True
58202,0.59,1,True
95049,0.59,1,True
80982,0.59,1,True
56653,0.59,1,True
85640,0.59,1,True
29984,0.59,1,True
47150,0.59,1,True
80985,0.59,1,True
33970,0.59,1,True
58276,0.59,1,True
5944,0.59,1,False
32393,0.59,1,True
6908,0.59,1,False
57775,0.59,1,False
3573,0.59,1,False
9241,0.59,1,True
46820,0.59,1,False
95957,0.59,1,False
25857,0.59,1,True
15973,0.59,1,False
25821,0.59,1,True
95780,0.59,1,True
22593,0.59,1,False
37501,0.59,1,True
25935,0.59,1,False
75978,0.59,1,True
2977,0.59,1,False
84927,0.59,1,True
46992,0.59,1,True
57786,0.59,1,True
66750,0.59,1,False
37361,0.59,1,True
47832,0.59,1,False
13788,0.59,1,False
98385,0.59,1,True
6461,0.59,1,False
9962,0.59,1,False
94087,0.59,1,True
97892,0.59,1,True
47974,0.59,1,True
25982,0.59,1,False
46284,0.59,1,True
6429,0.59,1,True
57204,0.59,1,True
81511,0.59,1,True
64793,0.59,1,False
19350,0.59,1,False
93736,0.59,1,False
13530,0.59,1,True
36926,0.59,1,False
64800,0.59,1,True
45922,0.59,1,True
9963,0.59,1,False
2556,0.59,1,True
99818,0.59,1,False
57396,0.59,1,True
45898,0.59,1,False
25977,0.59,1,False
72951,0.59,1,True
26364,0.59,1,True
16883,0.59,1,True
22264,0.59,1,True
47950,0.59,1,True
43743,0.59,1,False
26945,0.59,1,True
15905,0.59,1,True
81369,0.59,1,True
1192,0.59,1,True
18607,0.59,1,True
22669,0.59,1,True
26968,0.59,1,True
46222,0.59,1,True
72999,0.59,1,True
25013,0.59,1,True
23693,0.59,1,True
45992,0.59,1,False
43453,0.59,1,True
64750,0.59,1,False
26984,0.59,1,False
18774,0.59,1,False
55060,0.59,1,True
32720,0.59,1,True
54999,0.59,1,False
23884,0.59,1,True
24998,0.59,1,True
43413,0.59,1,True
95872,0.59,1,True
16837,0.59,1,False
87816,0.59,1,False
95975,0.59,1,False
4131,0.59,1,True
16850,0.59,1,False
36368,0.59,1,True
45951,0.59,1,False
90259,0.59,1,True
82484,0.59,1,True
75943,0.59,1,True
96974,0.59,1,False
85935,0.59,1,False
76995,0.59,1,True
16265,0.59,1,True
32689,0.59,1,False
96973,0.59,1,True
43553,0.59,1,False
22677,0.59,1,True
65760,0.59,1,False
93639,0.59,1,False
16965,0.59,1,False
74959,0.59,1,True
82444,0.59,1,True
66742,0.59,1,False
31064,0.59,1,True
72515,0.59,1,True
17688,0.59,1,True
66741,0.59,1,True
46442,0.59,1,False
23575,0.59,1,True
77776,0.59,1,False
57424,0.59,1,False
43863,0.59,1,False
97889,0.59,1,True
3930,0.59,1,True
25966,0.59,1,True
95972,0.59,1,False
98005,0.59,1,True
89999,0.59,1,True
5847,0.59,1,False
76888,0.59,1,False
79985,0.59,1,True
96801,0.59,1,False
31245,0.59,1,True
47879,0.59,1,False
34262,0.59,1,True
58955,0.59,1,True
4081,0.59,1,True
72930,0.59,1,False
6979,0.59,1,True
68859,0.59,1,True
45863,0.59,1,False
43809,0.59,1,False
68272,0.59,1,True
74783,0.59,1,True
18373,0.59,1,True
75962,0.59,1,False
14965,0.59,1,False
64837,0.59,1,True
20313,0.59,1,True
47842,0.59,1,False
8814,0.59,1,True
87967,0.59,1,False
79965,0.59,1,True
62972,0.58,1,True
25967,0.58,1,False
92541,0.58,1,True
57449,0.58,1,True
97788,0.58,1,True
64949,0.58,1,False
62990,0.58,1,False
94301,0.58,1,False
2958,0.58,1,True
6549,0.58,1,True
76850,0.58,1,False
62969,0.58,1,True
25952,0.58,1,False
78255,0.58,1,True
3392,0.58,1,True
68378,0.58,1,True
56533,0.58,1,True
93586,0.58,1,False
56540,0.58,1,True
69865,0.58,1,True
83466,0.58,1,False
56565,0.58,1,True
6743,0.58,1,True
23671,0.58,1,False
26419,0.58,1,False
17851,0.58,1,False
56820,0.58,1,False
6612,0.58,1,True
62935,0.58,1,True
76985,0.58,1,False
63762,0.58,1,False
66850,0.58,1,False
69597,0.58,1,True
23640,0.58,1,False
6659,0.58,1,True
92933,0.58,1,True
22819,0.58,1,False
26536,0.58,1,True
53453,0.58,1,True
93512,0.58,1,False
80994,0.58,1,True
63441,0.58,1,True
56687,0.58,1,True
56779,0.58,1,True
57739,0.58,1,False
53148,0.58,1,True
93549,0.58,1,False
63319,0.58,1,True
69678,0.58,1,True
69684,0.58,1,False
78626,0.58,1,False
56768,0.58,1,False
53472,0.58,1,False
77931,0.58,1,False
56710,0.58,1,True
76853,0.58,1,False
77219,0.58,1,True
56731,0.58,1,False
56743,0.58,1,False
68191,0.58,1,True
4918,0.58,1,False
63272,0.58,1,True
66535,0.58,1,True
82865,0.58,1,True
6836,0.58,1,True
27796,0.58,1,False
17850,0.58,1,False
78711,0.58,1,False
56992,0.58,1,True
66996,0.58,1,False
98889,0.58,1,False
56996,0.58,1,True
83418,0.58,1,False
6737,0.58,1,True
78241,0.58,1,True
16650,0.58,1,True
53678,0.58,1,True
26565,0.58,1,False
63187,0.58,1,True
77701,0.58,1,True
93553,0.58,1,False
68459,0.58,1,True
63455,0.58,1,True
22838,0.58,1,False
83097,0.58,1,True
22517,0.58,1,True
83094,0.58,1,True
76842,0.58,1,False
3858,0.58,1,True
78967,0.58,1,False
17972,0.58,1,True
65645,0.58,1,True
58981,0.58,1,True
94434,0.58,1,True
54814,0.58,1,True
3777,0.58,1,True
93989,0.58,1,True
77780,0.58,1,True
59010,0.58,1,True
26886,0.58,1,False
55738,0.58,1,False
26890,0.58,1,False
97870,0.58,1,False
66737,0.58,1,True
98373,0.58,1,True
17934,0.58,1,False
23929,0.58,1,True
7510,0.58,1,True
54867,0.58,1,True
94095,0.58,1,True
23439,0.58,1,True
76764,0.58,1,False
22949,0.58,1,False
58973,0.58,1,False
60967,0.58,1,True
68825,0.58,1,True
3760,0.58,1,False
67765,0.58,1,False
52885,0.58,1,True
16910,0.58,1,False
26849,0.58,1,False
79998,0.58,1,True
95385,0.58,1,True
82629,0.58,1,True
93660,0.58,1,False
58946,0.58,1,False
61490,0.58,1,True
82420,0.58,1,False
2889,0.58,1,True
23944,0.58,1,False
4988,0.58,1,False
92678,0.58,1,False
54741,0.58,1,True
61593,0.58,1,True
92366,0.58,1,True
66872,0.58,1,False
60986,0.58,1,True
3206,0.58,1,False
56441,0.58,1,False
25045,0.58,1,True
24966,0.58,1,False
64791,0.58,1,False
3150,0.58,1,True
55309,0.58,1,True
59765,0.58,1,False
59968,0.58,1,True
7366,0.58,1,True
59780,0.58,1,True
5453,0.58,1,True
98439,0.58,1,True
7440,0.58,1,False
22673,0.58,1,False
97912,0.58,1,False
82503,0.58,1,False
54974,0.58,1,False
24985,0.58,1,False
59903,0.58,1,False
59890,0.58,1,True
68917,0.58,1,True
79881,0.58,1,True
92713,0.58,1,False
67880,0.58,1,False
93359,0.58,1,True
92724,0.58,1,True
59318,0.58,1,True
79957,0.58,1,True
92759,0.58,1,True
5285,0.58,1,True
92218,0.58,1,False
82550,0.58,1,False
79949,0.58,1,False
66881,0.58,1,False
24946,0.58,1,False
92318,0.58,1,True
3839,0.58,1,True
25239,0.58,1,True
3170,0.58,1,True
65881,0.58,1,False
54926,0.58,1,True
25201,0.58,1,True
3832,0.58,1,True
77545,0.58,1,True
17717,0.58,1,True
7458,0.58,1,True
24858,0.58,1,True
22313,0.58,1,True
82316,0.58,1,True
62761,0.58,1,False
53881,0.58,1,True
16926,0.58,1,False
67610,0.58,1,False
98090,0.58,1,True
55992,0.58,1,True
82709,0.58,1,True
22763,0.58,1,True
67631,0.58,1,True
53931,0.58,1,False
62757,0.58,1,False
53868,0.58,1,False
53947,0.58,1,True
16704,0.58,1,False
23366,0.58,1,True
93459,0.58,1,True
66572,0.58,1,True
25781,0.58,1,False
62733,0.58,1,True
82662,0.58,1,True
65999,0.58,1,True
62810,0.58,1,False
56035,0.58,1,True
65960,0.58,1,False
66951,0.58,1,False
62909,0.58,1,True
93486,0.58,1,True
57906,0.58,1,True
3683,0.58,1,True
5975,0.58,1,False
21991,0.58,1,True
66257,0.58,1,True
81987,0.58,1,False
77881,0.58,1,False
92613,0.58,1,False
3704,0.58,1,False
78896,0.58,1,True
78908,0.58,1,False
94272,0.58,1,True
6892,0.58,1,False
69448,0.58,1,True
23339,0.58,1,True
62813,0.58,1,False
56216,0.58,1,False
17387,0.58,1,False
23511,0.58,1,True
3713,0.58,1,False
27722,0.58,1,True
77750,0.58,1,True
23980,0.58,1,True
2803,0.58,1,False
67725,0.58,1,False
62319,0.58,1,True
3319,0.58,1,True
92396,0.58,1,False
23817,0.58,1,True
79342,0.58,1,True
5905,0.58,1,False
24854,0.58,1,True
58219,0.58,1,True
64330,0.58,1,True
55932,0.58,1,True
3290,0.58,1,True
17599,0.58,1,True
79492,0.58,1,True
61992,0.58,1,False
3950,0.58,1,False
68987,0.58,1,True
26827,0.58,1,False
92976,0.58,1,False
58777,0.58,1,True
58761,0.58,1,True
62426,0.58,1,True
24758,0.58,1,True
69252,0.58,1,True
2902,0.58,1,False
64916,0.58,1,False
58236,0.58,1,True
55972,0.58,1,False
77297,0.58,1,False
5939,0.58,1,False
67683,0.58,1,False
7744,0.58,1,True
78987,0.58,1,True
22610,0.58,1,True
68735,0.58,1,True
58569,0.58,1,True
5929,0.58,1,False
65988,0.58,1,False
62504,0.58,1,True
67695,0.58,1,False
93726,0.58,1,True
16832,0.58,1,True
2663,0.58,1,False
83471,0.58,1,True
94863,0.58,1,False
48989,0.58,1,True
33997,0.58,1,True
85025,0.58,1,True
72510,0.58,1,False
95997,0.58,1,True
88949,0.58,1,False
12648,0.58,1,False
32966,0.58,1,True
99712,0.58,1,True
49536,0.58,1,True
95984,0.58,1,False
72539,0.58,1,False
28395,0.58,1,True
28391,0.58,1,True
99539,0.58,1,True
31581,0.58,1,True
70974,0.58,1,False
36974,0.58,1,True
36967,0.58,1,False
28347,0.58,1,True
45681,0.58,1,True
36950,0.58,1,True
91843,0.58,1,True
48980,0.58,1,True
45899,0.58,1,True
10487,0.58,1,True
37554,0.58,1,False
91458,0.58,1,True
84676,0.58,1,True
13483,0.58,1,False
72417,0.58,1,True
1764,0.58,1,True
33955,0.58,1,True
37807,0.58,1,True
45980,0.58,1,False
37801,0.58,1,True
48832,0.58,1,True
33963,0.58,1,False
87533,0.58,1,False
15847,0.58,1,True
75938,0.58,1,False
13572,0.58,1,True
72466,0.58,1,True
37693,0.58,1,True
37691,0.58,1,False
30984,0.58,1,True
28702,0.58,1,True
86819,0.58,1,False
18602,0.58,1,True
37600,0.58,1,False
41981,0.58,1,True
34543,0.58,1,False
14914,0.58,1,False
72630,0.58,1,True
14919,0.58,1,False
50913,0.58,1,False
1985,0.58,1,True
85339,0.58,1,False
27968,0.58,1,False
44979,0.58,1,True
42505,0.58,1,True
86657,0.58,1,True
42554,0.58,1,True
31993,0.58,1,False
1990,0.58,1,False
27962,0.58,1,True
36584,0.58,1,False
19212,0.58,1,True
13935,0.58,1,True
89896,0.58,1,False
32220,0.58,1,True
85538,0.58,1,True
34759,0.58,1,False
2346,0.58,1,True
32266,0.58,1,True
89284,0.58,1,True
42655,0.58,1,True
83982,0.58,1,True
31984,0.58,1,False
998,0.58,1,True
36750,0.58,1,False
41984,0.58,1,True
76352,0.58,1,False
41995,0.58,1,True
84221,0.58,1,True
73648,0.58,1,False
2630,0.58,1,True
36863,0.58,1,True
49968,0.58,1,True
73639,0.58,1,False
73634,0.58,1,False
49984,0.58,1,True
49992,0.58,1,True
19262,0.58,1,True
50420,0.58,1,True
13852,0.58,1,False
88997,0.58,1,True
21692,0.58,1,True
45210,0.58,1,True
42357,0.58,1,True
42368,0.58,1,True
84047,0.58,1,True
32891,0.58,1,True
16536,0.58,1,True
48673,0.58,1,True
14982,0.58,1,False
33249,0.58,1,False
84811,0.58,1,False
20961,0.58,1,False
96994,0.58,1,True
18496,0.58,1,True
90995,0.58,1,True
15945,0.58,1,True
84911,0.58,1,False
74994,0.58,1,True
73825,0.58,1,True
84915,0.58,1,False
47810,0.58,1,False
18967,0.58,1,True
29943,0.58,1,True
12863,0.58,1,False
9456,0.58,1,True
39917,0.58,1,True
38821,0.58,1,True
33718,0.58,1,False
72181,0.58,1,True
33446,0.58,1,True
47867,0.58,1,False
99591,0.58,1,False
13114,0.58,1,True
73809,0.58,1,True
39750,0.58,1,True
99692,0.58,1,True
13443,0.58,1,True
99691,0.58,1,True
47342,0.58,1,True
29676,0.58,1,True
47482,0.58,1,False
47551,0.58,1,True
97213,0.58,1,True
8976,0.58,1,True
47257,0.58,1,False
39096,0.58,1,True
73875,0.58,1,True
46995,0.58,1,True
8912,0.58,1,True
90992,0.58,1,True
47686,0.58,1,False
20962,0.58,1,True
47702,0.58,1,False
38941,0.58,1,True
47715,0.58,1,True
38912,0.58,1,True
8880,0.58,1,True
38907,0.58,1,True
18398,0.58,1,True
47744,0.58,1,True
2505,0.58,1,False
38728,0.58,1,True
8809,0.58,1,False
75976,0.58,1,False
16060,0.58,1,True
33812,0.58,1,False
99573,0.58,1,True
46521,0.58,1,False
90484,0.58,1,False
86894,0.58,1,True
74155,0.58,1,True
19828,0.58,1,False
84971,0.58,1,False
87394,0.58,1,False
30772,0.58,1,True
33284,0.58,1,True
13419,0.58,1,True
28880,0.58,1,True
15904,0.58,1,False
37907,0.58,1,True
90423,0.58,1,True
48484,0.58,1,True
75958,0.58,1,True
13440,0.58,1,True
37888,0.58,1,True
88872,0.58,1,False
91419,0.58,1,True
1774,0.58,1,False
33293,0.58,1,True
18512,0.58,1,True
46599,0.58,1,False
38318,0.58,1,False
39971,0.58,1,True
72261,0.58,1,False
29994,0.58,1,True
71562,0.58,1,True
95618,0.58,1,True
74985,0.58,1,False
8749,0.58,1,True
87234,0.58,1,False
47948,0.58,1,False
38451,0.58,1,True
97366,0.58,1,True
72313,0.58,1,True
96367,0.58,1,False
30226,0.58,1,True
87333,0.58,1,True
75213,0.58,1,True
12820,0.58,1,False
96293,0.58,1,True
46674,0.58,1,True
40185,0.58,1,True
75968,0.58,1,False
46617,0.58,1,False
16558,0.58,1,True
47394,0.58,1,True
34919,0.58,1,False
69906,0.58,1,True
34980,0.58,1,False
89692,0.58,1,True
35831,0.58,1,True
52175,0.58,1,True
73113,0.58,1,True
43371,0.58,1,False
52182,0.58,1,True
34975,0.58,1,False
32731,0.58,1,True
52679,0.58,1,False
11967,0.58,1,True
96834,0.58,1,True
34969,0.58,1,True
72896,0.58,1,True
42904,0.58,1,True
27849,0.58,1,False
2240,0.58,1,True
43846,0.58,1,True
52659,0.58,1,True
7794,0.58,1,False
43595,0.58,1,True
74952,0.58,1,False
72915,0.58,1,False
76582,0.58,1,False
99981,0.58,1,True
35980,0.58,1,False
27922,0.58,1,False
12422,0.58,1,True
11947,0.58,1,True
34885,0.58,1,False
42848,0.58,1,False
86326,0.58,1,True
34886,0.58,1,False
2735,0.58,1,False
32404,0.58,1,True
74911,0.58,1,False
35963,0.58,1,False
43350,0.58,1,True
11943,0.58,1,True
43997,0.58,1,True
52401,0.58,1,True
74956,0.58,1,False
85781,0.58,1,False
74941,0.58,1,False
14277,0.58,1,True
95912,0.58,1,False
35911,0.58,1,False
87857,0.58,1,True
34941,0.58,1,False
74895,0.58,1,False
72785,0.58,1,False
44263,0.58,1,True
96780,0.58,1,False
76548,0.58,1,True
44194,0.58,1,True
85995,0.58,1,False
2720,0.58,1,False
16628,0.58,1,True
52876,0.58,1,True
44517,0.58,1,True
95910,0.58,1,True
73365,0.58,1,False
69921,0.58,1,True
43907,0.58,1,True
96771,0.58,1,False
32758,0.58,1,True
73355,0.58,1,False
52327,0.58,1,True
7790,0.58,1,False
52623,0.58,1,True
35896,0.58,1,True
43188,0.58,1,True
89721,0.58,1,True
52373,0.58,1,True
43173,0.58,1,True
73236,0.58,1,False
44792,0.58,1,True
34978,0.58,1,False
35985,0.58,1,True
99193,0.58,1,True
83529,0.58,1,True
32378,0.58,1,False
74859,0.58,1,False
70148,0.58,1,True
43741,0.58,1,True
13975,0.58,1,True
32678,0.58,1,True
87821,0.58,1,True
34833,0.58,1,False
51906,0.58,1,True
87808,0.58,1,True
75883,0.58,1,False
74921,0.58,1,False
36298,0.58,1,True
14653,0.58,1,False
74846,0.58,1,False
35294,0.58,1,False
83913,0.58,1,True
36335,0.58,1,True
99380,0.58,1,True
43664,0.58,1,False
32338,0.58,1,True
19962,0.58,1,True
13965,0.58,1,True
89851,0.58,1,False
32354,0.58,1,True
35093,0.58,1,True
43772,0.58,1,False
12524,0.58,1,False
52802,0.58,1,True
74916,0.58,1,False
14598,0.58,1,True
12379,0.57,1,False
43570,0.57,1,True
85927,0.57,1,True
85914,0.57,1,False
46602,0.57,1,False
33456,0.57,1,False
56833,0.57,1,False
26479,0.57,1,True
18885,0.57,1,False
46596,0.57,1,True
43135,0.57,1,True
88696,0.57,1,True
90953,0.57,1,True
40249,0.57,1,True
68493,0.57,1,True
76964,0.57,1,True
9745,0.57,1,True
46903,0.57,1,False
92418,0.57,1,True
24986,0.57,1,False
9112,0.57,1,True
9672,0.57,1,True
24987,0.57,1,False
67465,0.57,1,False
2412,0.57,1,True
88747,0.57,1,False
78652,0.57,1,True
6880,0.57,1,True
2198,0.57,1,True
5581,0.57,1,True
59945,0.57,1,True
67884,0.57,1,False
26421,0.57,1,True
16917,0.57,1,False
40936,0.57,1,True
62907,0.57,1,True
85920,0.57,1,True
26324,0.57,1,True
63666,0.57,1,True
73304,0.57,1,True
80180,0.57,1,True
92947,0.57,1,True
59219,0.57,1,True
16967,0.57,1,True
8973,0.57,1,True
84910,0.57,1,False
68456,0.57,1,True
12384,0.57,1,True
26375,0.57,1,True
24978,0.57,1,False
77994,0.57,1,True
63650,0.57,1,True
43100,0.57,1,True
26738,0.57,1,False
15909,0.57,1,True
96660,0.57,1,False
12793,0.57,1,False
43974,0.57,1,True
85925,0.57,1,False
43973,0.57,1,False
78749,0.57,1,True
26735,0.57,1,True
78730,0.57,1,True
59906,0.57,1,False
63495,0.57,1,False
98957,0.57,1,True
72839,0.57,1,True
43626,0.57,1,True
46867,0.57,1,False
73870,0.57,1,True
43529,0.57,1,True
39658,0.57,1,True
46804,0.57,1,False
96603,0.57,1,False
39952,0.57,1,True
29989,0.57,1,False
56633,0.57,1,True
9269,0.57,1,True
32631,0.57,1,False
46787,0.57,1,False
72258,0.57,1,True
73806,0.57,1,False
67893,0.57,1,False
96598,0.57,1,True
43518,0.57,1,False
63578,0.57,1,False
71988,0.57,1,True
22652,0.57,1,True
29960,0.57,1,True
39552,0.57,1,True
68640,0.57,1,True
22344,0.57,1,True
56552,0.57,1,True
12861,0.57,1,False
84888,0.57,1,False
96800,0.57,1,True
96796,0.57,1,True
18773,0.57,1,True
26631,0.57,1,True
39875,0.57,1,True
46767,0.57,1,False
59822,0.57,1,False
43535,0.57,1,False
9391,0.57,1,True
55991,0.57,1,False
56732,0.57,1,False
79917,0.57,1,False
63269,0.57,1,False
84937,0.57,1,False
6795,0.57,1,False
96619,0.57,1,True
26697,0.57,1,False
12393,0.57,1,True
76822,0.57,1,True
75974,0.57,1,False
33604,0.57,1,True
63262,0.57,1,False
24541,0.57,1,False
59883,0.57,1,True
32740,0.57,1,True
29997,0.57,1,False
15968,0.57,1,False
26520,0.57,1,True
16951,0.57,1,True
17856,0.57,1,False
46735,0.57,1,False
25318,0.57,1,True
3419,0.57,1,True
78636,0.57,1,True
73871,0.57,1,False
43726,0.57,1,True
73802,0.57,1,False
24605,0.57,1,True
89519,0.57,1,True
12275,0.57,1,False
32320,0.57,1,True
19985,0.57,1,True
62213,0.57,1,True
62341,0.57,1,True
45533,0.57,1,True
41996,0.57,1,False
96742,0.57,1,True
62304,0.57,1,False
67842,0.57,1,True
72571,0.57,1,False
60944,0.57,1,False
32909,0.57,1,True
76923,0.57,1,False
45552,0.57,1,True
86730,0.57,1,True
24849,0.57,1,False
67747,0.57,1,False
31947,0.57,1,True
42175,0.57,1,True
2962,0.57,1,True
32907,0.57,1,True
22604,0.57,1,True
42196,0.57,1,True
89961,0.57,1,True
62370,0.57,1,False
42201,0.57,1,False
24928,0.57,1,False
2310,0.57,1,True
2387,0.57,1,True
80997,0.57,1,True
89979,0.57,1,False
45705,0.57,1,True
32808,0.57,1,False
41963,0.57,1,True
11954,0.57,1,False
78995,0.57,1,True
62480,0.57,1,False
2988,0.57,1,False
10183,0.57,1,True
95112,0.57,1,True
71973,0.57,1,False
92846,0.57,1,True
86764,0.57,1,False
45635,0.57,1,True
22606,0.57,1,True
80989,0.57,1,False
3329,0.57,1,False
73403,0.57,1,True
12527,0.57,1,True
42981,0.57,1,False
42575,0.57,1,False
2326,0.57,1,True
97936,0.57,1,False
32173,0.57,1,True
44941,0.57,1,False
32346,0.57,1,True
32189,0.57,1,True
24876,0.57,1,False
11016,0.57,1,True
44873,0.57,1,False
42595,0.57,1,True
31994,0.57,1,True
17812,0.57,1,True
42597,0.57,1,True
42720,0.57,1,False
4990,0.57,1,False
96879,0.57,1,False
44920,0.57,1,False
79680,0.57,1,True
42618,0.57,1,True
42710,0.57,1,True
89921,0.57,1,True
5949,0.57,1,True
58239,0.57,1,True
42395,0.57,1,True
76864,0.57,1,False
60977,0.57,1,False
80965,0.57,1,False
42262,0.57,1,True
17207,0.57,1,True
92766,0.57,1,True
57863,0.57,1,False
42809,0.57,1,True
32834,0.57,1,True
25914,0.57,1,False
44972,0.57,1,False
42414,0.57,1,True
44999,0.57,1,True
1993,0.57,1,False
57896,0.57,1,False
60997,0.57,1,False
57901,0.57,1,False
42729,0.57,1,True
44863,0.57,1,False
73461,0.57,1,False
6259,0.57,1,True
96845,0.57,1,True
3345,0.57,1,True
41306,0.57,1,True
45975,0.57,1,False
45972,0.57,1,False
73715,0.57,1,True
45969,0.57,1,False
72438,0.57,1,True
6556,0.57,1,False
45962,0.57,1,False
11998,0.57,1,True
45958,0.57,1,False
86823,0.57,1,False
32789,0.57,1,False
62759,0.57,1,True
72762,0.57,1,True
58810,0.57,1,True
89745,0.57,1,True
81512,0.57,1,True
15844,0.57,1,False
67649,0.57,1,True
17543,0.57,1,False
12690,0.57,1,False
30938,0.57,1,True
32509,0.57,1,True
78993,0.57,1,True
33215,0.57,1,True
30876,0.57,1,False
6660,0.57,1,False
85759,0.57,1,False
26259,0.57,1,False
79859,0.57,1,True
20895,0.57,1,False
12146,0.57,1,True
19843,0.57,1,True
18803,0.57,1,True
68391,0.57,1,True
98902,0.57,1,False
78895,0.57,1,False
72416,0.57,1,False
32528,0.57,1,True
40989,0.57,1,True
73336,0.57,1,True
97757,0.57,1,False
93972,0.57,1,False
24725,0.57,1,False
92504,0.57,1,False
62727,0.57,1,True
12487,0.57,1,True
62723,0.57,1,True
12618,0.57,1,False
73368,0.57,1,True
62637,0.57,1,True
58639,0.57,1,True
57515,0.57,1,True
97793,0.57,1,True
75925,0.57,1,True
86796,0.57,1,True
92872,0.57,1,False
25964,0.57,1,False
89993,0.57,1,True
12667,0.57,1,False
45756,0.57,1,False
76843,0.57,1,True
41925,0.57,1,False
78992,0.57,1,True
62538,0.57,1,True
97840,0.57,1,False
32938,0.57,1,True
79777,0.57,1,True
96844,0.57,1,False
12507,0.57,1,True
6420,0.57,1,False
67680,0.57,1,True
72503,0.57,1,True
96724,0.57,1,True
98948,0.57,1,True
45917,0.57,1,False
12658,0.57,1,True
3356,0.57,1,True
12655,0.57,1,True
79802,0.57,1,True
92726,0.57,1,True
6440,0.57,1,True
12654,0.57,1,False
45897,0.57,1,False
44575,0.57,1,True
57395,0.57,1,True
62645,0.57,1,False
42924,0.57,1,False
32426,0.57,1,False
58684,0.57,1,True
75929,0.57,1,True
9975,0.57,1,True
12607,0.57,1,True
63677,0.57,1,True
73882,0.57,1,False
36486,0.57,1,False
36782,0.57,1,False
27988,0.57,1,False
95964,0.57,1,False
7711,0.57,1,True
16486,0.57,1,False
49982,0.57,1,False
21672,0.57,1,True
66791,0.57,1,True
49963,0.57,1,True
93592,0.57,1,True
3572,0.57,1,False
95967,0.57,1,False
49923,0.57,1,False
36889,0.57,1,True
2628,0.57,1,False
49911,0.57,1,False
28223,0.57,1,True
995,0.57,1,True
49889,0.57,1,True
4147,0.57,1,True
4168,0.57,1,True
70959,0.57,1,True
16738,0.57,1,True
16725,0.57,1,False
50584,0.57,1,True
36755,0.57,1,True
82660,0.57,1,True
70577,0.57,1,True
23586,0.57,1,False
50990,0.57,1,True
17998,0.57,1,True
50986,0.57,1,True
34757,0.57,1,True
82687,0.57,1,False
50973,0.57,1,True
2774,0.57,1,False
83972,0.57,1,True
74759,0.57,1,False
97531,0.57,1,False
7774,0.57,1,True
50958,0.57,1,True
74749,0.57,1,False
76370,0.57,1,True
54119,0.57,1,True
34732,0.57,1,True
34722,0.57,1,False
54178,0.57,1,False
7865,0.57,1,True
65494,0.57,1,True
22977,0.57,1,True
68985,0.57,1,False
74965,0.57,1,False
93412,0.57,1,True
93448,0.57,1,False
28695,0.57,1,True
48954,0.57,1,True
48953,0.57,1,True
37674,0.57,1,False
77748,0.57,1,True
68953,0.57,1,True
98990,0.57,1,False
37683,0.57,1,False
82547,0.57,1,True
37692,0.57,1,False
77733,0.57,1,False
66871,0.57,1,False
37740,0.57,1,False
8173,0.57,1,True
2592,0.57,1,False
68947,0.57,1,False
77785,0.57,1,False
37798,0.57,1,True
92228,0.57,1,True
64810,0.57,1,True
97441,0.57,1,True
96174,0.57,1,True
74416,0.57,1,True
49747,0.57,1,False
82591,0.57,1,True
94652,0.57,1,True
66846,0.57,1,False
19415,0.57,1,True
34226,0.57,1,True
74966,0.57,1,False
28419,0.57,1,True
77689,0.57,1,False
13712,0.57,1,False
49487,0.57,1,True
28449,0.57,1,True
28502,0.57,1,True
68960,0.57,1,True
23760,0.57,1,False
54847,0.57,1,True
28508,0.57,1,True
82575,0.57,1,False
23765,0.57,1,True
1456,0.57,1,True
28545,0.57,1,True
94867,0.57,1,False
33996,0.57,1,False
16385,0.57,1,False
27956,0.57,1,True
912,0.57,1,True
96229,0.57,1,False
66721,0.57,1,True
83628,0.57,1,False
52696,0.57,1,False
69765,0.57,1,False
74903,0.57,1,False
95888,0.57,1,False
14838,0.57,1,False
2727,0.57,1,False
87873,0.57,1,False
69753,0.57,1,True
27819,0.57,1,False
3726,0.57,1,False
3630,0.57,1,False
23396,0.57,1,True
3748,0.57,1,False
53395,0.57,1,False
52551,0.57,1,True
69940,0.57,1,False
83728,0.57,1,False
551,0.57,1,False
83738,0.57,1,True
83745,0.57,1,False
53458,0.57,1,True
69945,0.57,1,True
52727,0.57,1,True
35798,0.57,1,True
87901,0.57,1,True
21956,0.57,1,True
83474,0.57,1,True
66509,0.57,1,True
87918,0.57,1,True
76609,0.57,1,False
52906,0.57,1,True
3655,0.57,1,False
66480,0.57,1,True
52929,0.57,1,False
66479,0.57,1,True
74922,0.57,1,False
35700,0.57,1,True
69810,0.57,1,True
69837,0.57,1,True
66451,0.57,1,True
66430,0.57,1,False
66416,0.57,1,True
21963,0.57,1,False
83553,0.57,1,False
66400,0.57,1,True
83333,0.57,1,True
83325,0.57,1,True
35777,0.57,1,False
2759,0.57,1,True
83750,0.57,1,False
82988,0.57,1,True
17994,0.57,1,True
53697,0.57,1,False
7792,0.57,1,False
53706,0.57,1,False
82826,0.57,1,False
69588,0.57,1,True
53732,0.57,1,True
34873,0.57,1,True
95873,0.57,1,False
69543,0.57,1,True
53757,0.57,1,False
87827,0.57,1,False
82844,0.57,1,True
93650,0.57,1,True
53789,0.57,1,True
27927,0.57,1,False
65792,0.57,1,False
74954,0.57,1,False
51635,0.57,1,True
82737,0.57,1,False
69435,0.57,1,False
19065,0.57,1,True
23535,0.57,1,True
23451,0.57,1,True
66678,0.57,1,False
53482,0.57,1,False
53598,0.57,1,True
83761,0.57,1,True
69687,0.57,1,True
66629,0.57,1,True
35944,0.57,1,False
74881,0.57,1,True
3618,0.57,1,False
69969,0.57,1,True
52339,0.57,1,True
98623,0.57,1,True
87942,0.57,1,False
3606,0.57,1,False
3791,0.57,1,False
53616,0.57,1,True
65929,0.57,1,False
83783,0.57,1,True
52269,0.57,1,False
52264,0.57,1,True
82910,0.57,1,False
14097,0.57,1,True
82887,0.57,1,False
76501,0.57,1,True
52213,0.57,1,True
74289,0.57,1,True
4194,0.57,1,False
93788,0.57,1,False
47779,0.57,1,False
94937,0.57,1,True
99577,0.57,1,True
16913,0.57,1,False
47770,0.57,1,True
23954,0.57,1,True
24280,0.57,1,True
8588,0.57,1,True
38904,0.57,1,False
18388,0.57,1,True
33801,0.57,1,False
47783,0.57,1,False
63848,0.57,1,True
73977,0.57,1,False
92964,0.57,1,False
26838,0.57,1,False
68810,0.57,1,True
12967,0.57,1,True
33829,0.57,1,False
26990,0.57,1,True
13415,0.57,1,True
77860,0.57,1,False
38933,0.57,1,True
55907,0.57,1,False
28898,0.57,1,True
23941,0.57,1,False
38906,0.57,1,True
82263,0.57,1,True
19699,0.57,1,True
26818,0.57,1,False
28903,0.57,1,True
48162,0.57,1,True
12978,0.57,1,True
2567,0.57,1,True
92380,0.57,1,True
63869,0.57,1,False
98844,0.57,1,True
16873,0.57,1,False
87167,0.57,1,True
28974,0.57,1,True
29131,0.57,1,True
55610,0.57,1,True
13222,0.57,1,True
91138,0.57,1,True
68876,0.57,1,True
8798,0.57,1,False
55696,0.57,1,False
63953,0.57,1,False
22910,0.57,1,False
97336,0.57,1,True
47937,0.57,1,False
82469,0.57,1,False
76152,0.57,1,True
6990,0.57,1,False
63909,0.57,1,False
26874,0.57,1,True
16857,0.57,1,False
77936,0.57,1,False
91331,0.57,1,True
22888,0.57,1,True
33711,0.57,1,True
63875,0.57,1,True
22884,0.57,1,True
47812,0.57,1,False
16906,0.57,1,False
47971,0.57,1,False
38012,0.57,1,True
28926,0.57,1,True
7247,0.57,1,True
92394,0.57,1,False
37891,0.57,1,False
28870,0.57,1,True
48643,0.57,1,True
96517,0.57,1,False
54998,0.57,1,True
88669,0.57,1,True
54997,0.57,1,True
73883,0.57,1,False
8239,0.57,1,True
48616,0.57,1,True
47633,0.57,1,False
94677,0.57,1,False
33651,0.57,1,True
67128,0.57,1,True
55948,0.57,1,False
37883,0.57,1,True
68755,0.57,1,True
7298,0.57,1,True
88278,0.57,1,True
54992,0.57,1,False
4891,0.57,1,False
23907,0.57,1,True
47538,0.57,1,False
77843,0.57,1,True
26790,0.57,1,False
48377,0.57,1,True
47423,0.57,1,True
23926,0.57,1,False
96538,0.57,1,True
72964,0.57,1,False
38953,0.57,1,True
15988,0.57,1,False
66918,0.57,1,False
65897,0.56,1,False
3813,0.56,1,True
33447,0.56,1,True
12420,0.56,1,True
43621,0.56,1,True
23460,0.56,1,True
66453,0.56,1,False
42888,0.56,1,True
86314,0.56,1,True
24935,0.56,1,False
33714,0.56,1,False
17872,0.56,1,False
34887,0.56,1,False
42876,0.56,1,True
63889,0.56,1,True
77992,0.56,1,False
97929,0.56,1,True
22854,0.56,1,False
63431,0.56,1,False
60887,0.56,1,True
39909,0.56,1,True
3788,0.56,1,True
22694,0.56,1,True
63595,0.56,1,True
35982,0.56,1,False
36141,0.56,1,True
33733,0.56,1,True
65832,0.56,1,True
17794,0.56,1,False
66693,0.56,1,False
36266,0.56,1,False
3870,0.56,1,False
59640,0.56,1,True
63663,0.56,1,False
65770,0.56,1,False
98410,0.56,1,True
66513,0.56,1,False
22911,0.56,1,False
73956,0.56,1,False
67383,0.56,1,True
89345,0.56,1,True
72969,0.56,1,True
14887,0.56,1,True
14757,0.56,1,True
59680,0.56,1,True
13084,0.56,1,True
74988,0.56,1,True
33724,0.56,1,True
77438,0.56,1,True
35993,0.56,1,False
3239,0.56,1,True
39120,0.56,1,True
73414,0.56,1,True
97966,0.56,1,False
32809,0.56,1,False
13990,0.56,1,False
63945,0.56,1,True
5155,0.56,1,True
97967,0.56,1,False
75536,0.56,1,True
42891,0.56,1,False
3196,0.56,1,True
79911,0.56,1,True
35834,0.56,1,False
35898,0.56,1,False
63565,0.56,1,False
43113,0.56,1,True
34940,0.56,1,False
23399,0.56,1,True
39647,0.56,1,True
63602,0.56,1,False
24973,0.56,1,False
89569,0.56,1,True
33659,0.56,1,False
63810,0.56,1,False
32774,0.56,1,False
32775,0.56,1,False
96478,0.56,1,False
95911,0.56,1,True
3728,0.56,1,False
39612,0.56,1,True
65919,0.56,1,False
59864,0.56,1,False
24988,0.56,1,False
43329,0.56,1,False
99987,0.56,1,True
35878,0.56,1,False
59898,0.56,1,False
73146,0.56,1,True
39502,0.56,1,True
89492,0.56,1,False
59871,0.56,1,True
35888,0.56,1,False
528,0.56,1,True
87887,0.56,1,False
33667,0.56,1,False
23229,0.56,1,False
85982,0.56,1,False
78278,0.56,1,True
65964,0.56,1,False
93937,0.56,1,True
94879,0.56,1,True
63760,0.56,1,False
35745,0.56,1,False
77954,0.56,1,False
33482,0.56,1,True
3781,0.56,1,True
34997,0.56,1,False
67867,0.56,1,True
65928,0.56,1,False
73938,0.56,1,True
65926,0.56,1,False
12934,0.56,1,False
12917,0.56,1,False
33461,0.56,1,True
14873,0.56,1,True
43577,0.56,1,False
98849,0.56,1,False
17861,0.56,1,False
87900,0.56,1,False
24999,0.56,1,True
24533,0.56,1,True
86564,0.56,1,False
89575,0.56,1,True
35799,0.56,1,False
23182,0.56,1,True
89583,0.56,1,True
23411,0.56,1,False
75188,0.56,1,True
34921,0.56,1,False
33653,0.56,1,False
39768,0.56,1,True
32788,0.56,1,False
39801,0.56,1,True
42959,0.56,1,False
17807,0.56,1,True
42570,0.56,1,True
12836,0.56,1,True
73789,0.56,1,False
33827,0.56,1,True
22961,0.56,1,True
78777,0.56,1,True
37269,0.56,1,True
75262,0.56,1,True
12629,0.56,1,False
64951,0.56,1,True
13692,0.56,1,True
17829,0.56,1,True
15112,0.56,1,True
96726,0.56,1,False
22798,0.56,1,True
62931,0.56,1,True
4350,0.56,1,True
19838,0.56,1,True
13683,0.56,1,False
93488,0.56,1,False
96725,0.56,1,False
37399,0.56,1,False
78975,0.56,1,True
73769,0.56,1,False
73690,0.56,1,True
62562,0.56,1,True
13728,0.56,1,True
33627,0.56,1,False
41967,0.56,1,False
62469,0.56,1,False
13781,0.56,1,False
73997,0.56,1,True
66829,0.56,1,True
78999,0.56,1,True
34431,0.56,1,False
13778,0.56,1,False
33808,0.56,1,True
23709,0.56,1,False
74504,0.56,1,False
12608,0.56,1,True
12801,0.56,1,False
22738,0.56,1,True
66844,0.56,1,True
62508,0.56,1,True
88391,0.56,1,True
14964,0.56,1,False
66849,0.56,1,False
14983,0.56,1,False
1633,0.56,1,True
40928,0.56,1,False
32985,0.56,1,False
33911,0.56,1,False
78937,0.56,1,False
12716,0.56,1,True
33958,0.56,1,False
62794,0.56,1,False
94897,0.56,1,False
12718,0.56,1,False
4591,0.56,1,True
78925,0.56,1,True
73720,0.56,1,True
78882,0.56,1,False
88909,0.56,1,True
13552,0.56,1,False
12730,0.56,1,True
88089,0.56,1,True
97951,0.56,1,False
23851,0.56,1,True
78918,0.56,1,True
13542,0.56,1,False
92894,0.56,1,True
88198,0.56,1,True
96217,0.56,1,True
33097,0.56,1,True
66917,0.56,1,True
62736,0.56,1,False
86805,0.56,1,False
24739,0.56,1,False
66865,0.56,1,True
62901,0.56,1,True
40941,0.56,1,True
33252,0.56,1,False
96711,0.56,1,True
74361,0.56,1,True
1964,0.56,1,False
12694,0.56,1,False
37751,0.56,1,True
62746,0.56,1,False
78866,0.56,1,True
23824,0.56,1,True
67580,0.56,1,False
62747,0.56,1,True
67636,0.56,1,True
62870,0.56,1,False
33894,0.56,1,False
78948,0.56,1,True
92849,0.56,1,False
19895,0.56,1,False
93873,0.56,1,True
23952,0.56,1,True
39982,0.56,1,True
79587,0.56,1,True
15210,0.56,1,True
1955,0.56,1,True
4983,0.56,1,False
94845,0.56,1,False
94892,0.56,1,True
42556,0.56,1,False
65611,0.56,1,True
38353,0.56,1,True
38309,0.56,1,True
22916,0.56,1,True
87320,0.56,1,True
13904,0.56,1,True
61927,0.56,1,True
32886,0.56,1,True
23990,0.56,1,True
93598,0.56,1,False
99948,0.56,1,True
61957,0.56,1,False
88822,0.56,1,True
95945,0.56,1,False
36552,0.56,1,True
22706,0.56,1,True
86606,0.56,1,False
5007,0.56,1,True
92797,0.56,1,True
42637,0.56,1,True
92806,0.56,1,False
42636,0.56,1,True
36490,0.56,1,False
36491,0.56,1,False
953,0.56,1,True
73541,0.56,1,False
38675,0.56,1,False
98362,0.56,1,True
93718,0.56,1,True
89204,0.56,1,True
4826,0.56,1,False
63295,0.56,1,False
74774,0.56,1,False
3503,0.56,1,True
36524,0.56,1,False
86829,0.56,1,True
3906,0.56,1,True
42403,0.56,1,False
61980,0.56,1,True
93596,0.56,1,True
36892,0.56,1,True
98921,0.56,1,True
12819,0.56,1,False
63143,0.56,1,True
78689,0.56,1,True
77641,0.56,1,True
93842,0.56,1,True
3990,0.56,1,True
92840,0.56,1,False
88424,0.56,1,True
93832,0.56,1,True
42167,0.56,1,True
33319,0.56,1,True
93035,0.56,1,True
13794,0.56,1,False
62389,0.56,1,False
93977,0.56,1,True
95845,0.56,1,False
13782,0.56,1,True
22827,0.56,1,True
99853,0.56,1,True
23648,0.56,1,True
62116,0.56,1,True
95950,0.56,1,False
86901,0.56,1,True
33334,0.56,1,True
63197,0.56,1,False
23622,0.56,1,True
23624,0.56,1,False
22726,0.56,1,False
86715,0.56,1,False
23625,0.56,1,False
61991,0.56,1,True
40143,0.56,1,True
74981,0.56,1,False
23647,0.56,1,False
22985,0.56,1,False
19933,0.56,1,False
36805,0.56,1,False
74715,0.56,1,False
92992,0.56,1,False
73625,0.56,1,False
42182,0.56,1,True
979,0.56,1,False
19927,0.56,1,True
2231,0.56,1,True
14691,0.56,1,False
51405,0.56,1,True
57828,0.56,1,False
22518,0.56,1,True
76719,0.56,1,False
46744,0.56,1,True
6829,0.56,1,False
17180,0.56,1,False
72587,0.56,1,False
89958,0.56,1,True
46756,0.56,1,False
2782,0.56,1,False
54132,0.56,1,False
5953,0.56,1,True
27738,0.56,1,True
66516,0.56,1,False
45261,0.56,1,True
2780,0.56,1,True
22182,0.56,1,False
53972,0.56,1,False
16838,0.56,1,False
55036,0.56,1,True
46779,0.56,1,False
97731,0.56,1,True
7890,0.56,1,False
7891,0.56,1,False
2648,0.56,1,True
90532,0.56,1,True
89962,0.56,1,True
45560,0.56,1,True
28169,0.56,1,True
30329,0.56,1,True
54988,0.56,1,True
15929,0.56,1,True
49970,0.56,1,False
26517,0.56,1,True
72549,0.56,1,False
54457,0.56,1,True
30091,0.56,1,True
7714,0.56,1,True
2922,0.56,1,False
7907,0.56,1,False
68598,0.56,1,False
31909,0.56,1,False
97504,0.56,1,True
6811,0.56,1,True
81970,0.56,1,False
72614,0.56,1,False
50984,0.56,1,True
46877,0.56,1,False
44951,0.56,1,False
46238,0.56,1,True
94995,0.56,1,True
25869,0.56,1,False
27948,0.56,1,False
25865,0.56,1,False
83921,0.56,1,False
5960,0.56,1,False
7819,0.56,1,False
72645,0.56,1,False
71996,0.56,1,False
82752,0.56,1,False
82487,0.56,1,True
94616,0.56,1,False
82781,0.56,1,False
9433,0.56,1,True
94992,0.56,1,False
8583,0.56,1,False
71994,0.56,1,False
51383,0.56,1,True
92462,0.56,1,True
31980,0.56,1,True
6850,0.56,1,True
48385,0.56,1,True
45163,0.56,1,True
46822,0.56,1,False
50988,0.56,1,False
55072,0.56,1,True
72619,0.56,1,False
76813,0.56,1,True
50992,0.56,1,True
48364,0.56,1,True
45010,0.56,1,True
2581,0.56,1,False
28900,0.56,1,True
55175,0.56,1,True
82719,0.56,1,True
44986,0.56,1,False
82492,0.56,1,True
44975,0.56,1,False
29934,0.56,1,False
7206,0.56,1,True
15650,0.56,1,True
89967,0.56,1,True
28196,0.56,1,True
6572,0.56,1,False
46343,0.56,1,True
9920,0.56,1,False
48996,0.56,1,True
45954,0.56,1,False
49129,0.56,1,True
48842,0.56,1,True
27392,0.56,1,True
56876,0.56,1,True
92221,0.56,1,False
7391,0.56,1,False
49380,0.56,1,True
7561,0.56,1,False
70984,0.56,1,False
82533,0.56,1,True
25984,0.56,1,False
2811,0.56,1,True
49566,0.56,1,True
26413,0.56,1,False
30981,0.56,1,True
82570,0.56,1,True
82564,0.56,1,False
97748,0.56,1,True
45971,0.56,1,False
48907,0.56,1,False
22431,0.56,1,False
28730,0.56,1,True
28746,0.56,1,True
2595,0.56,1,False
84978,0.56,1,False
97756,0.56,1,False
27340,0.56,1,True
70992,0.56,1,True
9890,0.56,1,True
56962,0.56,1,False
6611,0.56,1,True
27344,0.56,1,True
28634,0.56,1,True
28607,0.56,1,True
9899,0.56,1,True
28754,0.56,1,True
16368,0.56,1,True
82559,0.56,1,True
45932,0.56,1,False
28413,0.56,1,True
18307,0.56,1,True
21662,0.56,1,True
27586,0.56,1,True
9999,0.56,1,True
16442,0.56,1,True
98983,0.56,1,True
81874,0.56,1,True
71210,0.56,1,True
28852,0.56,1,True
6266,0.56,1,True
29425,0.56,1,True
84963,0.56,1,False
70953,0.56,1,True
2959,0.56,1,True
48664,0.56,1,True
76726,0.56,1,True
95747,0.56,1,False
95758,0.56,1,False
6766,0.56,1,True
54602,0.56,1,True
91995,0.56,1,True
6747,0.56,1,True
72524,0.56,1,False
90453,0.56,1,True
45810,0.56,1,True
28406,0.56,1,True
57276,0.56,1,True
54750,0.56,1,False
27209,0.56,1,True
7353,0.56,1,True
2806,0.56,1,False
45915,0.56,1,False
7347,0.56,1,False
8219,0.56,1,True
15831,0.56,1,False
25971,0.56,1,False
45893,0.56,1,False
15829,0.56,1,False
45854,0.56,1,False
16770,0.56,1,False
9977,0.56,1,False
89995,0.56,1,False
57493,0.56,1,True
7951,0.56,1,False
25848,0.56,1,False
56941,0.56,1,False
55976,0.56,1,False
58646,0.56,1,True
22622,0.56,1,True
83729,0.56,1,True
32512,0.56,1,True
84757,0.56,1,True
44427,0.56,1,True
47813,0.56,1,False
72783,0.56,1,False
47452,0.56,1,True
91958,0.56,1,False
69733,0.56,1,True
47533,0.56,1,True
44149,0.56,1,True
94367,0.56,1,True
25590,0.56,1,False
75827,0.56,1,False
79978,0.56,1,True
72760,0.56,1,True
72754,0.56,1,False
20977,0.56,1,False
69643,0.56,1,False
55984,0.56,1,False
16227,0.56,1,True
69909,0.56,1,False
16880,0.56,1,False
84819,0.56,1,True
26859,0.56,1,True
82205,0.56,1,False
47800,0.56,1,False
69693,0.56,1,True
22640,0.56,1,True
2549,0.56,1,True
47705,0.56,1,False
58754,0.56,1,True
43835,0.56,1,True
71779,0.56,1,True
83717,0.56,1,False
52673,0.56,1,True
53289,0.56,1,True
83186,0.56,1,True
85830,0.56,1,False
69889,0.56,1,False
53090,0.56,1,False
32663,0.56,1,True
53130,0.56,1,False
6972,0.56,1,True
52710,0.56,1,False
69905,0.56,1,True
47576,0.56,1,True
84787,0.56,1,True
16013,0.56,1,True
90989,0.56,1,False
58993,0.56,1,False
72821,0.56,1,False
83706,0.56,1,True
68763,0.56,1,False
83148,0.56,1,True
52592,0.56,1,True
47900,0.56,1,False
43849,0.56,1,False
82463,0.56,1,True
53355,0.56,1,True
53347,0.56,1,True
58996,0.56,1,False
82027,0.56,1,True
96803,0.56,1,True
53338,0.56,1,True
83559,0.56,1,True
75805,0.56,1,False
83174,0.56,1,False
52793,0.56,1,True
2517,0.56,1,False
11977,0.56,1,False
27774,0.56,1,True
46963,0.56,1,False
52143,0.56,1,True
52084,0.56,1,True
82265,0.56,1,True
91946,0.56,1,True
84896,0.56,1,False
53702,0.56,1,False
11889,0.56,1,True
83506,0.56,1,False
7793,0.56,1,True
16247,0.56,1,True
92355,0.56,1,False
83825,0.56,1,True
2704,0.56,1,True
6951,0.56,1,False
51980,0.56,1,False
21913,0.56,1,True
58208,0.56,1,True
7805,0.56,1,False
53747,0.56,1,False
69851,0.56,1,False
76780,0.56,1,False
55854,0.56,1,False
28950,0.56,1,True
2740,0.56,1,False
58192,0.56,1,True
29834,0.56,1,True
68888,0.56,1,True
71507,0.56,1,True
27906,0.56,1,False
82846,0.56,1,True
12374,0.56,1,True
25837,0.56,1,False
2702,0.56,1,False
55295,0.56,1,True
82935,0.56,1,False
26952,0.56,1,True
72730,0.56,1,False
59252,0.56,1,True
59575,0.56,1,True
55486,0.56,1,False
59555,0.56,1,True
95900,0.56,1,True
69624,0.56,1,True
2761,0.56,1,False
72945,0.56,1,True
96996,0.56,1,False
25767,0.56,1,True
15954,0.56,1,False
32661,0.56,1,True
8708,0.56,1,True
92442,0.56,1,False
44854,0.56,1,False
5937,0.56,1,False
98932,0.56,1,False
52178,0.56,1,True
25816,0.56,1,True
52798,0.56,1,True
22304,0.55,1,False
28818,0.55,1,False
73946,0.55,1,False
8860,0.55,1,False
15998,0.55,1,False
48808,0.55,1,False
33697,0.55,1,True
48884,0.55,1,True
37781,0.55,1,True
22255,0.55,1,True
8868,0.55,1,True
38886,0.55,1,True
55850,0.55,1,False
37755,0.55,1,True
7443,0.55,1,False
37749,0.55,1,True
74325,0.55,1,True
7442,0.55,1,False
21566,0.55,1,True
13563,0.55,1,True
4590,0.55,1,False
55826,0.55,1,True
23829,0.55,1,False
38891,0.55,1,False
63852,0.55,1,True
73944,0.55,1,False
3477,0.55,1,True
23825,0.55,1,True
38833,0.55,1,True
47994,0.55,1,False
33888,0.55,1,False
28824,0.55,1,True
73969,0.55,1,True
55558,0.55,1,True
3505,0.55,1,False
38345,0.55,1,True
33872,0.55,1,False
28877,0.55,1,True
48423,0.55,1,True
33764,0.55,1,True
23994,0.55,1,False
64165,0.55,1,False
28966,0.55,1,True
2550,0.55,1,False
8665,0.55,1,True
77851,0.55,1,False
96254,0.55,1,True
88446,0.55,1,True
71301,0.55,1,True
66941,0.55,1,False
71525,0.55,1,False
8553,0.55,1,True
92995,0.55,1,True
7185,0.55,1,True
28911,0.55,1,True
37999,0.55,1,False
4737,0.55,1,True
74973,0.55,1,False
47991,0.55,1,True
33809,0.55,1,False
91391,0.55,1,True
64370,0.55,1,True
76751,0.55,1,True
26997,0.55,1,True
68873,0.55,1,False
7352,0.55,1,True
97660,0.55,1,False
64795,0.55,1,False
29167,0.55,1,True
37837,0.55,1,False
93344,0.55,1,True
82452,0.55,1,True
13502,0.55,1,False
33720,0.55,1,True
22901,0.55,1,False
7311,0.55,1,True
47888,0.55,1,True
70999,0.55,1,True
68844,0.55,1,True
48768,0.55,1,True
13473,0.55,1,False
54980,0.55,1,False
87210,0.55,1,True
28995,0.55,1,False
71646,0.55,1,False
77804,0.55,1,True
91196,0.55,1,True
2870,0.55,1,False
26999,0.55,1,True
99902,0.55,1,False
48594,0.55,1,True
26917,0.55,1,False
22269,0.55,1,True
93870,0.55,1,False
77825,0.55,1,False
84746,0.55,1,False
73957,0.55,1,True
43669,0.55,1,True
93728,0.55,1,False
48917,0.55,1,True
52294,0.55,1,True
35969,0.55,1,False
66679,0.55,1,False
52184,0.55,1,True
53666,0.55,1,False
83795,0.55,1,True
35959,0.55,1,False
65923,0.55,1,True
83785,0.55,1,False
69633,0.55,1,True
34899,0.55,1,False
14864,0.55,1,True
13996,0.55,1,False
53583,0.55,1,False
91951,0.55,1,True
82953,0.55,1,False
35946,0.55,1,False
65947,0.55,1,True
82964,0.55,1,True
65951,0.55,1,False
99222,0.55,1,True
16682,0.55,1,False
69948,0.55,1,True
664,0.55,1,True
65896,0.55,1,False
82989,0.55,1,True
76997,0.55,1,True
82784,0.55,1,False
3860,0.55,1,False
36241,0.55,1,True
74953,0.55,1,False
93646,0.55,1,False
2703,0.55,1,False
70152,0.55,1,True
36196,0.55,1,True
83875,0.55,1,False
23503,0.55,1,False
82813,0.55,1,False
98536,0.55,1,True
3849,0.55,1,True
69537,0.55,1,True
65864,0.55,1,True
3846,0.55,1,False
53759,0.55,1,False
83833,0.55,1,False
83829,0.55,1,True
82825,0.55,1,False
51987,0.55,1,True
3820,0.55,1,False
52470,0.55,1,True
69942,0.55,1,False
13973,0.55,1,False
35735,0.55,1,False
34988,0.55,1,False
74912,0.55,1,False
66354,0.55,1,False
14542,0.55,1,True
18972,0.55,1,True
52761,0.55,1,False
52763,0.55,1,True
69812,0.55,1,True
52772,0.55,1,False
95893,0.55,1,False
83538,0.55,1,False
53119,0.55,1,True
95904,0.55,1,False
52794,0.55,1,True
83533,0.55,1,False
52808,0.55,1,True
52937,0.55,1,True
52821,0.55,1,False
52921,0.55,1,True
21932,0.55,1,True
52912,0.55,1,True
87916,0.55,1,False
94509,0.55,1,True
23325,0.55,1,True
87856,0.55,1,False
83684,0.55,1,False
53425,0.55,1,True
65971,0.55,1,False
65972,0.55,1,True
52529,0.55,1,True
76549,0.55,1,True
52597,0.55,1,False
52606,0.55,1,False
35899,0.55,1,True
23385,0.55,1,False
83168,0.55,1,True
53310,0.55,1,True
83622,0.55,1,False
27820,0.55,1,True
93662,0.55,1,False
7780,0.55,1,False
83668,0.55,1,True
23216,0.55,1,True
35845,0.55,1,False
21969,0.55,1,True
35844,0.55,1,False
66214,0.55,1,True
52675,0.55,1,True
23523,0.55,1,True
51879,0.55,1,True
28709,0.55,1,True
49821,0.55,1,False
68978,0.55,1,True
34304,0.55,1,True
7604,0.55,1,False
28375,0.55,1,True
13767,0.55,1,False
23711,0.55,1,False
27529,0.55,1,True
70970,0.55,1,True
84366,0.55,1,True
14950,0.55,1,False
27584,0.55,1,False
64970,0.55,1,False
49848,0.55,1,True
99512,0.55,1,True
34499,0.55,1,True
74552,0.55,1,True
19362,0.55,1,True
65025,0.55,1,False
49891,0.55,1,True
97997,0.55,1,True
3560,0.55,1,False
49902,0.55,1,False
70979,0.55,1,True
95977,0.55,1,False
3996,0.55,1,False
54872,0.55,1,False
64892,0.55,1,False
48924,0.55,1,True
4509,0.55,1,True
96196,0.55,1,True
54892,0.55,1,False
68958,0.55,1,True
33979,0.55,1,True
64925,0.55,1,False
33991,0.55,1,False
16405,0.55,1,True
92176,0.55,1,True
92158,0.55,1,False
49201,0.55,1,True
70989,0.55,1,True
28518,0.55,1,True
93504,0.55,1,False
49320,0.55,1,True
54845,0.55,1,False
14969,0.55,1,False
77691,0.55,1,True
49580,0.55,1,True
37199,0.55,1,False
997,0.55,1,True
36890,0.55,1,False
83907,0.55,1,True
83927,0.55,1,False
82692,0.55,1,True
22097,0.55,1,True
50991,0.55,1,True
77579,0.55,1,True
83938,0.55,1,False
53900,0.55,1,True
70524,0.55,1,False
16553,0.55,1,False
22994,0.55,1,True
77572,0.55,1,True
36460,0.55,1,True
13931,0.55,1,True
16571,0.55,1,False
93607,0.55,1,True
51376,0.55,1,True
13959,0.55,1,False
13964,0.55,1,True
99957,0.55,1,False
93615,0.55,1,False
95934,0.55,1,False
74844,0.55,1,False
53833,0.55,1,True
53962,0.55,1,False
70664,0.55,1,True
93589,0.55,1,False
3972,0.55,1,False
74962,0.55,1,False
82641,0.55,1,True
3987,0.55,1,False
49952,0.55,1,True
28152,0.55,1,True
74637,0.55,1,False
34601,0.55,1,True
14930,0.55,1,False
7703,0.55,1,True
84095,0.55,1,True
50506,0.55,1,True
83959,0.55,1,True
95953,0.55,1,False
91989,0.55,1,False
7901,0.55,1,False
23619,0.55,1,False
83997,0.55,1,True
99018,0.55,1,True
95858,0.55,1,True
83990,0.55,1,True
967,0.55,1,True
7864,0.55,1,True
1953,0.55,1,True
92400,0.55,1,True
63828,0.55,1,True
44969,0.55,1,False
44973,0.55,1,True
10968,0.55,1,True
86665,0.55,1,False
4970,0.55,1,False
72634,0.55,1,True
42451,0.55,1,False
42431,0.55,1,False
57883,0.55,1,False
42401,0.55,1,False
4962,0.55,1,True
31978,0.55,1,False
31973,0.55,1,True
61990,0.55,1,False
2968,0.55,1,True
96746,0.55,1,False
57842,0.55,1,False
45248,0.55,1,False
72604,0.55,1,False
31948,0.55,1,True
72592,0.55,1,True
92570,0.55,1,True
31937,0.55,1,True
45432,0.55,1,True
92569,0.55,1,False
45487,0.55,1,True
31991,0.55,1,False
4982,0.55,1,False
68338,0.55,1,True
72641,0.55,1,False
17445,0.55,1,False
42716,0.55,1,True
93992,0.55,1,True
72689,0.55,1,True
17442,0.55,1,True
42674,0.55,1,False
42673,0.55,1,True
99781,0.55,1,True
72672,0.55,1,True
44898,0.55,1,False
92631,0.55,1,False
42624,0.55,1,False
72666,0.55,1,False
61494,0.55,1,True
75481,0.55,1,False
5957,0.55,1,False
61542,0.55,1,True
22553,0.55,1,False
57943,0.55,1,False
25866,0.55,1,True
11164,0.55,1,True
32190,0.55,1,True
86620,0.55,1,False
92612,0.55,1,False
32085,0.55,1,True
62247,0.55,1,True
85283,0.55,1,True
3303,0.55,1,True
57765,0.55,1,False
92529,0.55,1,False
6315,0.55,1,False
88972,0.55,1,False
6351,0.55,1,False
45833,0.55,1,False
6415,0.55,1,True
45896,0.55,1,False
57380,0.55,1,True
72484,0.55,1,False
62675,0.55,1,False
41781,0.55,1,True
57326,0.55,1,True
30997,0.55,1,False
30990,0.55,1,False
22468,0.55,1,False
84991,0.55,1,False
1967,0.55,1,False
22754,0.55,1,True
92512,0.55,1,True
75930,0.55,1,False
41564,0.55,1,True
57235,0.55,1,True
30980,0.55,1,False
78962,0.55,1,True
2394,0.55,1,False
72530,0.55,1,False
80999,0.55,1,True
62553,0.55,1,False
88989,0.55,1,False
45513,0.55,1,False
18628,0.55,1,True
41994,0.55,1,True
62325,0.55,1,True
79330,0.55,1,True
62338,0.55,1,True
73670,0.55,1,True
57733,0.55,1,False
41989,0.55,1,True
62374,0.55,1,False
62375,0.55,1,True
10497,0.55,1,True
92547,0.55,1,False
45589,0.55,1,False
12603,0.55,1,True
57706,0.55,1,True
72545,0.55,1,False
6188,0.55,1,True
95759,0.55,1,False
57676,0.55,1,True
57661,0.55,1,True
68236,0.55,1,True
57642,0.55,1,True
45721,0.55,1,False
11907,0.55,1,True
85625,0.55,1,False
2979,0.55,1,True
94797,0.55,1,False
94983,0.55,1,False
97871,0.55,1,False
92684,0.55,1,True
75775,0.55,1,True
32625,0.55,1,False
72855,0.55,1,True
5587,0.55,1,True
43315,0.55,1,True
32755,0.55,1,False
18687,0.55,1,True
58951,0.55,1,False
75803,0.55,1,False
32621,0.55,1,False
18781,0.55,1,False
92701,0.55,1,True
58940,0.55,1,True
89682,0.55,1,True
79863,0.55,1,False
97859,0.55,1,True
2256,0.55,1,True
94976,0.55,1,True
99812,0.55,1,False
75816,0.55,1,False
32591,0.55,1,False
58907,0.55,1,True
12348,0.55,1,True
97880,0.55,1,True
43414,0.55,1,False
72988,0.55,1,False
5764,0.55,1,True
43637,0.55,1,False
22654,0.55,1,True
75717,0.55,1,False
22666,0.55,1,True
43716,0.55,1,False
5769,0.55,1,True
92697,0.55,1,True
59339,0.55,1,True
43609,0.55,1,True
43770,0.55,1,False
43794,0.55,1,True
43431,0.55,1,False
43576,0.55,1,True
72913,0.55,1,True
43819,0.55,1,True
32692,0.55,1,True
43826,0.55,1,True
85948,0.55,1,True
59819,0.55,1,True
72910,0.55,1,False
85949,0.55,1,True
94982,0.55,1,False
97887,0.55,1,True
59959,0.55,1,True
12471,0.55,1,False
73460,0.55,1,True
97856,0.55,1,False
89833,0.55,1,False
11944,0.55,1,False
3201,0.55,1,True
32401,0.55,1,False
97932,0.55,1,True
58358,0.55,1,True
92763,0.55,1,True
75867,0.55,1,False
32387,0.55,1,True
12526,0.55,1,True
96854,0.55,1,True
24920,0.55,1,False
58261,0.55,1,True
75868,0.55,1,False
5163,0.55,1,False
44825,0.55,1,True
72709,0.55,1,False
18682,0.55,1,True
42810,0.55,1,False
93995,0.55,1,True
89373,0.55,1,True
42788,0.55,1,False
89364,0.55,1,True
44845,0.55,1,False
12557,0.55,1,True
79776,0.55,1,False
20523,0.55,1,True
42869,0.55,1,False
25685,0.55,1,True
42969,0.55,1,False
32779,0.55,1,False
12162,0.55,1,False
59989,0.55,1,False
75837,0.55,1,False
12500,0.55,1,True
42929,0.55,1,False
75846,0.55,1,True
60333,0.55,1,True
24957,0.55,1,False
11994,0.55,1,True
11989,0.55,1,True
99797,0.55,1,False
17757,0.55,1,False
11986,0.55,1,False
42908,0.55,1,True
5920,0.55,1,True
22685,0.55,1,False
44629,0.55,1,True
3197,0.55,1,True
5927,0.55,1,False
94019,0.55,1,True
11963,0.55,1,True
25715,0.55,1,False
92887,0.55,1,True
2386,0.55,1,True
78639,0.55,1,True
46766,0.55,1,False
90648,0.55,1,True
56566,0.55,1,False
63393,0.55,1,False
46854,0.55,1,False
78412,0.55,1,True
56523,0.55,1,False
19798,0.55,1,True
33476,0.55,1,True
9455,0.55,1,True
84912,0.55,1,False
22831,0.55,1,True
78342,0.55,1,True
12888,0.55,1,True
29869,0.55,1,True
67292,0.55,1,True
12899,0.55,1,True
90831,0.55,1,True
29841,0.55,1,True
84894,0.55,1,False
33539,0.55,1,False
39671,0.55,1,False
73866,0.55,1,True
92454,0.55,1,False
33386,0.55,1,True
15939,0.55,1,False
29811,0.55,1,True
81960,0.55,1,True
24657,0.55,1,False
6719,0.55,1,False
46470,0.55,1,False
96659,0.55,1,True
78733,0.55,1,True
12796,0.55,1,True
90523,0.55,1,True
9737,0.55,1,True
78722,0.55,1,True
88847,0.55,1,True
40392,0.55,1,True
62994,0.55,1,True
75229,0.55,1,True
24653,0.55,1,True
46624,0.55,1,False
24648,0.55,1,False
72294,0.55,1,False
84960,0.55,1,False
6782,0.55,1,False
84952,0.55,1,False
56770,0.55,1,False
56713,0.55,1,True
29993,0.55,1,True
39628,0.55,1,False
92453,0.55,1,False
33288,0.55,1,False
67086,0.55,1,True
66997,0.55,1,False
47570,0.55,1,False
88693,0.55,1,True
12927,0.55,1,True
4890,0.55,1,False
73888,0.55,1,True
38986,0.55,1,True
38979,0.55,1,True
33650,0.55,1,True
55931,0.55,1,False
47636,0.55,1,False
63768,0.55,1,False
8899,0.55,1,False
47694,0.55,1,True
63777,0.55,1,False
26807,0.55,1,True
63794,0.55,1,True
98970,0.55,1,False
47725,0.55,1,False
63808,0.55,1,False
97250,0.55,1,True
68789,0.55,1,True
77961,0.55,1,True
4904,0.55,1,False
77991,0.55,1,False
56055,0.55,1,False
6929,0.55,1,False
39524,0.55,1,True
9342,0.55,1,True
15959,0.55,1,False
96997,0.55,1,True
33597,0.55,1,True
71985,0.55,1,True
29751,0.55,1,False
63626,0.55,1,False
9205,0.55,1,True
46998,0.55,1,True
8991,0.55,1,True
73880,0.55,1,True
63653,0.55,1,False
4905,0.55,1,False
75154,0.55,1,True
16924,0.55,1,True
84869,0.55,1,False
47333,0.55,1,True
84867,0.55,1,False
47400,0.55,1,True
96545,0.55,1,True
47547,0.55,1,False
26769,0.55,1,True
30763,0.55,1,True
43899,0.55,1,False
62775,0.55,1,True
62797,0.55,1,True
33073,0.55,1,True
93963,0.55,1,False
84986,0.55,1,False
78910,0.55,1,True
30966,0.55,1,True
90229,0.55,1,True
9915,0.55,1,True
84973,0.55,1,True
24715,0.55,1,False
46207,0.55,1,False
67584,0.55,1,True
78856,0.55,1,True
40996,0.55,1,True
92500,0.55,1,True
33044,0.55,1,True
68436,0.55,1,True
96691,0.55,1,True
46339,0.55,1,False
72415,0.55,1,True
46280,0.55,1,True
45970,0.55,1,False
95646,0.55,1,True
24692,0.55,1,True
46268,0.55,1,True
56971,0.55,1,False
56931,0.55,1,False
97753,0.55,1,True
62823,0.55,1,False
84981,0.55,1,False
6582,0.55,1,False
62835,0.55,1,False
15092,0.55,1,True
25988,0.55,1,False
45997,0.55,1,True
41380,0.55,1,True
18514,0.55,1,True
12760,0.55,1,True
46410,0.55,1,True
22434,0.55,1,True
84988,0.55,1,False
56953,0.55,1,False
3376,0.55,1,False
92470,0.55,1,True
33242,0.55,1,False
12696,0.55,1,True
73740,0.55,1,False
6695,0.55,1,True
62752,0.55,1,False
22481,0.54,1,False
67250,0.54,1,True
74547,0.54,1,True
73687,0.54,1,False
94112,0.54,1,True
72531,0.54,1,False
72740,0.54,1,False
76963,0.54,1,True
69714,0.54,1,True
18611,0.54,1,True
21975,0.54,1,True
22979,0.54,1,False
2910,0.54,1,False
2877,0.54,1,True
18912,0.54,1,True
23186,0.54,1,True
75832,0.54,1,True
73352,0.54,1,False
73364,0.54,1,True
3335,0.54,1,False
99889,0.54,1,False
75824,0.54,1,False
72807,0.54,1,True
18900,0.54,1,True
76284,0.54,1,False
93865,0.54,1,True
72606,0.54,1,False
69767,0.54,1,False
3452,0.54,1,True
18955,0.54,1,True
18145,0.54,1,True
66859,0.54,1,True
2515,0.54,1,False
68833,0.54,1,True
19766,0.54,1,False
2514,0.54,1,False
71932,0.54,1,False
69825,0.54,1,False
94776,0.54,1,True
68361,0.54,1,True
75999,0.54,1,True
94536,0.54,1,False
22866,0.54,1,True
94570,0.54,1,True
67657,0.54,1,False
74999,0.54,1,True
72956,0.54,1,False
94895,0.54,1,False
72960,0.54,1,False
74913,0.54,1,False
3540,0.54,1,False
93886,0.54,1,True
2059,0.54,1,True
66820,0.54,1,False
71612,0.54,1,True
98746,0.54,1,True
70961,0.54,1,False
72830,0.54,1,False
76567,0.54,1,False
73716,0.54,1,False
22908,0.54,1,False
72845,0.54,1,False
99816,0.54,1,False
98964,0.54,1,False
74542,0.54,1,True
72866,0.54,1,True
75792,0.54,1,True
2535,0.54,1,True
99924,0.54,1,False
19992,0.54,1,True
72512,0.54,1,False
18946,0.54,1,True
73676,0.54,1,True
93894,0.54,1,True
98953,0.54,1,False
17953,0.54,1,False
70449,0.54,1,True
74826,0.54,1,False
2661,0.54,1,True
72573,0.54,1,True
22950,0.54,1,True
93714,0.54,1,True
66886,0.54,1,False
18015,0.54,1,True
3521,0.54,1,False
67802,0.54,1,True
76676,0.54,1,True
17997,0.54,1,False
73534,0.54,1,True
20700,0.54,1,True
22387,0.54,1,True
73653,0.54,1,True
72281,0.54,1,False
22933,0.54,1,False
19046,0.54,1,True
67426,0.54,1,True
99909,0.54,1,False
3574,0.54,1,False
72739,0.54,1,True
74727,0.54,1,False
1984,0.54,1,True
1956,0.54,1,True
22804,0.54,1,False
69357,0.54,1,True
76712,0.54,1,True
2831,0.54,1,False
72618,0.54,1,False
2973,0.54,1,True
22988,0.54,1,True
98922,0.54,1,False
68933,0.54,1,False
76919,0.54,1,False
1725,0.54,1,True
72586,0.54,1,True
72582,0.54,1,True
93988,0.54,1,True
22709,0.54,1,True
68463,0.54,1,True
68932,0.54,1,True
73788,0.54,1,True
72636,0.54,1,True
3517,0.54,1,False
74487,0.54,1,True
94926,0.54,1,False
76436,0.54,1,False
73994,0.54,1,True
67706,0.54,1,False
597,0.54,1,False
18806,0.54,1,True
66866,0.54,1,True
3563,0.54,1,False
74878,0.54,1,False
99240,0.54,1,True
69975,0.54,1,True
2915,0.54,1,False
68886,0.54,1,True
74617,0.54,1,False
2804,0.54,1,False
76956,0.54,1,False
74879,0.54,1,False
68194,0.54,1,True
22774,0.54,1,False
69661,0.54,1,True
1943,0.54,1,True
66640,0.54,1,False
22852,0.54,1,False
73839,0.54,1,True
22832,0.54,1,False
72711,0.54,1,False
2587,0.54,1,True
2792,0.54,1,True
72558,0.54,1,True
21589,0.54,1,True
68902,0.54,1,True
2645,0.54,1,False
17957,0.54,1,True
76998,0.54,1,True
67576,0.54,1,False
75981,0.54,1,False
19696,0.54,1,True
22697,0.54,1,False
2986,0.54,1,True
74117,0.54,1,True
74700,0.54,1,False
20952,0.54,1,True
2633,0.54,1,False
22830,0.54,1,False
75354,0.54,1,True
99934,0.54,1,False
76358,0.54,1,True
70985,0.54,1,True
18964,0.54,1,True
77203,0.54,1,False
50607,0.54,1,True
3674,0.54,1,False
97509,0.54,1,True
51593,0.54,1,True
83924,0.54,1,False
51229,0.54,1,True
83928,0.54,1,True
83940,0.54,1,True
7868,0.54,1,True
7874,0.54,1,False
27976,0.54,1,True
50547,0.54,1,True
51936,0.54,1,False
91925,0.54,1,True
84099,0.54,1,True
49981,0.54,1,True
49950,0.54,1,False
84259,0.54,1,False
49830,0.54,1,False
49812,0.54,1,False
16434,0.54,1,True
7957,0.54,1,False
49714,0.54,1,False
83888,0.54,1,True
83873,0.54,1,False
49664,0.54,1,True
83525,0.54,1,False
52952,0.54,1,True
52950,0.54,1,False
83428,0.54,1,True
52917,0.54,1,False
83455,0.54,1,True
52896,0.54,1,False
52887,0.54,1,True
52880,0.54,1,True
52831,0.54,1,False
52827,0.54,1,True
83602,0.54,1,True
7798,0.54,1,False
83604,0.54,1,True
16627,0.54,1,True
52513,0.54,1,False
83746,0.54,1,True
83755,0.54,1,True
83772,0.54,1,False
16594,0.54,1,True
27904,0.54,1,False
52236,0.54,1,True
7796,0.54,1,True
49709,0.54,1,True
49593,0.54,1,True
83349,0.54,1,True
46968,0.54,1,False
8909,0.54,1,True
8934,0.54,1,True
47474,0.54,1,False
47420,0.54,1,True
47391,0.54,1,True
47317,0.54,1,False
47316,0.54,1,True
15983,0.54,1,True
29784,0.54,1,True
15963,0.54,1,False
90880,0.54,1,True
47797,0.54,1,True
84902,0.54,1,False
15950,0.54,1,False
46864,0.54,1,True
29944,0.54,1,True
46818,0.54,1,False
29976,0.54,1,True
46786,0.54,1,False
84932,0.54,1,False
29999,0.54,1,True
90583,0.54,1,False
8883,0.54,1,False
47802,0.54,1,True
16414,0.54,1,True
28943,0.54,1,True
28532,0.54,1,True
48951,0.54,1,True
16345,0.54,1,True
8044,0.54,1,True
48846,0.54,1,True
28795,0.54,1,False
48777,0.54,1,True
16314,0.54,1,True
48413,0.54,1,True
84724,0.54,1,False
28953,0.54,1,False
29255,0.54,1,True
84748,0.54,1,False
47930,0.54,1,False
16108,0.54,1,True
47910,0.54,1,False
47887,0.54,1,True
29148,0.54,1,True
97292,0.54,1,True
47833,0.54,1,False
47827,0.54,1,False
47820,0.54,1,False
83384,0.54,1,False
52998,0.54,1,True
15917,0.54,1,False
81971,0.54,1,True
56951,0.54,1,False
26252,0.54,1,True
56910,0.54,1,False
56894,0.54,1,True
26491,0.54,1,False
56814,0.54,1,False
56797,0.54,1,False
56776,0.54,1,False
97735,0.54,1,True
6810,0.54,1,False
56581,0.54,1,True
56993,0.54,1,True
6891,0.54,1,False
56224,0.54,1,True
81994,0.54,1,True
92417,0.54,1,False
55951,0.54,1,True
55947,0.54,1,False
82169,0.54,1,True
26815,0.54,1,False
16914,0.54,1,True
82362,0.54,1,True
6638,0.54,1,True
25990,0.54,1,False
95225,0.54,1,True
57843,0.54,1,False
17541,0.54,1,False
58298,0.54,1,True
58228,0.54,1,True
97830,0.54,1,True
92641,0.54,1,False
5959,0.54,1,False
25860,0.54,1,False
5970,0.54,1,True
92610,0.54,1,True
92584,0.54,1,False
92580,0.54,1,False
25978,0.54,1,False
57777,0.54,1,False
57711,0.54,1,False
25956,0.54,1,True
6238,0.54,1,False
16998,0.54,1,True
16997,0.54,1,True
6333,0.54,1,False
57390,0.54,1,False
81394,0.54,1,True
57279,0.54,1,True
55861,0.54,1,False
82429,0.54,1,True
53191,0.54,1,True
53752,0.54,1,False
53944,0.54,1,False
53887,0.54,1,False
53857,0.54,1,True
82741,0.54,1,True
53821,0.54,1,True
91982,0.54,1,True
82801,0.54,1,False
82803,0.54,1,False
82807,0.54,1,False
53777,0.54,1,False
53742,0.54,1,True
82680,0.54,1,False
53694,0.54,1,False
82866,0.54,1,False
53653,0.54,1,False
82929,0.54,1,False
53587,0.54,1,True
53547,0.54,1,False
53411,0.54,1,False
53335,0.54,1,True
16670,0.54,1,False
53204,0.54,1,True
82685,0.54,1,True
54095,0.54,1,True
55817,0.54,1,True
54970,0.54,1,False
92357,0.54,1,True
55588,0.54,1,True
26970,0.54,1,False
7114,0.54,1,True
55269,0.54,1,True
82500,0.54,1,True
92305,0.54,1,False
55052,0.54,1,True
55016,0.54,1,True
54990,0.54,1,True
54956,0.54,1,True
7770,0.54,1,False
82544,0.54,1,False
27280,0.54,1,True
7463,0.54,1,False
82554,0.54,1,False
92144,0.54,1,True
54609,0.54,1,False
82639,0.54,1,False
27709,0.54,1,False
91987,0.54,1,False
7761,0.54,1,False
30572,0.54,1,True
46481,0.54,1,True
25705,0.54,1,False
88440,0.54,1,True
12955,0.54,1,True
96468,0.54,1,False
12981,0.54,1,True
86996,0.54,1,False
86997,0.54,1,True
13072,0.54,1,True
38783,0.54,1,False
13214,0.54,1,True
88465,0.54,1,True
33792,0.54,1,True
13377,0.54,1,True
38995,0.54,1,True
96269,0.54,1,False
96263,0.54,1,False
87410,0.54,1,True
87419,0.54,1,True
88344,0.54,1,True
33857,0.54,1,True
33869,0.54,1,False
33903,0.54,1,False
88204,0.54,1,True
37771,0.54,1,False
33632,0.54,1,False
39043,0.54,1,True
87581,0.54,1,False
40476,0.54,1,True
41384,0.54,1,True
12728,0.54,1,False
40988,0.54,1,False
86837,0.54,1,False
40969,0.54,1,False
86838,0.54,1,False
40957,0.54,1,True
12753,0.54,1,False
12759,0.54,1,False
12782,0.54,1,False
40384,0.54,1,True
33626,0.54,1,False
33314,0.54,1,False
88828,0.54,1,True
96595,0.54,1,True
39866,0.54,1,False
33495,0.54,1,True
33502,0.54,1,False
33505,0.54,1,False
86954,0.54,1,True
12909,0.54,1,False
39210,0.54,1,True
87524,0.54,1,True
13631,0.54,1,False
12677,0.54,1,False
34930,0.54,1,False
95936,0.54,1,False
34791,0.54,1,True
13970,0.54,1,True
13974,0.54,1,False
14890,0.54,1,False
13997,0.54,1,True
35968,0.54,1,False
35964,0.54,1,False
34898,0.54,1,True
34909,0.54,1,False
34946,0.54,1,False
13950,0.54,1,True
14426,0.54,1,True
14830,0.54,1,True
35842,0.54,1,False
34977,0.54,1,False
34981,0.54,1,False
14529,0.54,1,True
35747,0.54,1,True
35058,0.54,1,True
35689,0.54,1,True
35177,0.54,1,True
87790,0.54,1,False
13936,0.54,1,False
33969,0.54,1,True
13787,0.54,1,False
96130,0.54,1,True
34080,0.54,1,False
37246,0.54,1,True
13758,0.54,1,True
36978,0.54,1,False
36976,0.54,1,False
87689,0.54,1,True
14953,0.54,1,False
36946,0.54,1,True
34524,0.54,1,False
36924,0.54,1,False
36596,0.54,1,False
36906,0.54,1,False
13819,0.54,1,True
13823,0.54,1,False
14939,0.54,1,False
13831,0.54,1,True
95854,0.54,1,False
87713,0.54,1,True
13893,0.54,1,False
34700,0.54,1,True
87761,0.54,1,True
41531,0.54,1,True
12663,0.54,1,False
9797,0.54,1,True
32414,0.54,1,False
44987,0.54,1,False
44964,0.54,1,False
96901,0.54,1,False
89883,0.54,1,True
44895,0.54,1,False
32314,0.54,1,True
44890,0.54,1,False
11899,0.54,1,True
44801,0.54,1,True
11955,0.54,1,True
11969,0.54,1,True
10958,0.54,1,True
85745,0.54,1,True
44523,0.54,1,False
89750,0.54,1,False
32505,0.54,1,True
32508,0.54,1,True
32569,0.54,1,False
44119,0.54,1,True
44051,0.54,1,True
43971,0.54,1,True
43960,0.54,1,True
10966,0.54,1,True
89954,0.54,1,True
12325,0.54,1,True
45844,0.54,1,False
46260,0.54,1,True
45995,0.54,1,True
9882,0.54,1,True
45983,0.54,1,False
45973,0.54,1,False
30960,0.54,1,True
9921,0.54,1,True
45940,0.54,1,True
85047,0.54,1,True
45852,0.54,1,False
45826,0.54,1,True
95785,0.54,1,False
9989,0.54,1,True
10136,0.54,1,True
15651,0.54,1,True
45536,0.54,1,True
15577,0.54,1,True
10749,0.54,1,True
31931,0.54,1,True
45407,0.54,1,True
89957,0.54,1,True
10934,0.54,1,False
96810,0.54,1,False
43918,0.54,1,False
32959,0.54,1,False
86622,0.54,1,True
86168,0.54,1,True
86274,0.54,1,True
42898,0.54,1,False
42845,0.54,1,False
12530,0.54,1,True
42732,0.54,1,False
42725,0.54,1,True
42664,0.54,1,False
42615,0.54,1,True
42612,0.54,1,True
42523,0.54,1,False
85999,0.54,1,True
42362,0.54,1,True
89016,0.54,1,True
42261,0.54,1,True
42260,0.54,1,True
42190,0.54,1,True
41980,0.54,1,True
12604,0.54,1,True
88983,0.54,1,False
41950,0.54,1,True
86788,0.54,1,True
86037,0.54,1,True
32760,0.54,1,False
89680,0.54,1,True
43768,0.54,1,False
43895,0.54,1,False
96807,0.54,1,True
43876,0.54,1,True
43874,0.54,1,False
43862,0.54,1,False
43856,0.54,1,True
43853,0.54,1,True
43818,0.54,1,False
32641,0.54,1,False
12368,0.54,1,True
43728,0.54,1,False
85981,0.54,1,True
43693,0.54,1,False
85917,0.54,1,False
43677,0.54,1,False
12388,0.54,1,False
43615,0.54,1,False
85957,0.54,1,False
43355,0.54,1,False
32744,0.54,1,False
89500,0.54,1,True
12462,0.54,1,False
58494,0.54,1,True
51927,0.54,1,True
97841,0.54,1,False
97965,0.54,1,True
98359,0.54,1,True
62900,0.54,1,True
92754,0.54,1,False
97923,0.54,1,False
60934,0.54,1,True
63901,0.54,1,False
60943,0.54,1,True
23605,0.54,1,False
63931,0.54,1,True
3919,0.54,1,True
24924,0.54,1,False
63939,0.54,1,False
93595,0.54,1,False
60965,0.54,1,True
92971,0.54,1,False
3975,0.54,1,True
62772,0.54,1,False
63956,0.54,1,False
4926,0.54,1,False
77585,0.54,1,True
63959,0.54,1,True
3885,0.54,1,True
65800,0.54,1,False
62952,0.54,1,False
62949,0.54,1,True
59843,0.54,1,True
59844,0.54,1,False
62946,0.54,1,False
3876,0.54,1,False
93630,0.54,1,True
77977,0.54,1,False
92715,0.54,1,False
63758,0.54,1,False
92957,0.54,1,True
24972,0.54,1,False
23574,0.54,1,True
62925,0.54,1,False
3897,0.54,1,True
63826,0.54,1,False
65672,0.54,1,False
4828,0.54,1,True
23653,0.54,1,False
63706,0.54,1,False
62064,0.54,1,True
61977,0.54,1,True
62576,0.54,1,False
23804,0.54,1,False
93429,0.54,1,False
62515,0.54,1,True
79521,0.54,1,True
63521,0.54,1,False
4960,0.54,1,False
4953,0.54,1,False
23773,0.54,1,False
64680,0.54,1,False
64851,0.54,1,True
79185,0.54,1,True
77795,0.54,1,True
62315,0.54,1,True
17822,0.54,1,False
24830,0.54,1,True
92841,0.54,1,False
77709,0.54,1,False
23758,0.54,1,False
98036,0.54,1,True
4806,0.54,1,False
23660,0.54,1,False
97998,0.54,1,False
23664,0.54,1,False
92795,0.54,1,False
63968,0.54,1,True
77874,0.54,1,True
23678,0.54,1,True
23997,0.54,1,True
23682,0.54,1,False
4968,0.54,1,False
23974,0.54,1,True
23969,0.54,1,False
24868,0.54,1,False
77871,0.54,1,False
64430,0.54,1,True
78972,0.54,1,True
79542,0.54,1,True
23752,0.54,1,True
65849,0.54,1,True
62878,0.54,1,False
23882,0.54,1,False
58802,0.54,1,False
94979,0.54,1,True
63672,0.54,1,False
3755,0.54,1,False
66337,0.54,1,False
3693,0.54,1,False
80388,0.54,1,True
63442,0.54,1,False
63242,0.54,1,True
59519,0.54,1,True
65907,0.54,1,False
63178,0.54,1,True
58966,0.54,1,True
77285,0.54,1,True
59438,0.54,1,True
63443,0.54,1,False
3710,0.54,1,True
65916,0.54,1,True
77998,0.54,1,False
5870,0.54,1,False
92669,0.54,1,False
25414,0.54,1,True
17875,0.54,1,False
63477,0.54,1,True
59195,0.54,1,True
59177,0.54,1,True
63263,0.54,1,False
65903,0.54,1,False
65961,0.54,1,False
78637,0.54,1,True
78400,0.54,1,True
78423,0.54,1,True
24538,0.54,1,False
62992,0.54,1,True
63270,0.54,1,True
62996,0.54,1,True
63314,0.54,1,False
63693,0.54,1,False
65941,0.54,1,False
59700,0.54,1,True
17841,0.54,1,False
63686,0.54,1,False
63680,0.54,1,False
23468,0.54,1,True
97858,0.54,1,False
20390,0.53,1,True
23950,0.53,1,False
85923,0.53,1,False
9803,0.53,1,True
46136,0.53,1,False
23978,0.53,1,False
43912,0.53,1,False
23927,0.53,1,True
43909,0.53,1,False
93920,0.53,1,True
43649,0.53,1,False
58480,0.53,1,True
18707,0.53,1,True
43867,0.53,1,True
22930,0.53,1,False
43811,0.53,1,True
17932,0.53,1,False
43804,0.53,1,True
89632,0.53,1,True
93845,0.53,1,False
43892,0.53,1,False
43765,0.53,1,True
46257,0.53,1,True
78170,0.53,1,True
23963,0.53,1,True
89670,0.53,1,False
30833,0.53,1,True
92997,0.53,1,True
43879,0.53,1,False
30615,0.53,1,True
85879,0.53,1,False
43715,0.53,1,True
85956,0.53,1,False
43636,0.53,1,False
94778,0.53,1,True
73296,0.53,1,True
42985,0.53,1,False
42984,0.53,1,False
72282,0.53,1,True
66895,0.53,1,False
73332,0.53,1,True
72277,0.53,1,True
42966,0.53,1,False
22941,0.53,1,False
24522,0.53,1,True
42951,0.53,1,True
63564,0.53,1,False
15937,0.53,1,False
32792,0.53,1,False
12504,0.53,1,False
12511,0.53,1,False
42882,0.53,1,False
42865,0.53,1,True
42851,0.53,1,False
93239,0.53,1,True
42838,0.53,1,True
85988,0.53,1,False
22935,0.53,1,False
4673,0.53,1,True
72996,0.53,1,True
22846,0.53,1,False
46613,0.53,1,False
43635,0.53,1,False
63577,0.53,1,False
77834,0.53,1,False
15919,0.53,1,False
23923,0.53,1,False
46661,0.53,1,False
72995,0.53,1,True
32709,0.53,1,False
64679,0.53,1,True
43468,0.53,1,False
43444,0.53,1,False
84956,0.53,1,False
43441,0.53,1,False
73109,0.53,1,True
93201,0.53,1,True
30408,0.53,1,True
64670,0.53,1,False
94795,0.53,1,False
63994,0.53,1,True
89994,0.53,1,True
43934,0.53,1,False
63884,0.53,1,False
89953,0.53,1,True
30985,0.53,1,True
89952,0.53,1,True
17894,0.53,1,True
89949,0.53,1,True
45930,0.53,1,False
10963,0.53,1,False
44992,0.53,1,False
44991,0.53,1,False
9943,0.53,1,True
63832,0.53,1,True
11398,0.53,1,True
75905,0.53,1,False
11422,0.53,1,True
11475,0.53,1,True
63849,0.53,1,True
72467,0.53,1,True
44906,0.53,1,False
75899,0.53,1,False
96866,0.53,1,False
63872,0.53,1,False
63796,0.53,1,True
66990,0.53,1,True
94762,0.53,1,False
10602,0.53,1,False
9998,0.53,1,True
45734,0.53,1,False
72535,0.53,1,True
22853,0.53,1,True
45714,0.53,1,False
31405,0.53,1,True
45701,0.53,1,False
89968,0.53,1,True
3454,0.53,1,False
15796,0.53,1,True
45379,0.53,1,False
31905,0.53,1,True
9979,0.53,1,True
4892,0.53,1,False
24387,0.53,1,True
3463,0.53,1,False
89960,0.53,1,False
10844,0.53,1,False
31160,0.53,1,True
45875,0.53,1,False
45942,0.53,1,False
32322,0.53,1,False
43935,0.53,1,False
63898,0.53,1,False
75840,0.53,1,False
63609,0.53,1,True
2296,0.53,1,False
72774,0.53,1,False
92972,0.53,1,False
99805,0.53,1,True
12096,0.53,1,True
44271,0.53,1,False
72796,0.53,1,True
75952,0.53,1,True
72803,0.53,1,False
9878,0.53,1,True
99717,0.53,1,True
85778,0.53,1,False
17928,0.53,1,False
95655,0.53,1,True
43963,0.53,1,True
63966,0.53,1,False
85810,0.53,1,True
43945,0.53,1,False
32607,0.53,1,False
32500,0.53,1,False
67225,0.53,1,True
9898,0.53,1,False
63627,0.53,1,False
72693,0.53,1,False
20597,0.53,1,True
86390,0.53,1,True
44830,0.53,1,False
72703,0.53,1,False
32381,0.53,1,False
32384,0.53,1,True
32388,0.53,1,False
75866,0.53,1,False
11952,0.53,1,True
63935,0.53,1,False
95659,0.53,1,False
92970,0.53,1,True
22899,0.53,1,True
11987,0.53,1,True
32429,0.53,1,True
3447,0.53,1,False
45986,0.53,1,False
75848,0.53,1,False
89766,0.53,1,True
43993,0.53,1,True
42140,0.53,1,True
42755,0.53,1,False
14946,0.53,1,True
66722,0.53,1,False
13733,0.53,1,False
36999,0.53,1,False
13761,0.53,1,False
13766,0.53,1,False
18917,0.53,1,False
74529,0.53,1,False
13771,0.53,1,True
66712,0.53,1,True
23530,0.53,1,False
13775,0.53,1,True
65757,0.53,1,True
3855,0.53,1,False
87660,0.53,1,True
23510,0.53,1,True
74963,0.53,1,False
13799,0.53,1,True
36902,0.53,1,False
95850,0.53,1,False
13802,0.53,1,True
991,0.53,1,False
13818,0.53,1,True
98460,0.53,1,True
98798,0.53,1,True
93652,0.53,1,False
36858,0.53,1,True
13709,0.53,1,True
13694,0.53,1,True
66760,0.53,1,True
88090,0.53,1,True
13408,0.53,1,False
87407,0.53,1,True
3580,0.53,1,False
98331,0.53,1,True
3935,0.53,1,True
23602,0.53,1,False
37885,0.53,1,True
88321,0.53,1,True
33887,0.53,1,False
33890,0.53,1,False
33891,0.53,1,False
13496,0.53,1,False
37793,0.53,1,False
37422,0.53,1,False
87516,0.53,1,False
13556,0.53,1,True
3581,0.53,1,False
37680,0.53,1,False
37677,0.53,1,True
65688,0.53,1,True
3583,0.53,1,False
37580,0.53,1,False
87599,0.53,1,False
14979,0.53,1,False
13656,0.53,1,True
19517,0.53,1,True
95966,0.53,1,False
13829,0.53,1,False
13830,0.53,1,False
34944,0.53,1,False
65943,0.53,1,True
34883,0.53,1,False
23418,0.53,1,True
65958,0.53,1,False
552,0.53,1,True
23403,0.53,1,False
34913,0.53,1,False
34929,0.53,1,False
87853,0.53,1,False
87939,0.53,1,True
14364,0.53,1,False
34943,0.53,1,False
65980,0.53,1,False
986,0.53,1,False
3740,0.53,1,False
35863,0.53,1,False
23380,0.53,1,True
65992,0.53,1,False
35763,0.53,1,False
3706,0.53,1,True
296,0.53,1,True
74931,0.53,1,False
23286,0.53,1,True
35622,0.53,1,True
35288,0.53,1,True
35597,0.53,1,False
99968,0.53,1,False
87822,0.53,1,True
36282,0.53,1,True
98782,0.53,1,True
74658,0.53,1,False
66681,0.53,1,True
14927,0.53,1,False
94878,0.53,1,True
95963,0.53,1,False
13847,0.53,1,True
36748,0.53,1,False
13899,0.53,1,True
34737,0.53,1,True
65920,0.53,1,False
3785,0.53,1,True
14915,0.53,1,False
23151,0.53,1,True
65922,0.53,1,False
922,0.53,1,True
23422,0.53,1,False
74807,0.53,1,False
13952,0.53,1,False
3778,0.53,1,False
87959,0.53,1,False
36396,0.53,1,True
36387,0.53,1,True
99960,0.53,1,True
87805,0.53,1,False
14905,0.53,1,False
88351,0.53,1,True
13395,0.53,1,False
12555,0.53,1,True
64963,0.53,1,False
73661,0.53,1,False
32910,0.53,1,True
41992,0.53,1,True
41991,0.53,1,False
88987,0.53,1,True
19917,0.53,1,True
23788,0.53,1,False
73682,0.53,1,False
32949,0.53,1,True
19874,0.53,1,False
88945,0.53,1,True
88921,0.53,1,True
33147,0.53,1,True
12597,0.53,1,True
33179,0.53,1,False
23731,0.53,1,False
40986,0.53,1,True
40974,0.53,1,False
64971,0.53,1,False
40971,0.53,1,True
73739,0.53,1,True
64973,0.53,1,False
64974,0.53,1,True
12742,0.53,1,False
73751,0.53,1,True
96687,0.53,1,True
1973,0.53,1,False
19924,0.53,1,False
96264,0.53,1,False
73540,0.53,1,True
23875,0.53,1,True
32837,0.53,1,False
23857,0.53,1,True
42714,0.53,1,False
75528,0.53,1,True
42694,0.53,1,True
86559,0.53,1,False
23849,0.53,1,True
42647,0.53,1,False
12559,0.53,1,True
42617,0.53,1,True
64849,0.53,1,False
42606,0.53,1,False
42143,0.53,1,False
42560,0.53,1,False
22953,0.53,1,True
42378,0.53,1,True
93386,0.53,1,True
93391,0.53,1,True
73589,0.53,1,False
77764,0.53,1,True
64880,0.53,1,False
73605,0.53,1,False
42239,0.53,1,False
64888,0.53,1,False
42171,0.53,1,True
33254,0.53,1,True
23719,0.53,1,False
93525,0.53,1,False
1951,0.53,1,False
38931,0.53,1,True
38920,0.53,1,True
74997,0.53,1,False
96455,0.53,1,True
74995,0.53,1,True
73933,0.53,1,False
65352,0.53,1,False
12991,0.53,1,True
3968,0.53,1,False
94842,0.53,1,False
88542,0.53,1,True
74989,0.53,1,False
33734,0.53,1,True
40738,0.53,1,True
77611,0.53,1,False
13248,0.53,1,False
87245,0.53,1,True
96374,0.53,1,False
38104,0.53,1,True
33783,0.53,1,False
65567,0.53,1,True
33805,0.53,1,False
74972,0.53,1,False
13347,0.53,1,True
18889,0.53,1,True
23604,0.53,1,False
73904,0.53,1,True
3979,0.53,1,True
88641,0.53,1,True
12956,0.53,1,True
93744,0.53,1,False
98828,0.53,1,False
23680,0.53,1,False
39985,0.53,1,True
12839,0.53,1,False
12853,0.53,1,False
33394,0.53,1,True
33450,0.53,1,True
73812,0.53,1,False
23679,0.53,1,False
33491,0.53,1,False
93577,0.53,1,False
23666,0.53,1,False
23665,0.53,1,False
39806,0.53,1,False
73850,0.53,1,False
33517,0.53,1,False
73862,0.53,1,False
73863,0.53,1,True
65053,0.53,1,True
39652,0.53,1,True
33555,0.53,1,True
86967,0.53,1,False
39338,0.53,1,True
77642,0.53,1,True
63538,0.53,1,False
46549,0.53,1,False
2757,0.53,1,False
16827,0.53,1,False
98999,0.53,1,True
54179,0.53,1,True
82646,0.53,1,True
91986,0.53,1,True
92810,0.53,1,False
79633,0.53,1,True
82658,0.53,1,False
53976,0.53,1,True
24885,0.53,1,False
53967,0.53,1,False
67796,0.53,1,False
3264,0.53,1,False
53895,0.53,1,True
24883,0.53,1,False
53877,0.53,1,False
27759,0.53,1,True
67793,0.53,1,False
61730,0.53,1,True
82742,0.53,1,False
69462,0.53,1,True
61807,0.53,1,True
61914,0.53,1,True
21990,0.53,1,True
53767,0.53,1,True
92818,0.53,1,False
69222,0.53,1,True
92776,0.53,1,False
69143,0.53,1,True
54870,0.53,1,False
27197,0.53,1,False
54962,0.53,1,False
67841,0.53,1,False
60960,0.53,1,False
16817,0.53,1,True
16812,0.53,1,False
68952,0.53,1,True
60962,0.53,1,True
82556,0.53,1,False
22246,0.53,1,True
92193,0.53,1,True
27425,0.53,1,False
61226,0.53,1,True
54801,0.53,1,True
94452,0.53,1,True
54776,0.53,1,False
67825,0.53,1,False
92110,0.53,1,True
54613,0.53,1,True
60988,0.53,1,False
24913,0.53,1,False
7684,0.53,1,False
7731,0.53,1,True
69009,0.53,1,True
4971,0.53,1,True
21988,0.53,1,False
53735,0.53,1,False
3328,0.53,1,True
92838,0.53,1,False
62198,0.53,1,True
52943,0.53,1,False
62299,0.53,1,False
69844,0.53,1,True
62314,0.53,1,False
52903,0.53,1,False
76925,0.53,1,False
52847,0.53,1,True
52840,0.53,1,True
83509,0.53,1,False
83518,0.53,1,True
83393,0.53,1,True
83592,0.53,1,True
24824,0.53,1,False
52709,0.53,1,False
52691,0.53,1,False
69915,0.53,1,False
52648,0.53,1,True
83691,0.53,1,False
69935,0.53,1,True
62403,0.53,1,False
52527,0.53,1,True
52489,0.53,1,True
52953,0.53,1,True
62085,0.53,1,False
53717,0.53,1,False
82994,0.53,1,True
53703,0.53,1,True
67771,0.53,1,False
82915,0.53,1,False
82941,0.53,1,True
69641,0.53,1,True
53613,0.53,1,False
61975,0.53,1,True
82956,0.53,1,True
27806,0.53,1,False
53507,0.53,1,True
53505,0.53,1,False
53436,0.53,1,True
83335,0.53,1,True
83135,0.53,1,True
93982,0.53,1,True
53389,0.53,1,False
2417,0.53,1,True
53328,0.53,1,True
61988,0.53,1,True
61989,0.53,1,False
16660,0.53,1,False
53176,0.53,1,True
53137,0.53,1,True
52983,0.53,1,True
98985,0.53,1,True
68921,0.53,1,True
76518,0.53,1,True
82504,0.53,1,False
57677,0.53,1,False
92564,0.53,1,False
25506,0.53,1,False
68226,0.53,1,True
57660,0.53,1,False
68235,0.53,1,True
6245,0.53,1,True
6309,0.53,1,True
25965,0.53,1,False
6421,0.53,1,False
79981,0.53,1,True
59333,0.53,1,True
57157,0.53,1,False
57089,0.53,1,True
56997,0.53,1,True
3111,0.53,1,True
26094,0.53,1,True
59485,0.53,1,True
3135,0.53,1,True
94319,0.53,1,True
59523,0.53,1,False
56863,0.53,1,False
56850,0.53,1,False
81891,0.53,1,True
6763,0.53,1,True
57710,0.53,1,False
67932,0.53,1,False
57728,0.53,1,True
92632,0.53,1,False
94990,0.53,1,False
92643,0.53,1,False
98934,0.53,1,True
2989,0.53,1,True
5915,0.53,1,False
25769,0.53,1,False
58821,0.53,1,False
17520,0.53,1,False
17505,0.53,1,True
25798,0.53,1,False
5950,0.53,1,False
25852,0.53,1,False
25946,0.53,1,False
67942,0.53,1,False
80819,0.53,1,True
25904,0.53,1,False
5884,0.53,1,True
57899,0.53,1,False
92598,0.53,1,True
80964,0.53,1,True
94138,0.53,1,False
5883,0.53,1,True
92579,0.53,1,True
2960,0.53,1,False
5739,0.53,1,False
22399,0.53,1,False
97736,0.53,1,False
55684,0.53,1,False
82348,0.53,1,False
68801,0.53,1,False
68808,0.53,1,True
79857,0.53,1,True
67872,0.53,1,False
92389,0.53,1,False
82409,0.53,1,True
55833,0.53,1,True
92720,0.53,1,False
82434,0.53,1,True
55782,0.53,1,True
55680,0.53,1,True
68787,0.53,1,False
22283,0.53,1,False
16884,0.53,1,False
16866,0.53,1,False
55343,0.53,1,False
60686,0.53,1,True
82482,0.53,1,True
7073,0.53,1,True
17760,0.53,1,False
92758,0.53,1,False
68905,0.53,1,True
54984,0.53,1,False
82311,0.53,1,False
26822,0.53,1,False
95212,0.53,1,True
26595,0.53,1,False
2933,0.53,1,True
26513,0.53,1,True
94081,0.53,1,True
22672,0.53,1,False
26519,0.53,1,False
6794,0.53,1,False
6800,0.53,1,False
59710,0.53,1,True
22366,0.53,1,True
26574,0.53,1,True
81982,0.53,1,True
59823,0.53,1,False
55927,0.53,1,True
56101,0.53,1,True
26708,0.53,1,False
68707,0.53,1,True
55986,0.53,1,True
94977,0.53,1,False
55964,0.53,1,False
68741,0.53,1,False
59904,0.53,1,True
68747,0.53,1,True
92709,0.53,1,False
68761,0.53,1,False
52413,0.53,1,False
55311,0.53,1,True
18113,0.53,1,True
78943,0.53,1,False
47823,0.53,1,False
50127,0.53,1,True
47824,0.53,1,False
62991,0.53,1,True
93951,0.53,1,False
3365,0.53,1,False
28044,0.53,1,True
28119,0.53,1,True
29242,0.53,1,True
8849,0.53,1,True
16516,0.53,1,False
28187,0.53,1,True
84789,0.53,1,False
84249,0.53,1,True
47856,0.53,1,False
70945,0.53,1,True
70950,0.53,1,True
91850,0.53,1,True
47876,0.53,1,False
4920,0.53,1,False
2638,0.53,1,False
78954,0.53,1,False
50989,0.53,1,False
29447,0.53,1,True
84825,0.53,1,True
63149,0.53,1,False
94637,0.53,1,True
83949,0.53,1,False
90991,0.53,1,False
97225,0.53,1,True
95435,0.53,1,True
78699,0.53,1,True
29457,0.53,1,True
24668,0.53,1,True
3400,0.53,1,True
83973,0.53,1,True
29347,0.53,1,True
83981,0.53,1,False
71844,0.53,1,True
78963,0.53,1,False
62744,0.53,1,False
3363,0.53,1,False
76940,0.53,1,False
29289,0.53,1,True
99517,0.53,1,True
49837,0.53,1,True
4944,0.53,1,False
8367,0.53,1,True
8157,0.53,1,True
93967,0.53,1,False
16175,0.53,1,True
22796,0.53,1,False
76264,0.53,1,False
8277,0.53,1,False
28854,0.53,1,False
4923,0.53,1,False
95514,0.53,1,True
71285,0.53,1,True
22764,0.53,1,False
48488,0.53,1,True
28897,0.53,1,False
28959,0.53,1,True
48314,0.53,1,True
47962,0.53,1,False
78808,0.53,1,True
28942,0.53,1,True
47997,0.53,1,True
8573,0.53,1,True
8029,0.53,1,True
92912,0.53,1,False
97347,0.53,1,True
94942,0.53,1,False
21633,0.53,1,True
78928,0.53,1,True
76306,0.53,1,True
62821,0.53,1,True
24723,0.53,1,False
62942,0.53,1,True
62840,0.53,1,False
62853,0.53,1,True
49611,0.53,1,True
22780,0.53,1,True
28427,0.53,1,True
91792,0.53,1,True
70987,0.53,1,True
8787,0.53,1,True
71636,0.53,1,True
49255,0.53,1,True
78785,0.53,1,True
17840,0.53,1,False
2545,0.53,1,True
47604,0.53,1,False
29377,0.53,1,True
70578,0.53,1,True
46954,0.53,1,False
62718,0.53,1,False
20967,0.53,1,False
62693,0.53,1,True
83906,0.53,1,False
97516,0.53,1,False
71983,0.53,1,False
46853,0.53,1,False
70319,0.53,1,True
2697,0.53,1,False
83897,0.53,1,True
72045,0.53,1,True
62663,0.53,1,False
24761,0.53,1,True
51937,0.53,1,True
83879,0.53,1,False
22735,0.53,1,False
22762,0.53,1,False
52260,0.53,1,False
83855,0.53,1,False
95600,0.53,1,True
63466,0.53,1,True
46895,0.53,1,False
29942,0.53,1,False
83802,0.53,1,True
51963,0.53,1,False
27926,0.53,1,False
69998,0.53,1,True
92850,0.53,1,True
51989,0.53,1,True
51983,0.53,1,True
47390,0.53,1,False
29953,0.53,1,False
24814,0.53,1,False
62722,0.53,1,True
67339,0.53,1,True
84845,0.53,1,False
46823,0.53,1,False
62732,0.53,1,True
27880,0.53,1,False
2679,0.53,1,False
20982,0.53,1,False
91931,0.53,1,True
70401,0.53,1,True
15985,0.53,1,False
70523,0.53,1,True
71963,0.53,1,True
90765,0.53,1,True
7841,0.53,1,False
71964,0.53,1,True
51430,0.53,1,False
84922,0.53,1,False
99407,0.53,1,True
52265,0.53,1,True
92401,0.52,1,True
84923,0.52,1,False
84950,0.52,1,False
94267,0.52,1,True
94370,0.52,1,True
95892,0.52,1,False
76795,0.52,1,True
91346,0.52,1,True
80277,0.52,1,True
75910,0.52,1,False
84926,0.52,1,False
91171,0.52,1,True
92710,0.52,1,False
92405,0.52,1,True
93706,0.52,1,True
87924,0.52,1,False
94731,0.52,1,False
95909,0.52,1,False
76184,0.52,1,True
89955,0.52,1,False
93715,0.52,1,False
92633,0.52,1,False
97706,0.52,1,False
75911,0.52,1,False
90718,0.52,1,True
95822,0.52,1,False
82079,0.52,1,True
75980,0.52,1,False
74944,0.52,1,False
92670,0.52,1,False
97247,0.52,1,True
76073,0.52,1,True
87819,0.52,1,True
81773,0.52,1,True
99963,0.52,1,True
90996,0.52,1,False
93653,0.52,1,False
78158,0.52,1,True
79994,0.52,1,True
84998,0.52,1,True
79935,0.52,1,False
95943,0.52,1,False
92936,0.52,1,True
94929,0.52,1,False
99955,0.52,1,True
84835,0.52,1,False
95863,0.52,1,True
92561,0.52,1,False
92686,0.52,1,False
93943,0.52,1,False
92565,0.52,1,True
99719,0.52,1,True
95580,0.52,1,True
79899,0.52,1,False
79905,0.52,1,False
78229,0.52,1,True
81953,0.52,1,True
98654,0.52,1,True
92601,0.52,1,False
81947,0.52,1,True
95519,0.52,1,True
92591,0.52,1,False
75947,0.52,1,False
90854,0.52,1,True
78545,0.52,1,True
81943,0.52,1,True
92948,0.52,1,False
74948,0.52,1,False
92572,0.52,1,False
95923,0.52,1,False
95928,0.52,1,False
96177,0.52,1,True
85985,0.52,1,False
87997,0.52,1,True
82950,0.52,1,True
92835,0.52,1,False
83275,0.52,1,True
93824,0.52,1,True
83221,0.52,1,True
85911,0.52,1,False
83214,0.52,1,True
98903,0.52,1,False
86738,0.52,1,False
83155,0.52,1,True
99402,0.52,1,True
82982,0.52,1,True
85894,0.52,1,True
85890,0.52,1,False
93478,0.52,1,False
86789,0.52,1,False
99454,0.52,1,False
92987,0.52,1,True
94775,0.52,1,True
82924,0.52,1,False
93511,0.52,1,False
77687,0.52,1,True
82899,0.52,1,True
93987,0.52,1,True
82854,0.52,1,False
88887,0.52,1,True
82817,0.52,1,True
83943,0.52,1,True
83946,0.52,1,True
85859,0.52,1,False
76665,0.52,1,True
83390,0.52,1,False
89022,0.52,1,True
83882,0.52,1,False
89258,0.52,1,True
85989,0.52,1,False
79089,0.52,1,True
85992,0.52,1,False
79124,0.52,1,True
93821,0.52,1,False
83779,0.52,1,False
83724,0.52,1,True
83708,0.52,1,False
83680,0.52,1,False
93805,0.52,1,False
86281,0.52,1,False
93802,0.52,1,True
83673,0.52,1,True
89547,0.52,1,True
96782,0.52,1,False
83650,0.52,1,True
83635,0.52,1,True
86337,0.52,1,True
78997,0.52,1,True
76928,0.52,1,False
86412,0.52,1,False
83556,0.52,1,False
92843,0.52,1,False
94908,0.52,1,False
85951,0.52,1,False
89598,0.52,1,True
83445,0.52,1,False
85929,0.52,1,False
94784,0.52,1,False
93766,0.52,1,False
97941,0.52,1,False
79846,0.52,1,True
92745,0.52,1,False
96352,0.52,1,True
93601,0.52,1,True
83768,0.52,1,False
92273,0.52,1,True
74979,0.52,1,False
85639,0.52,1,False
96859,0.52,1,False
92296,0.52,1,False
98292,0.52,1,True
92755,0.52,1,False
79784,0.52,1,False
78823,0.52,1,True
94967,0.52,1,False
88346,0.52,1,True
82467,0.52,1,False
92816,0.52,1,True
97659,0.52,1,False
98927,0.52,1,False
82461,0.52,1,False
92930,0.52,1,False
88193,0.52,1,True
88172,0.52,1,True
87501,0.52,1,True
92731,0.52,1,False
88034,0.52,1,True
93889,0.52,1,True
97964,0.52,1,False
82401,0.52,1,False
96903,0.52,1,False
87551,0.52,1,True
93971,0.52,1,False
87087,0.52,1,False
98211,0.52,1,True
95291,0.52,1,True
96669,0.52,1,False
98925,0.52,1,False
83965,0.52,1,True
95809,0.52,1,True
96647,0.52,1,False
77679,0.52,1,False
97969,0.52,1,False
88819,0.52,1,False
84053,0.52,1,True
96815,0.52,1,False
82693,0.52,1,True
92890,0.52,1,False
82678,0.52,1,True
99481,0.52,1,True
78944,0.52,1,True
85777,0.52,1,False
85775,0.52,1,False
82645,0.52,1,False
94644,0.52,1,False
85749,0.52,1,False
96548,0.52,1,False
98811,0.52,1,True
91994,0.52,1,False
84256,0.52,1,True
92030,0.52,1,True
96461,0.52,1,False
88588,0.52,1,True
82576,0.52,1,False
96835,0.52,1,False
84930,0.52,1,False
99997,0.52,1,True
10982,0.52,1,True
66781,0.52,1,False
32671,0.52,1,True
37951,0.52,1,False
52506,0.52,1,False
66808,0.52,1,False
22782,0.52,1,False
54697,0.52,1,False
52515,0.52,1,False
66783,0.52,1,False
32712,0.52,1,True
52594,0.52,1,False
3969,0.52,1,False
3976,0.52,1,False
52545,0.52,1,False
66687,0.52,1,False
13993,0.52,1,True
41953,0.52,1,True
13991,0.52,1,True
66673,0.52,1,False
52478,0.52,1,False
66830,0.52,1,False
14408,0.52,1,True
66854,0.52,1,True
14705,0.52,1,False
67635,0.52,1,True
62169,0.52,1,True
24727,0.52,1,True
32587,0.52,1,False
3892,0.52,1,True
3894,0.52,1,False
67511,0.52,1,False
62267,0.52,1,True
12821,0.52,1,False
32595,0.52,1,False
14657,0.52,1,True
24719,0.52,1,True
21892,0.52,1,False
12829,0.52,1,False
33956,0.52,1,True
52447,0.52,1,True
23650,0.52,1,False
66611,0.52,1,True
67644,0.52,1,False
53984,0.52,1,True
12860,0.52,1,False
21950,0.52,1,True
32812,0.52,1,True
52725,0.52,1,False
52730,0.52,1,False
52736,0.52,1,False
41654,0.52,1,True
13926,0.52,1,False
62590,0.52,1,False
38268,0.52,1,True
4849,0.52,1,True
32838,0.52,1,True
13888,0.52,1,False
22710,0.52,1,False
65721,0.52,1,True
65695,0.52,1,False
41289,0.52,1,True
52776,0.52,1,False
65918,0.52,1,False
13945,0.52,1,False
41735,0.52,1,True
41808,0.52,1,True
54517,0.52,1,True
32739,0.52,1,False
52641,0.52,1,True
23656,0.52,1,True
66398,0.52,1,False
32748,0.52,1,False
52660,0.52,1,False
12856,0.52,1,True
33909,0.52,1,True
54154,0.52,1,False
23661,0.52,1,False
4580,0.52,1,True
10983,0.52,1,False
65990,0.52,1,True
62528,0.52,1,True
41895,0.52,1,False
52689,0.52,1,True
52218,0.52,1,False
67663,0.52,1,False
49831,0.52,1,True
34445,0.52,1,True
37809,0.52,1,False
42727,0.52,1,False
3611,0.52,1,True
24844,0.52,1,False
50891,0.52,1,False
21684,0.52,1,True
31950,0.52,1,True
42638,0.52,1,False
3632,0.52,1,True
68633,0.52,1,True
50961,0.52,1,False
42629,0.52,1,True
50969,0.52,1,True
68784,0.52,1,True
68773,0.52,1,False
42605,0.52,1,True
31989,0.52,1,True
31997,0.52,1,True
8734,0.52,1,True
60992,0.52,1,True
24847,0.52,1,False
60989,0.52,1,False
55765,0.52,1,True
8848,0.52,1,False
69745,0.52,1,True
49870,0.52,1,True
42779,0.52,1,True
37770,0.52,1,False
42766,0.52,1,False
49919,0.52,1,True
55627,0.52,1,True
12676,0.52,1,False
8821,0.52,1,True
3562,0.52,1,False
8774,0.52,1,False
8764,0.52,1,True
14970,0.52,1,False
69288,0.52,1,True
31723,0.52,1,True
8187,0.52,1,True
34337,0.52,1,True
12809,0.52,1,False
67773,0.52,1,False
67920,0.52,1,True
42255,0.52,1,True
67910,0.52,1,False
67862,0.52,1,False
42220,0.52,1,True
61997,0.52,1,False
7681,0.52,1,False
67789,0.52,1,False
7674,0.52,1,True
68620,0.52,1,False
14752,0.52,1,True
67741,0.52,1,False
67740,0.52,1,True
67721,0.52,1,True
32476,0.52,1,True
52136,0.52,1,True
3862,0.52,1,False
67689,0.52,1,False
51959,0.52,1,False
32447,0.52,1,True
21840,0.52,1,True
12802,0.52,1,True
24820,0.52,1,False
14912,0.52,1,False
55145,0.52,1,True
68523,0.52,1,True
54973,0.52,1,False
12751,0.52,1,False
32206,0.52,1,False
37829,0.52,1,True
51705,0.52,1,True
22834,0.52,1,False
32380,0.52,1,True
42527,0.52,1,True
23563,0.52,1,True
42490,0.52,1,True
32407,0.52,1,False
51948,0.52,1,True
3762,0.52,1,False
23674,0.52,1,False
65647,0.52,1,False
52783,0.52,1,True
38859,0.52,1,True
53535,0.52,1,False
63740,0.52,1,False
63739,0.52,1,False
12960,0.52,1,False
33739,0.52,1,False
13576,0.52,1,False
63704,0.52,1,False
63698,0.52,1,False
12977,0.52,1,True
53640,0.52,1,False
23781,0.52,1,False
53831,0.52,1,True
6890,0.52,1,False
39744,0.52,1,True
53624,0.52,1,False
63641,0.52,1,False
63624,0.52,1,True
6793,0.52,1,True
33312,0.52,1,True
39850,0.52,1,False
33753,0.52,1,False
63770,0.52,1,True
13681,0.52,1,False
53462,0.52,1,False
63865,0.52,1,False
53466,0.52,1,True
12937,0.52,1,False
38714,0.52,1,True
22647,0.52,1,False
23900,0.52,1,False
53860,0.52,1,True
63831,0.52,1,False
63807,0.52,1,False
33198,0.52,1,False
39906,0.52,1,True
63789,0.52,1,True
39900,0.52,1,False
63785,0.52,1,True
12946,0.52,1,False
63610,0.52,1,False
62939,0.52,1,True
32856,0.52,1,True
53719,0.52,1,False
63389,0.52,1,False
22596,0.52,1,False
38923,0.52,1,True
33610,0.52,1,True
53799,0.52,1,False
63364,0.52,1,True
38928,0.52,1,True
63334,0.52,1,False
63307,0.52,1,False
39436,0.52,1,True
6581,0.52,1,False
63275,0.52,1,False
53728,0.52,1,False
63170,0.52,1,True
6701,0.52,1,True
63124,0.52,1,True
62999,0.52,1,False
62997,0.52,1,True
38899,0.52,1,True
33550,0.52,1,False
13291,0.52,1,False
62948,0.52,1,False
23782,0.52,1,False
63588,0.52,1,True
23835,0.52,1,False
63542,0.52,1,False
33452,0.52,1,False
22516,0.52,1,False
6147,0.52,1,True
53656,0.52,1,False
63469,0.52,1,False
63460,0.52,1,False
6258,0.52,1,True
22526,0.52,1,True
6281,0.52,1,True
53662,0.52,1,False
6313,0.52,1,True
13315,0.52,1,False
13313,0.52,1,False
63900,0.52,1,False
13695,0.52,1,True
33020,0.52,1,True
5257,0.52,1,True
64933,0.52,1,False
64932,0.52,1,True
4977,0.52,1,False
52870,0.52,1,False
52881,0.52,1,True
64903,0.52,1,False
62748,0.52,1,False
52916,0.52,1,False
40947,0.52,1,False
62850,0.52,1,False
53966,0.52,1,True
12907,0.52,1,False
64873,0.52,1,False
12911,0.52,1,False
33804,0.52,1,False
32922,0.52,1,False
52957,0.52,1,True
64808,0.52,1,False
4976,0.52,1,False
4973,0.52,1,False
32882,0.52,1,False
12894,0.52,1,False
33893,0.52,1,False
65537,0.52,1,True
65459,0.52,1,False
33849,0.52,1,False
52812,0.52,1,False
40987,0.52,1,False
62715,0.52,1,False
65270,0.52,1,True
65160,0.52,1,True
24182,0.52,1,True
52854,0.52,1,True
4952,0.52,1,False
64988,0.52,1,True
13880,0.52,1,False
7398,0.52,1,False
40965,0.52,1,True
13846,0.52,1,True
32928,0.52,1,True
52958,0.52,1,False
52965,0.52,1,True
53896,0.52,1,False
22324,0.52,1,False
5882,0.52,1,False
32973,0.52,1,False
13720,0.52,1,True
32983,0.52,1,True
22325,0.52,1,True
62832,0.52,1,False
63964,0.52,1,True
5890,0.52,1,False
53401,0.52,1,False
62841,0.52,1,False
63946,0.52,1,False
62842,0.52,1,False
63926,0.52,1,False
63925,0.52,1,True
33780,0.52,1,False
22342,0.52,1,True
63984,0.52,1,True
5858,0.52,1,False
64722,0.52,1,True
39976,0.52,1,True
6980,0.52,1,False
22701,0.52,1,False
64681,0.52,1,False
40617,0.52,1,True
23966,0.52,1,False
62786,0.52,1,False
5689,0.52,1,True
5693,0.52,1,False
40402,0.52,1,True
6970,0.52,1,True
38637,0.52,1,True
5808,0.52,1,False
53181,0.52,1,True
64438,0.52,1,True
5842,0.52,1,False
5855,0.52,1,False
39988,0.52,1,True
12659,0.52,1,False
68996,0.52,1,True
37758,0.52,1,False
28253,0.52,1,True
11982,0.52,1,True
28388,0.52,1,True
73256,0.52,1,True
45952,0.52,1,False
43573,0.52,1,False
28505,0.52,1,True
12165,0.52,1,False
17408,0.52,1,True
9961,0.52,1,True
25928,0.52,1,False
2548,0.52,1,False
9949,0.52,1,False
46325,0.52,1,False
2565,0.52,1,False
56657,0.52,1,False
2570,0.52,1,False
58832,0.52,1,True
2452,0.52,1,False
9996,0.52,1,True
43512,0.52,1,False
45902,0.52,1,False
11973,0.52,1,True
45809,0.52,1,True
25957,0.52,1,False
45823,0.52,1,True
43674,0.52,1,False
11976,0.52,1,False
2281,0.52,1,False
43671,0.52,1,False
19630,0.52,1,True
2344,0.52,1,False
43667,0.52,1,False
27998,0.52,1,True
45887,0.52,1,True
28010,0.52,1,True
45888,0.52,1,False
2431,0.52,1,False
73385,0.52,1,False
46449,0.52,1,False
2572,0.52,1,True
45678,0.52,1,False
56257,0.52,1,False
16775,0.52,1,True
28968,0.52,1,True
35624,0.52,1,True
58984,0.52,1,False
72765,0.52,1,True
25829,0.52,1,False
19998,0.52,1,True
36968,0.52,1,False
46888,0.52,1,False
35420,0.52,1,True
29168,0.52,1,False
46922,0.52,1,False
16739,0.52,1,False
55953,0.52,1,False
46944,0.52,1,False
43182,0.52,1,False
16636,0.52,1,True
16780,0.52,1,False
28957,0.52,1,True
72965,0.52,1,True
49755,0.52,1,True
28716,0.52,1,True
56656,0.52,1,True
16999,0.52,1,True
46658,0.52,1,False
22920,0.52,1,True
58864,0.52,1,True
72904,0.52,1,True
58887,0.52,1,False
12303,0.52,1,False
25906,0.52,1,True
16909,0.52,1,False
16808,0.52,1,False
72818,0.52,1,False
72813,0.52,1,False
58925,0.52,1,False
72808,0.52,1,False
58938,0.52,1,True
11960,0.52,1,False
27918,0.52,1,False
22914,0.52,1,False
35975,0.52,1,False
74630,0.52,1,False
27176,0.52,1,True
57356,0.52,1,True
44663,0.52,1,False
57256,0.52,1,True
26591,0.52,1,False
74256,0.52,1,False
43911,0.52,1,True
73990,0.52,1,True
18936,0.52,1,False
27322,0.52,1,True
18382,0.52,1,True
26573,0.52,1,False
988,0.52,1,True
27460,0.52,1,True
1279,0.52,1,True
18371,0.52,1,True
43925,0.52,1,True
18644,0.52,1,False
36517,0.52,1,False
57522,0.52,1,True
74917,0.52,1,False
74910,0.52,1,False
43936,0.52,1,False
414,0.52,1,True
10974,0.52,1,False
26949,0.52,1,False
10990,0.52,1,True
43987,0.52,1,False
74885,0.52,1,False
10995,0.52,1,True
760,0.52,1,False
43998,0.52,1,True
57764,0.52,1,False
799,0.52,1,True
22967,0.52,1,False
26714,0.52,1,True
22963,0.52,1,True
57889,0.52,1,False
56950,0.52,1,False
27913,0.52,1,False
17938,0.52,1,False
19449,0.52,1,True
73749,0.52,1,True
44961,0.52,1,False
27816,0.52,1,False
73707,0.52,1,False
73701,0.52,1,False
10601,0.52,1,True
25974,0.52,1,True
43753,0.52,1,False
73681,0.52,1,True
19472,0.52,1,True
19484,0.52,1,True
45499,0.52,1,True
35891,0.52,1,False
36760,0.52,1,False
22987,0.52,1,True
35870,0.52,1,False
57972,0.52,1,False
10700,0.52,1,False
73935,0.52,1,True
44943,0.52,1,False
44861,0.52,1,False
73934,0.52,1,True
73930,0.52,1,False
35922,0.52,1,False
43829,0.52,1,False
73917,0.52,1,False
57932,0.52,1,False
73901,0.52,1,False
26268,0.52,1,True
44903,0.52,1,False
11940,0.52,1,False
10779,0.52,1,True
43788,0.52,1,True
44934,0.52,1,False
73801,0.52,1,True
22944,0.52,1,True
43778,0.52,1,False
2752,0.52,1,False
46783,0.52,1,False
46959,0.52,1,False
59874,0.52,1,True
15900,0.52,1,False
48006,0.52,1,True
15896,0.52,1,False
48210,0.52,1,True
24969,0.52,1,False
48351,0.52,1,True
48360,0.52,1,True
48601,0.52,1,True
37493,0.52,1,False
71773,0.52,1,True
8983,0.52,1,False
12577,0.52,1,False
48714,0.52,1,False
30387,0.52,1,True
59899,0.52,1,False
71621,0.52,1,True
29973,0.52,1,False
71944,0.52,1,False
47967,0.52,1,False
47966,0.52,1,False
2867,0.52,1,True
34947,0.52,1,True
47938,0.52,1,False
20931,0.52,1,True
12544,0.52,1,False
25297,0.52,1,True
29867,0.52,1,False
55893,0.52,1,False
72129,0.52,1,True
24993,0.52,1,True
59847,0.52,1,False
71990,0.52,1,True
24983,0.52,1,False
71984,0.52,1,True
29923,0.52,1,False
34907,0.52,1,False
8948,0.52,1,True
42920,0.52,1,False
37648,0.52,1,True
20986,0.52,1,False
42811,0.52,1,False
70137,0.52,1,True
42806,0.52,1,False
55825,0.52,1,True
69981,0.52,1,True
37716,0.52,1,False
49359,0.52,1,False
3424,0.52,1,True
24906,0.52,1,False
49399,0.52,1,True
49534,0.52,1,True
60734,0.52,1,True
8871,0.52,1,True
69878,0.52,1,False
30913,0.52,1,True
20978,0.52,1,True
2998,0.52,1,True
70536,0.52,1,True
48823,0.52,1,True
30738,0.52,1,True
55875,0.52,1,False
15828,0.52,1,True
55868,0.52,1,False
48833,0.52,1,False
34900,0.52,1,False
59986,0.52,1,True
30808,0.52,1,True
70941,0.52,1,False
8936,0.52,1,True
42875,0.52,1,True
48899,0.52,1,True
12619,0.52,1,False
42830,0.52,1,False
12542,0.52,1,False
59848,0.52,1,False
47858,0.52,1,False
59612,0.52,1,True
29620,0.52,1,True
15952,0.52,1,False
15957,0.52,1,False
59536,0.52,1,True
59530,0.52,1,True
72472,0.52,1,False
59468,0.52,1,True
12475,0.52,1,False
47508,0.52,1,True
16231,0.52,1,False
72557,0.52,1,True
29589,0.52,1,True
42995,0.52,1,True
22912,0.52,1,True
35025,0.52,1,True
9534,0.52,1,True
59189,0.52,1,True
12424,0.52,1,False
29541,0.52,1,True
16548,0.52,1,False
2758,0.52,1,False
29529,0.52,1,True
9584,0.52,1,True
29460,0.52,1,True
43169,0.52,1,True
55946,0.52,1,False
16629,0.52,1,False
2791,0.52,1,False
38989,0.52,1,True
15933,0.52,1,False
12490,0.52,1,False
25459,0.52,1,True
47817,0.52,1,False
47758,0.52,1,False
42968,0.52,1,False
55917,0.52,1,False
34955,0.52,1,False
42972,0.52,1,False
72368,0.52,1,True
55257,0.51,1,True
81548,0.51,1,True
38614,0.51,1,True
55941,0.51,1,False
12979,0.51,1,False
37675,0.51,1,False
22719,0.51,1,True
11745,0.51,1,True
87235,0.51,1,True
94144,0.51,1,True
11731,0.51,1,True
12706,0.51,1,False
38354,0.51,1,True
36470,0.51,1,False
82134,0.51,1,False
82399,0.51,1,False
55247,0.51,1,True
55997,0.51,1,True
38865,0.51,1,False
22717,0.51,1,False
36501,0.51,1,True
82761,0.51,1,False
12844,0.51,1,True
53786,0.51,1,True
54829,0.51,1,False
22929,0.51,1,False
37804,0.51,1,False
12653,0.51,1,False
10988,0.51,1,True
53954,0.51,1,False
55896,0.51,1,True
22591,0.51,1,False
82791,0.51,1,False
82287,0.51,1,True
36206,0.51,1,True
55774,0.51,1,True
93811,0.51,1,False
37252,0.51,1,True
55985,0.51,1,False
22840,0.51,1,False
10992,0.51,1,False
12634,0.51,1,False
55788,0.51,1,False
82691,0.51,1,True
56704,0.51,1,False
37702,0.51,1,True
56762,0.51,1,True
12849,0.51,1,True
11611,0.51,1,True
12682,0.51,1,True
22954,0.51,1,False
12904,0.51,1,True
87586,0.51,1,True
36600,0.51,1,True
12580,0.51,1,False
36562,0.51,1,False
54953,0.51,1,False
56299,0.51,1,True
12774,0.51,1,False
93930,0.51,1,True
22670,0.51,1,False
54885,0.51,1,False
96752,0.51,1,True
36714,0.51,1,False
12564,0.51,1,False
93940,0.51,1,True
53908,0.51,1,False
93941,0.51,1,False
36947,0.51,1,False
22810,0.51,1,False
96658,0.51,1,False
12483,0.51,1,True
22674,0.51,1,False
11946,0.51,1,False
56832,0.51,1,False
22797,0.51,1,False
37367,0.51,1,True
54232,0.51,1,True
56548,0.51,1,False
12254,0.51,1,False
56622,0.51,1,False
22702,0.51,1,True
82521,0.51,1,False
82513,0.51,1,False
37947,0.51,1,False
54886,0.51,1,False
82491,0.51,1,False
82665,0.51,1,False
12712,0.51,1,True
38856,0.51,1,True
38229,0.51,1,True
87680,0.51,1,False
53844,0.51,1,False
56896,0.51,1,False
55914,0.51,1,False
56885,0.51,1,False
82740,0.51,1,False
22699,0.51,1,False
82145,0.51,1,True
37937,0.51,1,False
56862,0.51,1,False
12345,0.51,1,False
12807,0.51,1,False
93798,0.51,1,True
36963,0.51,1,False
82736,0.51,1,False
22632,0.51,1,False
56270,0.51,1,False
22946,0.51,1,False
96789,0.51,1,False
34984,0.51,1,False
39037,0.51,1,True
19988,0.51,1,True
84863,0.51,1,False
42994,0.51,1,False
16238,0.51,1,True
84848,0.51,1,True
20115,0.51,1,True
47530,0.51,1,True
84843,0.51,1,True
42990,0.51,1,True
42983,0.51,1,True
15956,0.51,1,False
47627,0.51,1,True
20307,0.51,1,True
84814,0.51,1,False
95603,0.51,1,False
47847,0.51,1,True
47449,0.51,1,False
16367,0.51,1,True
47339,0.51,1,False
43261,0.51,1,True
16791,0.51,1,False
46789,0.51,1,False
46800,0.51,1,False
46812,0.51,1,False
46843,0.51,1,False
94793,0.51,1,False
46911,0.51,1,False
16514,0.51,1,True
46939,0.51,1,True
95395,0.51,1,True
43229,0.51,1,False
46953,0.51,1,False
16582,0.51,1,False
16554,0.51,1,False
95622,0.51,1,False
84779,0.51,1,False
15912,0.51,1,False
20981,0.51,1,True
42881,0.51,1,False
48852,0.51,1,False
15762,0.51,1,False
94707,0.51,1,True
48904,0.51,1,False
86361,0.51,1,True
48984,0.51,1,True
48834,0.51,1,False
84483,0.51,1,True
86393,0.51,1,False
49204,0.51,1,True
49292,0.51,1,False
42804,0.51,1,True
95778,0.51,1,False
94716,0.51,1,True
20955,0.51,1,True
47881,0.51,1,False
15870,0.51,1,False
95632,0.51,1,False
47934,0.51,1,False
47943,0.51,1,False
42944,0.51,1,False
20950,0.51,1,True
42925,0.51,1,False
15851,0.51,1,False
84645,0.51,1,True
48679,0.51,1,False
84693,0.51,1,True
48694,0.51,1,True
48743,0.51,1,True
15850,0.51,1,False
48815,0.51,1,False
43310,0.51,1,True
43408,0.51,1,False
42800,0.51,1,False
16956,0.51,1,False
94943,0.51,1,False
43893,0.51,1,True
85877,0.51,1,False
43872,0.51,1,False
44831,0.51,1,False
43859,0.51,1,False
44847,0.51,1,False
44872,0.51,1,True
43831,0.51,1,True
44886,0.51,1,False
18057,0.51,1,True
44916,0.51,1,False
44917,0.51,1,False
94959,0.51,1,False
43783,0.51,1,False
44796,0.51,1,False
18896,0.51,1,False
85850,0.51,1,False
43999,0.51,1,False
94916,0.51,1,False
43965,0.51,1,True
18754,0.51,1,False
43932,0.51,1,True
43991,0.51,1,True
43994,0.51,1,False
18702,0.51,1,True
18464,0.51,1,True
43931,0.51,1,True
43929,0.51,1,True
44299,0.51,1,True
18599,0.51,1,False
85836,0.51,1,False
85837,0.51,1,False
17999,0.51,1,False
43782,0.51,1,False
17948,0.51,1,False
17146,0.51,1,False
46155,0.51,1,True
17311,0.51,1,False
46360,0.51,1,True
46434,0.51,1,True
17232,0.51,1,True
84966,0.51,1,False
85954,0.51,1,False
45963,0.51,1,False
46663,0.51,1,True
94822,0.51,1,False
16966,0.51,1,False
16957,0.51,1,True
46698,0.51,1,True
43439,0.51,1,True
43533,0.51,1,False
19866,0.51,1,True
17931,0.51,1,True
45645,0.51,1,True
43758,0.51,1,False
44984,0.51,1,False
45506,0.51,1,True
17785,0.51,1,False
19621,0.51,1,False
94854,0.51,1,False
45646,0.51,1,False
17542,0.51,1,False
17706,0.51,1,False
45755,0.51,1,True
45842,0.51,1,False
45918,0.51,1,False
45923,0.51,1,False
45927,0.51,1,False
49656,0.51,1,True
21395,0.51,1,True
22550,0.51,1,True
52704,0.51,1,False
22210,0.51,1,True
22221,0.51,1,True
86880,0.51,1,False
83383,0.51,1,True
13790,0.51,1,False
40632,0.51,1,True
13762,0.51,1,False
95978,0.51,1,False
52995,0.51,1,True
22272,0.51,1,False
40089,0.51,1,True
13738,0.51,1,True
95986,0.51,1,True
53365,0.51,1,True
13704,0.51,1,False
21982,0.51,1,False
40895,0.51,1,True
52905,0.51,1,False
83547,0.51,1,False
52751,0.51,1,False
41495,0.51,1,True
13918,0.51,1,False
21958,0.51,1,False
83568,0.51,1,False
52764,0.51,1,False
13885,0.51,1,False
40962,0.51,1,True
13884,0.51,1,False
83531,0.51,1,False
52832,0.51,1,False
40973,0.51,1,False
13844,0.51,1,False
83465,0.51,1,False
13701,0.51,1,False
83140,0.51,1,False
53426,0.51,1,False
13346,0.51,1,True
22406,0.51,1,True
39738,0.51,1,True
39565,0.51,1,True
39473,0.51,1,True
39440,0.51,1,True
22477,0.51,1,True
13332,0.51,1,False
13565,0.51,1,False
82857,0.51,1,False
82847,0.51,1,False
22544,0.51,1,True
39106,0.51,1,True
53701,0.51,1,False
13290,0.51,1,False
82948,0.51,1,False
53570,0.51,1,False
53455,0.51,1,False
13658,0.51,1,True
96073,0.51,1,True
13680,0.51,1,False
82987,0.51,1,False
39914,0.51,1,False
13662,0.51,1,True
53504,0.51,1,False
86936,0.51,1,False
39828,0.51,1,True
39867,0.51,1,True
39856,0.51,1,True
13608,0.51,1,True
22365,0.51,1,False
86945,0.51,1,False
86948,0.51,1,False
95947,0.51,1,False
52687,0.51,1,True
84342,0.51,1,True
83655,0.51,1,False
50960,0.51,1,False
42611,0.51,1,False
14934,0.51,1,False
83954,0.51,1,True
14920,0.51,1,False
21737,0.51,1,True
42565,0.51,1,False
21743,0.51,1,True
21761,0.51,1,True
83929,0.51,1,False
50997,0.51,1,False
51360,0.51,1,True
86637,0.51,1,False
83915,0.51,1,True
51827,0.51,1,False
83978,0.51,1,False
94655,0.51,1,False
50882,0.51,1,True
42747,0.51,1,False
49847,0.51,1,False
15526,0.51,1,False
86501,0.51,1,True
49939,0.51,1,False
49942,0.51,1,True
49953,0.51,1,True
42744,0.51,1,False
50642,0.51,1,True
84147,0.51,1,True
49995,0.51,1,True
50195,0.51,1,True
14968,0.51,1,False
50381,0.51,1,True
42734,0.51,1,True
95868,0.51,1,False
14891,0.51,1,False
42491,0.51,1,False
41940,0.51,1,False
14279,0.51,1,True
95913,0.51,1,False
83731,0.51,1,False
41959,0.51,1,True
14152,0.51,1,True
52590,0.51,1,True
52627,0.51,1,True
83763,0.51,1,False
13982,0.51,1,True
52644,0.51,1,False
83667,0.51,1,False
13980,0.51,1,True
83662,0.51,1,False
83657,0.51,1,False
52411,0.51,1,False
14477,0.51,1,True
83889,0.51,1,False
51982,0.51,1,False
86700,0.51,1,False
86706,0.51,1,False
51954,0.51,1,True
14827,0.51,1,False
83847,0.51,1,False
14813,0.51,1,False
14785,0.51,1,False
41976,0.51,1,True
94587,0.51,1,False
52152,0.51,1,True
42072,0.51,1,True
41985,0.51,1,True
52272,0.51,1,True
41982,0.51,1,False
52667,0.51,1,True
18835,0.51,1,False
24635,0.51,1,False
72809,0.51,1,False
65936,0.51,1,True
2694,0.51,1,False
4700,0.51,1,False
4716,0.51,1,False
24432,0.51,1,True
65872,0.51,1,False
4733,0.51,1,True
91308,0.51,1,True
92955,0.51,1,False
24320,0.51,1,True
77520,0.51,1,False
65814,0.51,1,False
32828,0.51,1,True
25886,0.51,1,False
65667,0.51,1,True
72777,0.51,1,True
4909,0.51,1,False
32857,0.51,1,True
65405,0.51,1,False
65353,0.51,1,False
28921,0.51,1,False
4940,0.51,1,False
24151,0.51,1,True
72854,0.51,1,False
64966,0.51,1,False
64961,0.51,1,False
64959,0.51,1,False
32881,0.51,1,True
92986,0.51,1,True
72867,0.51,1,True
65966,0.51,1,False
32790,0.51,1,True
28908,0.51,1,False
32733,0.51,1,True
29297,0.51,1,True
32660,0.51,1,True
3959,0.51,1,True
66842,0.51,1,False
99272,0.51,1,True
92934,0.51,1,True
92935,0.51,1,True
76980,0.51,1,False
98149,0.51,1,True
3966,0.51,1,True
29249,0.51,1,True
66732,0.51,1,False
66709,0.51,1,False
99276,0.51,1,True
76999,0.51,1,True
4619,0.51,1,False
66682,0.51,1,False
3985,0.51,1,True
10975,0.51,1,True
89541,0.51,1,True
29084,0.51,1,True
66510,0.51,1,True
75849,0.51,1,False
66443,0.51,1,False
66254,0.51,1,True
66245,0.51,1,True
72748,0.51,1,True
4325,0.51,1,True
32750,0.51,1,False
32757,0.51,1,False
32901,0.51,1,False
72901,0.51,1,False
32649,0.51,1,True
5943,0.51,1,False
23921,0.51,1,False
33042,0.51,1,True
88911,0.51,1,True
23908,0.51,1,True
63873,0.51,1,False
33130,0.51,1,True
5922,0.51,1,False
63860,0.51,1,False
63853,0.51,1,True
24981,0.51,1,False
33191,0.51,1,True
63811,0.51,1,True
63790,0.51,1,False
93297,0.51,1,True
2530,0.51,1,False
63950,0.51,1,True
23855,0.51,1,True
88841,0.51,1,False
33325,0.51,1,True
63730,0.51,1,True
63723,0.51,1,False
88827,0.51,1,False
33347,0.51,1,False
33350,0.51,1,True
63662,0.51,1,True
33351,0.51,1,True
5964,0.51,1,False
33354,0.51,1,True
63649,0.51,1,False
77999,0.51,1,True
23922,0.51,1,True
63952,0.51,1,True
5400,0.51,1,True
72928,0.51,1,True
28835,0.51,1,True
28808,0.51,1,False
23976,0.51,1,True
64855,0.51,1,True
64830,0.51,1,False
64824,0.51,1,False
77792,0.51,1,False
5402,0.51,1,True
5475,0.51,1,True
28772,0.51,1,True
64694,0.51,1,False
32931,0.51,1,True
88979,0.51,1,True
93039,0.51,1,True
97901,0.51,1,False
25919,0.51,1,False
93040,0.51,1,False
64583,0.51,1,False
72953,0.51,1,False
88962,0.51,1,True
93195,0.51,1,True
97875,0.51,1,False
64243,0.51,1,True
63997,0.51,1,True
28728,0.51,1,True
97862,0.51,1,True
72967,0.51,1,False
5862,0.51,1,False
63981,0.51,1,False
5889,0.51,1,True
99189,0.51,1,True
32601,0.51,1,False
97816,0.51,1,False
31476,0.51,1,True
75959,0.51,1,False
29746,0.51,1,False
90949,0.51,1,True
24933,0.51,1,False
3387,0.51,1,False
72400,0.51,1,False
30971,0.51,1,False
3451,0.51,1,True
30986,0.51,1,False
69887,0.51,1,False
29723,0.51,1,True
72405,0.51,1,True
92796,0.51,1,False
69833,0.51,1,True
2830,0.51,1,False
3333,0.51,1,True
69826,0.51,1,True
25508,0.51,1,True
90960,0.51,1,True
3484,0.51,1,False
92675,0.51,1,False
69631,0.51,1,True
25607,0.51,1,False
76658,0.51,1,False
69532,0.51,1,True
72471,0.51,1,False
3518,0.51,1,True
76692,0.51,1,False
75931,0.51,1,False
31656,0.51,1,True
98906,0.51,1,True
72348,0.51,1,False
98791,0.51,1,False
70966,0.51,1,False
71931,0.51,1,True
2940,0.51,1,False
2945,0.51,1,True
2952,0.51,1,False
71948,0.51,1,True
2964,0.51,1,True
29894,0.51,1,True
98936,0.51,1,False
30177,0.51,1,False
75979,0.51,1,False
98975,0.51,1,True
3183,0.51,1,True
70982,0.51,1,True
24956,0.51,1,False
70965,0.51,1,False
3310,0.51,1,True
2881,0.51,1,False
25443,0.51,1,True
3267,0.51,1,False
70954,0.51,1,True
70946,0.51,1,True
76355,0.51,1,True
29806,0.51,1,True
92730,0.51,1,True
29777,0.51,1,True
70648,0.51,1,True
70623,0.51,1,True
29758,0.51,1,True
2860,0.51,1,True
2852,0.51,1,False
72494,0.51,1,False
31808,0.51,1,True
3925,0.51,1,False
3805,0.51,1,False
32406,0.51,1,True
98649,0.51,1,True
67999,0.51,1,True
29364,0.51,1,True
76865,0.51,1,False
25782,0.51,1,True
89813,0.51,1,False
32409,0.51,1,False
67961,0.51,1,False
89776,0.51,1,False
72694,0.51,1,False
32466,0.51,1,False
98566,0.51,1,True
3794,0.51,1,False
67809,0.51,1,False
92875,0.51,1,True
92882,0.51,1,True
72696,0.51,1,False
3838,0.51,1,True
32470,0.51,1,True
2755,0.51,1,False
3851,0.51,1,False
75876,0.51,1,False
98428,0.51,1,True
24736,0.51,1,False
32573,0.51,1,False
92638,0.51,1,True
3891,0.51,1,True
3903,0.51,1,False
3918,0.51,1,True
76856,0.51,1,False
32329,0.51,1,False
2783,0.51,1,True
89951,0.51,1,False
72517,0.51,1,False
68990,0.51,1,False
68955,0.51,1,True
31940,0.51,1,False
29594,0.51,1,True
3624,0.51,1,True
72543,0.51,1,False
68895,0.51,1,False
3628,0.51,1,True
68875,0.51,1,True
68855,0.51,1,True
29576,0.51,1,True
75918,0.51,1,False
72593,0.51,1,True
75916,0.51,1,False
68212,0.51,1,True
72598,0.51,1,False
89916,0.51,1,True
32088,0.51,1,True
72628,0.51,1,False
68595,0.51,1,True
29552,0.51,1,False
76832,0.51,1,False
68473,0.51,1,True
3684,0.51,1,False
32236,0.51,1,True
24802,0.51,1,False
3716,0.51,1,True
25717,0.51,1,True
72650,0.51,1,False
23842,0.51,1,True
71942,0.51,1,True
34253,0.51,1,True
73785,0.51,1,False
92492,0.51,1,False
7906,0.51,1,False
27712,0.51,1,True
33994,0.51,1,True
80589,0.51,1,True
33999,0.51,1,True
61829,0.51,1,True
97468,0.51,1,False
93626,0.51,1,False
35855,0.51,1,False
22990,0.51,1,True
8132,0.51,1,True
73810,0.51,1,True
27696,0.51,1,False
23528,0.51,1,False
1924,0.51,1,True
8611,0.51,1,True
34593,0.51,1,True
60993,0.51,1,True
9941,0.51,1,False
27695,0.51,1,True
74393,0.51,1,False
34739,0.51,1,True
97274,0.51,1,True
73881,0.51,1,False
7781,0.51,1,False
79497,0.51,1,False
34785,0.51,1,True
26140,0.51,1,False
7481,0.51,1,False
7495,0.51,1,False
58353,0.51,1,True
35751,0.51,1,True
99842,0.51,1,False
33934,0.51,1,False
62385,0.51,1,True
10459,0.51,1,True
58405,0.51,1,True
10287,0.51,1,True
23615,0.51,1,True
80664,0.51,1,False
91967,0.51,1,False
58596,0.51,1,True
58607,0.51,1,True
62292,0.51,1,True
79366,0.51,1,True
1968,0.51,1,True
62109,0.51,1,True
33966,0.51,1,False
73733,0.51,1,False
23588,0.51,1,False
61996,0.51,1,False
35861,0.51,1,False
73777,0.51,1,False
58847,0.51,1,True
34789,0.51,1,False
62476,0.51,1,True
59787,0.51,1,False
74304,0.51,1,False
96998,0.51,1,False
9251,0.51,1,True
80240,0.51,1,True
73953,0.51,1,False
79933,0.51,1,False
87926,0.51,1,False
79951,0.51,1,True
9881,0.51,1,True
26368,0.51,1,True
59456,0.51,1,True
59336,0.51,1,True
9449,0.51,1,True
35783,0.51,1,True
59251,0.51,1,False
27385,0.51,1,True
9600,0.51,1,True
23200,0.51,1,False
59059,0.51,1,True
23282,0.51,1,True
58997,0.51,1,True
74258,0.51,1,True
74974,0.51,1,False
9694,0.51,1,True
73995,0.51,1,True
96999,0.51,1,False
97026,0.51,1,True
27652,0.51,1,False
73951,0.51,1,False
60554,0.51,1,True
60331,0.51,1,True
93647,0.51,1,False
8887,0.51,1,True
59996,0.51,1,True
93649,0.51,1,True
1805,0.51,1,False
23442,0.51,1,False
75009,0.51,1,False
1772,0.51,1,True
59992,0.51,1,True
34820,0.51,1,True
58850,0.51,1,True
27602,0.51,1,False
34901,0.51,1,False
1660,0.51,1,True
9931,0.51,1,True
34918,0.51,1,False
8979,0.51,1,True
79876,0.51,1,True
1657,0.51,1,True
92478,0.51,1,True
35791,0.51,1,True
92471,0.51,1,False
23378,0.51,1,True
62455,0.51,1,True
58942,0.51,1,True
7462,0.51,1,False
33636,0.51,1,False
74934,0.51,1,False
26792,0.51,1,False
74898,0.51,1,False
88668,0.51,1,True
75552,0.51,1,True
62976,0.51,1,False
26956,0.51,1,False
62967,0.51,1,False
23809,0.51,1,False
99976,0.51,1,True
2443,0.51,1,False
57841,0.51,1,False
73438,0.51,1,False
99969,0.51,1,True
78805,0.51,1,True
27997,0.51,1,True
23772,0.51,1,True
6917,0.51,1,False
92338,0.51,1,True
62885,0.51,1,True
22973,0.51,1,True
10940,0.51,1,True
961,0.51,1,False
78849,0.51,1,True
25955,0.51,1,False
6707,0.51,1,False
6657,0.51,1,False
74855,0.51,1,False
93437,0.51,1,False
57720,0.51,1,False
78174,0.51,1,True
5987,0.51,1,False
78224,0.51,1,True
63593,0.51,1,False
33401,0.51,1,False
36110,0.51,1,True
87828,0.51,1,False
73134,0.51,1,True
6189,0.51,1,True
63433,0.51,1,False
33521,0.51,1,False
28434,0.51,1,True
33535,0.51,1,False
78449,0.51,1,True
57762,0.51,1,False
25929,0.51,1,False
63404,0.51,1,False
2490,0.51,1,False
63379,0.51,1,True
63375,0.51,1,False
93420,0.51,1,False
57774,0.51,1,False
33630,0.51,1,False
80980,0.51,1,False
78861,0.51,1,True
92319,0.51,1,False
62879,0.51,1,True
74804,0.51,1,False
78941,0.51,1,False
2264,0.51,1,True
33816,0.51,1,False
23702,0.51,1,False
93559,0.51,1,True
93565,0.51,1,True
57920,0.51,1,False
7297,0.51,1,False
74820,0.51,1,False
26671,0.51,1,False
33848,0.51,1,True
33886,0.51,1,False
33799,0.51,1,True
62641,0.51,1,False
88289,0.51,1,True
97635,0.51,1,False
87865,0.51,1,False
25958,0.51,1,False
92275,0.51,1,False
22981,0.51,1,False
73637,0.51,1,True
33908,0.51,1,True
10766,0.51,1,True
7430,0.51,1,False
35925,0.51,1,False
62770,0.51,1,False
26979,0.51,1,False
35927,0.51,1,False
62830,0.51,1,False
99822,0.51,1,True
57898,0.51,1,False
62851,0.51,1,False
62859,0.51,1,False
75438,0.51,1,True
62829,0.51,1,False
62833,0.51,1,False
27928,0.51,1,False
2088,0.51,1,True
62824,0.51,1,False
6927,0.51,1,False
23737,0.51,1,False
92560,0.51,1,True
27885,0.51,1,False
35931,0.51,1,False
6919,0.51,1,False
20662,0.5,1,False
92443,0.5,1,True
94763,0.5,1,False
94898,0.5,1,True
42973,0.5,1,False
94755,0.5,1,False
18887,0.5,1,True
42987,0.5,1,True
29835,0.5,1,True
29945,0.5,1,True
20379,0.5,1,False
92303,0.5,1,False
92258,0.5,1,True
92668,0.5,1,False
26771,0.5,1,False
42954,0.5,1,False
42982,0.5,1,False
18895,0.5,1,True
29692,0.5,1,True
26791,0.5,1,False
86169,0.5,1,True
43564,0.5,1,False
92667,0.5,1,False
28853,0.5,1,True
85950,0.5,1,False
28739,0.5,1,False
25939,0.5,1,False
28752,0.5,1,False
27972,0.5,1,False
28778,0.5,1,True
43459,0.5,1,True
25915,0.5,1,False
28183,0.5,1,True
43392,0.5,1,False
85964,0.5,1,False
94801,0.5,1,False
43379,0.5,1,False
43369,0.5,1,False
25905,0.5,1,False
94850,0.5,1,False
91897,0.5,1,False
43658,0.5,1,False
25896,0.5,1,False
28549,0.5,1,True
43540,0.5,1,False
91757,0.5,1,True
28533,0.5,1,True
85944,0.5,1,False
19903,0.5,1,False
19737,0.5,1,True
94843,0.5,1,False
28342,0.5,1,True
43648,0.5,1,False
25931,0.5,1,False
91651,0.5,1,False
43602,0.5,1,False
25924,0.5,1,False
43525,0.5,1,False
92581,0.5,1,True
43629,0.5,1,False
43316,0.5,1,True
28930,0.5,1,True
43906,0.5,1,False
19999,0.5,1,True
19284,0.5,1,True
18993,0.5,1,True
27661,0.5,1,False
43821,0.5,1,False
27635,0.5,1,True
92645,0.5,1,False
18939,0.5,1,True
43881,0.5,1,True
26267,0.5,1,True
42996,0.5,1,True
94884,0.5,1,False
92106,0.5,1,True
27505,0.5,1,False
43896,0.5,1,True
27382,0.5,1,False
94885,0.5,1,False
29262,0.5,1,True
26204,0.5,1,True
91956,0.5,1,False
25961,0.5,1,True
19989,0.5,1,True
27865,0.5,1,True
43291,0.5,1,False
85916,0.5,1,False
19990,0.5,1,True
92615,0.5,1,False
43687,0.5,1,False
28981,0.5,1,False
85939,0.5,1,False
28997,0.5,1,True
19995,0.5,1,True
92523,0.5,1,False
27838,0.5,1,False
25979,0.5,1,False
29152,0.5,1,True
43255,0.5,1,True
91696,0.5,1,True
36156,0.5,1,True
92706,0.5,1,False
23889,0.5,1,False
87159,0.5,1,True
38683,0.5,1,False
22689,0.5,1,False
33795,0.5,1,True
23732,0.5,1,True
38533,0.5,1,True
93581,0.5,1,True
88263,0.5,1,True
22727,0.5,1,False
23651,0.5,1,False
33932,0.5,1,True
23621,0.5,1,True
38195,0.5,1,True
37967,0.5,1,False
33939,0.5,1,False
23610,0.5,1,False
33964,0.5,1,True
23607,0.5,1,False
37934,0.5,1,False
33980,0.5,1,True
93953,0.5,1,True
93606,0.5,1,False
37903,0.5,1,False
33987,0.5,1,True
23557,0.5,1,True
93929,0.5,1,True
23532,0.5,1,False
33770,0.5,1,False
38826,0.5,1,False
38850,0.5,1,True
23819,0.5,1,False
23869,0.5,1,False
33296,0.5,1,True
39683,0.5,1,False
88787,0.5,1,True
33357,0.5,1,True
39368,0.5,1,True
22487,0.5,1,False
23831,0.5,1,False
22532,0.5,1,True
39124,0.5,1,True
88741,0.5,1,True
23822,0.5,1,False
22559,0.5,1,False
88493,0.5,1,False
93446,0.5,1,False
22567,0.5,1,False
38955,0.5,1,False
33649,0.5,1,False
33652,0.5,1,False
22627,0.5,1,False
93458,0.5,1,True
33696,0.5,1,False
23786,0.5,1,True
93462,0.5,1,False
33717,0.5,1,False
23761,0.5,1,False
34423,0.5,1,True
34425,0.5,1,False
23525,0.5,1,False
22947,0.5,1,False
93707,0.5,1,False
87718,0.5,1,False
22999,0.5,1,True
93822,0.5,1,False
22939,0.5,1,True
87738,0.5,1,False
87875,0.5,1,False
35906,0.5,1,False
22978,0.5,1,True
35917,0.5,1,False
36601,0.5,1,False
22976,0.5,1,True
35929,0.5,1,False
35641,0.5,1,True
36482,0.5,1,False
93782,0.5,1,False
22962,0.5,1,True
36345,0.5,1,True
93748,0.5,1,False
36280,0.5,1,False
93767,0.5,1,False
35947,0.5,1,False
35966,0.5,1,False
36260,0.5,1,True
87835,0.5,1,False
35979,0.5,1,False
35734,0.5,1,False
23242,0.5,1,True
34607,0.5,1,True
93881,0.5,1,False
34659,0.5,1,False
34721,0.5,1,True
34724,0.5,1,True
23521,0.5,1,False
34784,0.5,1,False
37727,0.5,1,False
23473,0.5,1,False
22849,0.5,1,False
93906,0.5,1,False
22872,0.5,1,True
34880,0.5,1,False
93659,0.5,1,False
37550,0.5,1,False
36982,0.5,1,False
37546,0.5,1,True
93875,0.5,1,False
34933,0.5,1,False
22903,0.5,1,False
23288,0.5,1,True
34974,0.5,1,True
37364,0.5,1,False
37300,0.5,1,True
43949,0.5,1,True
87655,0.5,1,True
35136,0.5,1,True
93679,0.5,1,False
39889,0.5,1,True
39941,0.5,1,True
24965,0.5,1,False
88920,0.5,1,True
92802,0.5,1,False
42767,0.5,1,False
89988,0.5,1,True
42753,0.5,1,False
24888,0.5,1,False
24872,0.5,1,False
92821,0.5,1,True
31752,0.5,1,True
21587,0.5,1,True
31851,0.5,1,True
31877,0.5,1,True
31944,0.5,1,True
21603,0.5,1,True
31969,0.5,1,True
31974,0.5,1,False
31977,0.5,1,True
24828,0.5,1,False
89934,0.5,1,False
42587,0.5,1,False
24812,0.5,1,False
92856,0.5,1,False
94622,0.5,1,True
21789,0.5,1,True
24800,0.5,1,True
89840,0.5,1,True
42465,0.5,1,False
32408,0.5,1,False
42784,0.5,1,False
21443,0.5,1,True
31497,0.5,1,False
92736,0.5,1,False
24961,0.5,1,False
90576,0.5,1,True
30202,0.5,1,True
92719,0.5,1,False
24959,0.5,1,False
24958,0.5,1,False
30724,0.5,1,False
30760,0.5,1,True
20969,0.5,1,True
92727,0.5,1,False
42850,0.5,1,False
24953,0.5,1,False
30901,0.5,1,False
42787,0.5,1,False
42817,0.5,1,True
24951,0.5,1,False
92753,0.5,1,False
24936,0.5,1,False
30963,0.5,1,True
24915,0.5,1,False
30967,0.5,1,True
86398,0.5,1,True
42803,0.5,1,True
24901,0.5,1,False
24897,0.5,1,False
42798,0.5,1,True
42274,0.5,1,False
42160,0.5,1,True
32471,0.5,1,False
32917,0.5,1,False
40981,0.5,1,False
40980,0.5,1,False
23987,0.5,1,True
23985,0.5,1,True
40963,0.5,1,False
32897,0.5,1,True
32902,0.5,1,True
32906,0.5,1,False
21981,0.5,1,True
40951,0.5,1,True
94477,0.5,1,True
40930,0.5,1,True
86891,0.5,1,False
32858,0.5,1,False
88985,0.5,1,False
22234,0.5,1,False
40502,0.5,1,True
22263,0.5,1,True
23934,0.5,1,False
40142,0.5,1,True
86915,0.5,1,False
39968,0.5,1,True
32986,0.5,1,True
93197,0.5,1,True
93208,0.5,1,False
39946,0.5,1,True
32868,0.5,1,True
41209,0.5,1,True
94583,0.5,1,True
32770,0.5,1,True
32574,0.5,1,False
24680,0.5,1,False
41973,0.5,1,False
89622,0.5,1,True
41970,0.5,1,False
21949,0.5,1,False
32687,0.5,1,True
32732,0.5,1,True
32735,0.5,1,False
41937,0.5,1,False
32747,0.5,1,False
89506,0.5,1,True
41922,0.5,1,True
24268,0.5,1,True
94544,0.5,1,False
41862,0.5,1,False
24536,0.5,1,False
32811,0.5,1,True
86810,0.5,1,True
41734,0.5,1,True
32816,0.5,1,True
32817,0.5,1,True
32836,0.5,1,True
89351,0.5,1,True
24307,0.5,1,False
89336,0.5,1,True
74930,0.5,1,False
13949,0.5,1,True
18784,0.5,1,True
2892,0.5,1,False
58956,0.5,1,False
9637,0.5,1,True
9622,0.5,1,True
58994,0.5,1,True
72026,0.5,1,True
59134,0.5,1,True
9578,0.5,1,True
9493,0.5,1,True
59565,0.5,1,True
79996,0.5,1,False
59662,0.5,1,True
2897,0.5,1,False
59734,0.5,1,False
9221,0.5,1,True
97064,0.5,1,True
9038,0.5,1,True
59877,0.5,1,False
2925,0.5,1,True
72068,0.5,1,True
80113,0.5,1,True
59933,0.5,1,False
57977,0.5,1,False
57921,0.5,1,False
10920,0.5,1,True
80893,0.5,1,True
72295,0.5,1,False
2880,0.5,1,False
72290,0.5,1,True
57936,0.5,1,True
80817,0.5,1,True
10536,0.5,1,True
9836,0.5,1,True
80693,0.5,1,True
58493,0.5,1,False
72256,0.5,1,False
9984,0.5,1,True
96965,0.5,1,True
58827,0.5,1,True
58855,0.5,1,False
9880,0.5,1,True
8975,0.5,1,False
2936,0.5,1,False
82626,0.5,1,False
79464,0.5,1,True
76077,0.5,1,True
97459,0.5,1,True
7967,0.5,1,False
61851,0.5,1,True
61960,0.5,1,False
7867,0.5,1,True
71724,0.5,1,True
61994,0.5,1,True
62107,0.5,1,True
61507,0.5,1,True
71666,0.5,1,False
76222,0.5,1,True
62334,0.5,1,True
62381,0.5,1,False
79294,0.5,1,True
79284,0.5,1,True
79260,0.5,1,True
7644,0.5,1,True
79623,0.5,1,True
79636,0.5,1,True
8946,0.5,1,True
97259,0.5,1,False
8945,0.5,1,True
59988,0.5,1,True
2938,0.5,1,True
59993,0.5,1,True
8896,0.5,1,True
8876,0.5,1,True
97248,0.5,1,False
60812,0.5,1,False
79765,0.5,1,True
61378,0.5,1,True
8832,0.5,1,True
2939,0.5,1,False
79754,0.5,1,True
60981,0.5,1,False
8630,0.5,1,False
71884,0.5,1,False
71819,0.5,1,False
8272,0.5,1,True
96933,0.5,1,False
10928,0.5,1,True
80926,0.5,1,False
75874,0.5,1,False
82447,0.5,1,False
55803,0.5,1,True
12631,0.5,1,True
55830,0.5,1,True
12601,0.5,1,False
2718,0.5,1,True
55841,0.5,1,False
82341,0.5,1,True
82324,0.5,1,False
68512,0.5,1,True
55888,0.5,1,False
99179,0.5,1,True
12535,0.5,1,False
55918,0.5,1,False
55940,0.5,1,False
82033,0.5,1,True
72675,0.5,1,False
55978,0.5,1,False
55771,0.5,1,False
12670,0.5,1,True
10932,0.5,1,False
12788,0.5,1,False
75841,0.5,1,False
96628,0.5,1,False
54758,0.5,1,False
72750,0.5,1,False
54851,0.5,1,False
12806,0.5,1,False
54894,0.5,1,True
54905,0.5,1,False
99286,0.5,1,True
72728,0.5,1,False
54931,0.5,1,False
96664,0.5,1,False
82534,0.5,1,True
54948,0.5,1,False
12758,0.5,1,False
12721,0.5,1,False
12687,0.5,1,False
55329,0.5,1,True
72665,0.5,1,False
55993,0.5,1,False
72662,0.5,1,False
96898,0.5,1,False
57172,0.5,1,True
57304,0.5,1,False
2829,0.5,1,False
57318,0.5,1,True
2833,0.5,1,False
57550,0.5,1,False
72404,0.5,1,False
57667,0.5,1,False
57724,0.5,1,True
72591,0.5,1,False
75954,0.5,1,False
57769,0.5,1,False
72374,0.5,1,True
80976,0.5,1,True
2850,0.5,1,True
57822,0.5,1,False
10961,0.5,1,True
2864,0.5,1,False
2822,0.5,1,True
56983,0.5,1,False
11755,0.5,1,True
11874,0.5,1,True
96819,0.5,1,False
96822,0.5,1,False
56665,0.5,1,True
56684,0.5,1,False
96824,0.5,1,False
56719,0.5,1,True
11948,0.5,1,False
56840,0.5,1,False
81876,0.5,1,True
2772,0.5,1,False
56843,0.5,1,False
56889,0.5,1,True
72506,0.5,1,False
72451,0.5,1,False
2784,0.5,1,True
75941,0.5,1,False
56952,0.5,1,False
62407,0.5,1,True
2995,0.5,1,False
62445,0.5,1,True
65874,0.5,1,True
65671,0.5,1,False
65732,0.5,1,True
4881,0.5,1,False
4841,0.5,1,True
4824,0.5,1,True
97972,0.5,1,False
68997,0.5,1,True
4784,0.5,1,True
68919,0.5,1,False
65343,0.5,1,True
65940,0.5,1,False
65950,0.5,1,True
4628,0.5,1,False
4617,0.5,1,False
4494,0.5,1,True
3620,0.5,1,False
77264,0.5,1,False
4272,0.5,1,False
77595,0.5,1,False
65050,0.5,1,False
63982,0.5,1,True
64801,0.5,1,True
5826,0.5,1,False
3472,0.5,1,True
5728,0.5,1,False
69589,0.5,1,False
5684,0.5,1,False
5655,0.5,1,False
5640,0.5,1,True
98841,0.5,1,True
77782,0.5,1,False
77666,0.5,1,False
64876,0.5,1,False
77760,0.5,1,False
97925,0.5,1,True
5255,0.5,1,True
5245,0.5,1,True
4984,0.5,1,True
69290,0.5,1,True
97948,0.5,1,True
4166,0.5,1,False
97996,0.5,1,False
3622,0.5,1,False
68039,0.5,1,True
3787,0.5,1,False
98621,0.5,1,True
67953,0.5,1,False
68649,0.5,1,True
76876,0.5,1,False
67992,0.5,1,True
76814,0.5,1,False
67997,0.5,1,False
3754,0.5,1,True
68892,0.5,1,False
3736,0.5,1,False
68160,0.5,1,True
68184,0.5,1,True
3730,0.5,1,False
68597,0.5,1,True
98689,0.5,1,True
68284,0.5,1,True
68574,0.5,1,True
98473,0.5,1,True
67751,0.5,1,False
3850,0.5,1,True
3864,0.5,1,False
66656,0.5,1,False
66685,0.5,1,False
66778,0.5,1,False
66792,0.5,1,False
68819,0.5,1,True
3963,0.5,1,False
68788,0.5,1,False
76786,0.5,1,False
98267,0.5,1,True
3956,0.5,1,False
66995,0.5,1,True
67136,0.5,1,False
3943,0.5,1,True
76950,0.5,1,False
68745,0.5,1,True
3873,0.5,1,False
98702,0.5,1,True
3469,0.5,1,False
63971,0.5,1,False
78998,0.5,1,True
62940,0.5,1,True
62881,0.5,1,False
78852,0.5,1,False
62884,0.5,1,False
78840,0.5,1,False
62898,0.5,1,False
98915,0.5,1,False
62913,0.5,1,True
6820,0.5,1,False
78771,0.5,1,False
62866,0.5,1,True
6710,0.5,1,False
69997,0.5,1,True
62961,0.5,1,False
62971,0.5,1,False
62974,0.5,1,True
62979,0.5,1,True
62982,0.5,1,False
78683,0.5,1,False
78870,0.5,1,False
6959,0.5,1,False
63957,0.5,1,False
78970,0.5,1,True
62496,0.5,1,False
78991,0.5,1,True
76259,0.5,1,False
70994,0.5,1,True
62640,0.5,1,False
70971,0.5,1,False
62650,0.5,1,False
97637,0.5,1,False
62695,0.5,1,False
3301,0.5,1,False
7346,0.5,1,False
78961,0.5,1,True
76336,0.5,1,True
62754,0.5,1,False
70687,0.5,1,True
62768,0.5,1,False
70590,0.5,1,True
62793,0.5,1,True
6570,0.5,1,False
63348,0.5,1,True
69986,0.5,1,True
3457,0.5,1,False
63748,0.5,1,False
97831,0.5,1,False
5945,0.5,1,False
63757,0.5,1,False
77976,0.5,1,False
63798,0.5,1,False
63821,0.5,1,True
5933,0.5,1,False
63863,0.5,1,False
97780,0.5,1,False
63879,0.5,1,True
63891,0.5,1,True
77935,0.5,1,True
63903,0.5,1,False
63917,0.5,1,True
5912,0.5,1,False
98865,0.5,1,False
5891,0.5,1,False
98888,0.5,1,False
63735,0.5,1,False
5947,0.5,1,False
63715,0.5,1,True
78573,0.5,1,True
6337,0.5,1,True
78520,0.5,1,True
98905,0.5,1,True
78470,0.5,1,True
78429,0.5,1,True
69971,0.5,1,False
63540,0.5,1,False
6110,0.5,1,True
63550,0.5,1,True
63567,0.5,1,False
97815,0.5,1,False
63630,0.5,1,False
69958,0.5,1,True
77997,0.5,1,True
63661,0.5,1,False
69936,0.5,1,True
54706,0.5,1,False
12661,0.5,1,False
96623,0.5,1,False
48909,0.5,1,True
15882,0.5,1,True
1950,0.5,1,True
95711,0.5,1,True
15781,0.5,1,False
84616,0.5,1,True
48882,0.5,1,True
73761,0.5,1,False
1966,0.5,1,True
48921,0.5,1,True
95404,0.5,1,False
48936,0.5,1,True
95741,0.5,1,False
15743,0.5,1,True
75301,0.5,1,True
48975,0.5,1,True
49013,0.5,1,True
15660,0.5,1,False
73684,0.5,1,False
15903,0.5,1,False
95636,0.5,1,False
15907,0.5,1,False
84749,0.5,1,True
46971,0.5,1,False
1712,0.5,1,True
84858,0.5,1,False
73922,0.5,1,True
16101,0.5,1,True
99899,0.5,1,False
47601,0.5,1,False
47615,0.5,1,False
47638,0.5,1,True
47639,0.5,1,True
73835,0.5,1,True
47755,0.5,1,False
73820,0.5,1,False
47762,0.5,1,False
1940,0.5,1,True
15940,0.5,1,False
47940,0.5,1,False
49692,0.5,1,True
15571,0.5,1,False
49776,0.5,1,True
50949,0.5,1,True
83961,0.5,1,False
14925,0.5,1,False
73575,0.5,1,False
83948,0.5,1,False
14911,0.5,1,False
50994,0.5,1,False
50996,0.5,1,False
75450,0.5,1,True
83931,0.5,1,False
51562,0.5,1,True
95866,0.5,1,False
14895,0.5,1,False
51893,0.5,1,True
83899,0.5,1,True
14875,0.5,1,False
14870,0.5,1,False
51951,0.5,1,True
14940,0.5,1,False
50903,0.5,1,False
49803,0.5,1,False
99825,0.5,1,True
49844,0.5,1,True
49857,0.5,1,True
75336,0.5,1,True
1972,0.5,1,False
99838,0.5,1,False
49916,0.5,1,True
14992,0.5,1,True
73650,0.5,1,False
14985,0.5,1,False
49958,0.5,1,False
14974,0.5,1,False
50186,0.5,1,True
73623,0.5,1,False
1989,0.5,1,True
12851,0.5,1,False
14941,0.5,1,False
2075,0.5,1,True
16691,0.5,1,False
84903,0.5,1,False
73516,0.5,1,True
44958,0.5,1,False
85604,0.5,1,False
94956,0.5,1,False
74851,0.5,1,False
44928,0.5,1,False
74822,0.5,1,True
44931,0.5,1,False
17971,0.5,1,False
44939,0.5,1,False
44968,0.5,1,False
46885,0.5,1,False
44997,0.5,1,True
45318,0.5,1,True
17888,0.5,1,True
74765,0.5,1,False
17730,0.5,1,False
17727,0.5,1,False
17708,0.5,1,True
954,0.5,1,True
18083,0.5,1,True
44843,0.5,1,False
99964,0.5,1,False
74949,0.5,1,False
18770,0.5,1,True
74899,0.5,1,False
85757,0.5,1,False
18581,0.5,1,True
74943,0.5,1,False
44620,0.5,1,False
689,0.5,1,True
44678,0.5,1,False
44688,0.5,1,False
44714,0.5,1,True
18389,0.5,1,True
44786,0.5,1,False
44789,0.5,1,True
18378,0.5,1,False
18182,0.5,1,True
44826,0.5,1,False
94947,0.5,1,False
17654,0.5,1,True
17644,0.5,1,False
17641,0.5,1,False
46669,0.5,1,False
46701,0.5,1,False
1284,0.5,1,True
16954,0.5,1,False
16927,0.5,1,False
46704,0.5,1,False
73962,0.5,1,True
16856,0.5,1,False
46725,0.5,1,False
84938,0.5,1,False
73955,0.5,1,False
84936,0.5,1,False
95319,0.5,1,False
46810,0.5,1,False
46827,0.5,1,False
46856,0.5,1,False
73950,0.5,1,True
99923,0.5,1,True
73968,0.5,1,True
16969,0.5,1,False
45910,0.5,1,False
95050,0.5,1,True
74489,0.5,1,False
84997,0.5,1,False
45911,0.5,1,False
74970,0.5,1,False
17616,0.5,1,True
45950,0.5,1,False
17526,0.5,1,True
17419,0.5,1,True
45968,0.5,1,False
45990,0.5,1,True
45994,0.5,1,False
46054,0.5,1,True
17336,0.5,1,True
84968,0.5,1,False
46535,0.5,1,False
74977,0.5,1,True
73987,0.5,1,True
73524,0.5,1,True
14944,0.5,1,False
2313,0.5,1,False
13299,0.5,1,False
72942,0.5,1,False
82960,0.5,1,True
53553,0.5,1,True
82952,0.5,1,True
13497,0.5,1,False
2608,0.5,1,False
75749,0.5,1,False
82938,0.5,1,False
13378,0.5,1,False
2619,0.5,1,True
13365,0.5,1,True
53643,0.5,1,False
82923,0.5,1,False
2632,0.5,1,False
13330,0.5,1,True
72885,0.5,1,False
82888,0.5,1,False
14836,0.5,1,True
82971,0.5,1,False
53529,0.5,1,True
53277,0.5,1,True
13754,0.5,1,True
13745,0.5,1,False
53134,0.5,1,True
53149,0.5,1,True
53195,0.5,1,True
53246,0.5,1,True
13735,0.5,1,False
13722,0.5,1,True
53526,0.5,1,False
13711,0.5,1,True
53448,0.5,1,True
53450,0.5,1,False
53477,0.5,1,False
72957,0.5,1,False
13617,0.5,1,False
82976,0.5,1,True
82878,0.5,1,False
53690,0.5,1,False
52994,0.5,1,True
53692,0.5,1,False
53888,0.5,1,True
82718,0.5,1,False
82717,0.5,1,False
2689,0.5,1,False
12924,0.5,1,False
12921,0.5,1,False
12918,0.5,1,True
53932,0.5,1,True
99322,0.5,1,True
53949,0.5,1,True
12892,0.5,1,False
53983,0.5,1,False
12886,0.5,1,False
82664,0.5,1,False
12876,0.5,1,True
72767,0.5,1,False
53995,0.5,1,False
53874,0.5,1,False
53861,0.5,1,True
82734,0.5,1,False
82785,0.5,1,False
53774,0.5,1,False
2635,0.5,1,False
2659,0.5,1,True
2671,0.5,1,False
13133,0.5,1,True
12994,0.5,1,False
82790,0.5,1,False
2672,0.5,1,False
82735,0.5,1,False
53801,0.5,1,False
53812,0.5,1,False
82768,0.5,1,False
82763,0.5,1,True
53835,0.5,1,True
72802,0.5,1,True
12939,0.5,1,False
72971,0.5,1,False
82966,0.5,1,False
13757,0.5,1,False
83572,0.5,1,True
83642,0.5,1,False
73390,0.5,1,False
73381,0.5,1,True
73302,0.5,1,False
83616,0.5,1,True
83611,0.5,1,False
52765,0.5,1,False
13979,0.5,1,False
99618,0.5,1,False
73196,0.5,1,True
52814,0.5,1,True
52839,0.5,1,False
73081,0.5,1,False
72990,0.5,1,True
13968,0.5,1,True
83683,0.5,1,False
72987,0.5,1,True
52277,0.5,1,False
83854,0.5,1,False
83830,0.5,1,False
14777,0.5,1,False
14731,0.5,1,True
14696,0.5,1,False
83786,0.5,1,False
75524,0.5,1,True
13988,0.5,1,True
73468,0.5,1,True
14317,0.5,1,True
2400,0.5,1,False
95920,0.5,1,False
52519,0.5,1,True
52559,0.5,1,False
52891,0.5,1,False
68377,0.5,1,True
13843,0.5,1,True
52975,0.5,1,False
75684,0.5,1,False
83436,0.5,1,False
52948,0.5,1,False
13801,0.5,1,False
52940,0.5,1,False
52954,0.5,1,False
13841,0.5,1,False
72972,0.5,1,False
13800,0.5,1,False
52904,0.5,1,True
52947,0.5,1,False
13821,0.5,1,False
13784,0.5,1,True
72978,0.5,1,True
24949,0.49,1,False
2722,0.49,1,False
1963,0.49,1,False
92489,0.49,1,True
24832,0.49,1,False
24825,0.49,1,False
2685,0.49,1,False
92441,0.49,1,False
1954,0.49,1,True
3645,0.49,1,False
2705,0.49,1,True
3634,0.49,1,False
26700,0.49,1,False
1922,0.49,1,True
1899,0.49,1,True
92845,0.49,1,False
883,0.49,1,True
92515,0.49,1,True
2384,0.49,1,False
3432,0.49,1,False
92703,0.49,1,False
26846,0.49,1,False
26833,0.49,1,False
403,0.49,1,True
25858,0.49,1,False
2242,0.49,1,True
487,0.49,1,True
92712,0.49,1,False
3377,0.49,1,False
2976,0.49,1,False
2696,0.49,1,False
26750,0.49,1,False
99318,0.49,1,True
1948,0.49,1,True
98700,0.49,1,False
2990,0.49,1,False
26716,0.49,1,False
910,0.49,1,True
2692,0.49,1,True
2993,0.49,1,False
92509,0.49,1,False
2444,0.49,1,False
26325,0.49,1,True
3494,0.49,1,False
25963,0.49,1,False
92827,0.49,1,True
3593,0.49,1,False
3288,0.49,1,False
26585,0.49,1,False
99615,0.49,1,True
2512,0.49,1,False
92662,0.49,1,False
98910,0.49,1,True
980,0.49,1,False
2888,0.49,1,True
2600,0.49,1,False
2625,0.49,1,False
92805,0.49,1,True
92700,0.49,1,False
3488,0.49,1,True
2890,0.49,1,True
1969,0.49,1,True
2614,0.49,1,True
24895,0.49,1,False
25917,0.49,1,False
24952,0.49,1,False
99067,0.49,1,True
92832,0.49,1,False
976,0.49,1,True
99093,0.49,1,True
25930,0.49,1,False
2786,0.49,1,False
98876,0.49,1,False
3453,0.49,1,False
92689,0.49,1,False
99171,0.49,1,True
25755,0.49,1,True
2500,0.49,1,True
99945,0.49,1,True
3211,0.49,1,True
2641,0.49,1,False
26648,0.49,1,False
2501,0.49,1,False
3600,0.49,1,False
25912,0.49,1,False
98787,0.49,1,True
98790,0.49,1,True
99127,0.49,1,True
24927,0.49,1,False
2763,0.49,1,True
3594,0.49,1,False
3595,0.49,1,False
8947,0.49,1,True
92857,0.49,1,False
13826,0.49,1,False
21973,0.49,1,False
13858,0.49,1,False
13862,0.49,1,False
94512,0.49,1,True
13881,0.49,1,False
21960,0.49,1,False
95955,0.49,1,False
13925,0.49,1,False
13930,0.49,1,True
13932,0.49,1,True
92374,0.49,1,False
94542,0.49,1,False
13951,0.49,1,True
13961,0.49,1,False
21944,0.49,1,True
14441,0.49,1,True
14517,0.49,1,True
14690,0.49,1,False
95885,0.49,1,False
14839,0.49,1,False
21797,0.49,1,True
14872,0.49,1,True
94631,0.49,1,False
21702,0.49,1,True
21668,0.49,1,True
94649,0.49,1,True
14945,0.49,1,False
21978,0.49,1,True
22222,0.49,1,True
22816,0.49,1,False
95979,0.49,1,True
12825,0.49,1,False
22792,0.49,1,False
93980,0.49,1,False
12871,0.49,1,False
12901,0.49,1,False
12915,0.49,1,True
22680,0.49,1,False
22678,0.49,1,False
22656,0.49,1,False
12966,0.49,1,False
12987,0.49,1,True
22574,0.49,1,True
13154,0.49,1,True
13215,0.49,1,True
13220,0.49,1,True
96388,0.49,1,False
13327,0.49,1,True
96335,0.49,1,False
22442,0.49,1,False
13370,0.49,1,False
13487,0.49,1,False
96226,0.49,1,False
22414,0.49,1,False
22407,0.49,1,False
13602,0.49,1,False
13637,0.49,1,False
13667,0.49,1,False
95825,0.49,1,False
95811,0.49,1,False
21578,0.49,1,True
15087,0.49,1,False
19947,0.49,1,False
19932,0.49,1,False
17266,0.49,1,False
94996,0.49,1,False
94988,0.49,1,False
19734,0.49,1,True
19664,0.49,1,False
94848,0.49,1,False
17685,0.49,1,False
17860,0.49,1,False
19523,0.49,1,True
17907,0.49,1,False
94960,0.49,1,False
19408,0.49,1,True
94957,0.49,1,False
18959,0.49,1,True
94951,0.49,1,False
94949,0.49,1,False
18284,0.49,1,True
18914,0.49,1,False
18499,0.49,1,True
18513,0.49,1,True
18674,0.49,1,False
18685,0.49,1,True
18712,0.49,1,True
18783,0.49,1,True
18850,0.49,1,False
19981,0.49,1,False
94810,0.49,1,False
94802,0.49,1,False
20942,0.49,1,True
94674,0.49,1,False
15178,0.49,1,True
95770,0.49,1,True
15723,0.49,1,True
95752,0.49,1,False
20983,0.49,1,False
20970,0.49,1,False
15757,0.49,1,False
95737,0.49,1,False
15778,0.49,1,False
94710,0.49,1,False
95678,0.49,1,False
15943,0.49,1,False
16890,0.49,1,False
20521,0.49,1,True
15951,0.49,1,False
20254,0.49,1,False
15962,0.49,1,False
15991,0.49,1,False
16063,0.49,1,True
16330,0.49,1,False
95467,0.49,1,False
16473,0.49,1,False
95370,0.49,1,True
95338,0.49,1,False
16792,0.49,1,False
12795,0.49,1,False
93927,0.49,1,True
92870,0.49,1,False
23961,0.49,1,False
23935,0.49,1,True
5790,0.49,1,False
5828,0.49,1,False
97857,0.49,1,False
5894,0.49,1,False
5930,0.49,1,False
23877,0.49,1,False
5935,0.49,1,True
23843,0.49,1,True
5951,0.49,1,False
93362,0.49,1,True
5980,0.49,1,False
23834,0.49,1,False
93392,0.49,1,False
97803,0.49,1,False
93409,0.49,1,False
23820,0.49,1,False
6642,0.49,1,False
93455,0.49,1,False
6767,0.49,1,True
93476,0.49,1,False
6903,0.49,1,False
6961,0.49,1,False
6973,0.49,1,False
23712,0.49,1,False
6998,0.49,1,True
7211,0.49,1,True
97902,0.49,1,False
23975,0.49,1,False
12628,0.49,1,True
5586,0.49,1,True
92881,0.49,1,False
3768,0.49,1,True
3817,0.49,1,False
3872,0.49,1,False
3884,0.49,1,False
3939,0.49,1,True
92911,0.49,1,False
24673,0.49,1,True
3957,0.49,1,True
3962,0.49,1,True
3965,0.49,1,False
3980,0.49,1,False
3988,0.49,1,False
4088,0.49,1,True
24539,0.49,1,False
4415,0.49,1,True
4721,0.49,1,False
4801,0.49,1,False
4870,0.49,1,False
4886,0.49,1,False
97960,0.49,1,False
4913,0.49,1,False
4935,0.49,1,False
4964,0.49,1,False
97946,0.49,1,False
4994,0.49,1,False
5173,0.49,1,False
23694,0.49,1,True
23663,0.49,1,False
97634,0.49,1,False
97633,0.49,1,True
10972,0.49,1,False
10973,0.49,1,True
11318,0.49,1,True
11644,0.49,1,True
93774,0.49,1,True
96870,0.49,1,False
11861,0.49,1,False
11883,0.49,1,False
96858,0.49,1,False
96857,0.49,1,False
11921,0.49,1,False
11945,0.49,1,True
11979,0.49,1,False
22923,0.49,1,False
93856,0.49,1,False
22915,0.49,1,True
12299,0.49,1,True
96809,0.49,1,True
12359,0.49,1,True
12364,0.49,1,False
12376,0.49,1,False
12429,0.49,1,False
12456,0.49,1,False
12541,0.49,1,False
12552,0.49,1,False
12585,0.49,1,True
96745,0.49,1,False
10965,0.49,1,True
10948,0.49,1,True
96935,0.49,1,False
8863,0.49,1,False
7520,0.49,1,True
7650,0.49,1,False
7653,0.49,1,False
97549,0.49,1,False
7708,0.49,1,False
7860,0.49,1,False
93620,0.49,1,False
8036,0.49,1,False
93631,0.49,1,True
8281,0.49,1,True
8447,0.49,1,True
8830,0.49,1,True
8897,0.49,1,False
10917,0.49,1,False
94911,0.49,1,False
23414,0.49,1,False
9272,0.49,1,True
9328,0.49,1,True
9608,0.49,1,True
93702,0.49,1,False
93705,0.49,1,False
23208,0.49,1,True
9794,0.49,1,False
9995,0.49,1,False
22989,0.49,1,True
93735,0.49,1,False
26860,0.49,1,False
50840,0.49,1,False
52993,0.49,1,False
59167,0.49,1,True
52640,0.49,1,False
40983,0.49,1,True
41124,0.49,1,True
65981,0.49,1,False
65912,0.49,1,True
59457,0.49,1,True
41740,0.49,1,True
59665,0.49,1,True
52563,0.49,1,False
41961,0.49,1,True
52546,0.49,1,False
79921,0.49,1,True
86761,0.49,1,False
42109,0.49,1,True
65846,0.49,1,False
42326,0.49,1,False
42328,0.49,1,False
52686,0.49,1,False
86849,0.49,1,False
40946,0.49,1,False
86923,0.49,1,False
66733,0.49,1,True
39431,0.49,1,False
39765,0.49,1,True
66651,0.49,1,False
39821,0.49,1,True
39829,0.49,1,False
66642,0.49,1,False
66488,0.49,1,False
86866,0.49,1,False
66485,0.49,1,False
40560,0.49,1,False
83637,0.49,1,False
66164,0.49,1,True
40883,0.49,1,False
59273,0.49,1,True
65997,0.49,1,False
86656,0.49,1,True
59779,0.49,1,False
52507,0.49,1,False
64985,0.49,1,True
52266,0.49,1,False
83799,0.49,1,True
65574,0.49,1,True
83813,0.49,1,False
59931,0.49,1,True
42950,0.49,1,True
64999,0.49,1,True
64958,0.49,1,True
83778,0.49,1,True
59935,0.49,1,False
42956,0.49,1,False
51984,0.49,1,True
59949,0.49,1,True
42963,0.49,1,True
42967,0.49,1,False
42970,0.49,1,True
42905,0.49,1,True
42856,0.49,1,False
42557,0.49,1,False
52387,0.49,1,False
59809,0.49,1,False
42580,0.49,1,False
42602,0.49,1,True
42651,0.49,1,False
42652,0.49,1,False
42682,0.49,1,False
83752,0.49,1,False
42773,0.49,1,False
79879,0.49,1,True
42785,0.49,1,False
86429,0.49,1,True
52361,0.49,1,False
65788,0.49,1,False
86374,0.49,1,False
65749,0.49,1,False
86354,0.49,1,False
79968,0.49,1,True
58989,0.49,1,True
76735,0.49,1,False
83580,0.49,1,True
58725,0.49,1,False
68213,0.49,1,True
68149,0.49,1,True
87667,0.49,1,False
37518,0.49,1,False
52987,0.49,1,False
58852,0.49,1,False
52978,0.49,1,True
83356,0.49,1,True
67890,0.49,1,True
37634,0.49,1,True
67821,0.49,1,False
83426,0.49,1,False
76906,0.49,1,True
80137,0.49,1,True
76918,0.49,1,False
58900,0.49,1,False
53189,0.49,1,True
68263,0.49,1,True
76838,0.49,1,False
87774,0.49,1,False
68909,0.49,1,True
36229,0.49,1,False
68899,0.49,1,False
36274,0.49,1,True
87809,0.49,1,False
36464,0.49,1,True
68839,0.49,1,False
36529,0.49,1,False
58722,0.49,1,False
36615,0.49,1,False
36629,0.49,1,True
68822,0.49,1,False
68774,0.49,1,False
87728,0.49,1,False
68670,0.49,1,True
87725,0.49,1,True
37849,0.49,1,False
37853,0.49,1,False
37865,0.49,1,False
38905,0.49,1,False
67340,0.49,1,True
38712,0.49,1,True
58920,0.49,1,False
83503,0.49,1,False
52810,0.49,1,False
87045,0.49,1,True
52803,0.49,1,True
52785,0.49,1,False
38657,0.49,1,True
66817,0.49,1,False
38964,0.49,1,True
76978,0.49,1,False
38967,0.49,1,True
52753,0.49,1,True
38985,0.49,1,True
86979,0.49,1,False
38685,0.49,1,False
52868,0.49,1,False
67704,0.49,1,False
52869,0.49,1,True
37916,0.49,1,False
67700,0.49,1,False
67670,0.49,1,False
37927,0.49,1,False
37971,0.49,1,False
38201,0.49,1,True
52924,0.49,1,False
83482,0.49,1,False
67524,0.49,1,False
67604,0.49,1,False
38340,0.49,1,False
67598,0.49,1,False
38366,0.49,1,True
38467,0.49,1,True
67577,0.49,1,False
67563,0.49,1,False
64937,0.49,1,False
43160,0.49,1,False
51962,0.49,1,False
59990,0.49,1,True
49751,0.49,1,False
78688,0.49,1,True
62993,0.49,1,True
62960,0.49,1,False
46247,0.49,1,True
46366,0.49,1,True
46620,0.49,1,True
61354,0.49,1,True
46644,0.49,1,False
62927,0.49,1,False
49459,0.49,1,True
61371,0.49,1,False
46682,0.49,1,False
46702,0.49,1,False
61453,0.49,1,True
84945,0.49,1,False
62914,0.49,1,False
49855,0.49,1,True
63157,0.49,1,True
60976,0.49,1,False
63420,0.49,1,False
63541,0.49,1,False
78330,0.49,1,True
44944,0.49,1,False
44956,0.49,1,False
60945,0.49,1,False
44996,0.49,1,False
63424,0.49,1,False
84231,0.49,1,True
45864,0.49,1,False
85271,0.49,1,True
45527,0.49,1,True
45545,0.49,1,False
78527,0.49,1,True
63365,0.49,1,True
63325,0.49,1,True
45858,0.49,1,False
48969,0.49,1,False
62897,0.49,1,False
62877,0.49,1,True
84828,0.49,1,False
62612,0.49,1,False
84854,0.49,1,False
62578,0.49,1,True
47499,0.49,1,True
47560,0.49,1,True
62547,0.49,1,True
62432,0.49,1,False
47712,0.49,1,False
47219,0.49,1,True
47766,0.49,1,False
62310,0.49,1,False
47850,0.49,1,False
48400,0.49,1,True
84777,0.49,1,False
47889,0.49,1,False
84718,0.49,1,True
84619,0.49,1,True
62742,0.49,1,False
62867,0.49,1,True
84901,0.49,1,False
46729,0.49,1,False
84518,0.49,1,True
48897,0.49,1,True
46840,0.49,1,True
62783,0.49,1,False
46880,0.49,1,False
61682,0.49,1,False
84897,0.49,1,False
61728,0.49,1,False
46952,0.49,1,False
48854,0.49,1,False
62751,0.49,1,False
62745,0.49,1,False
84885,0.49,1,False
46997,0.49,1,True
84876,0.49,1,True
78188,0.49,1,True
60938,0.49,1,False
63623,0.49,1,False
77849,0.49,1,False
51938,0.49,1,True
64609,0.49,1,True
77835,0.49,1,True
64606,0.49,1,True
51928,0.49,1,True
43675,0.49,1,True
43683,0.49,1,False
43686,0.49,1,False
77818,0.49,1,False
51925,0.49,1,False
85908,0.49,1,False
83903,0.49,1,False
64545,0.49,1,False
59997,0.49,1,True
85895,0.49,1,False
64504,0.49,1,True
83872,0.49,1,False
64740,0.49,1,True
85865,0.49,1,False
64902,0.49,1,False
43280,0.49,1,True
64923,0.49,1,False
43290,0.49,1,False
43293,0.49,1,False
83866,0.49,1,False
64920,0.49,1,False
64912,0.49,1,False
43455,0.49,1,False
77797,0.49,1,False
43491,0.49,1,False
64894,0.49,1,False
43493,0.49,1,False
64893,0.49,1,True
43495,0.49,1,False
77757,0.49,1,False
43531,0.49,1,False
43871,0.49,1,False
64386,0.49,1,False
44921,0.49,1,False
63752,0.49,1,False
63847,0.49,1,False
63837,0.49,1,True
44726,0.49,1,True
83986,0.49,1,True
85676,0.49,1,True
85674,0.49,1,True
44799,0.49,1,False
63751,0.49,1,True
63861,0.49,1,False
44807,0.49,1,False
83987,0.49,1,False
44827,0.49,1,False
63679,0.49,1,True
63658,0.49,1,False
44884,0.49,1,False
83992,0.49,1,True
44583,0.49,1,False
44544,0.49,1,False
85862,0.49,1,False
63983,0.49,1,True
64357,0.49,1,False
85855,0.49,1,False
50985,0.49,1,False
63996,0.49,1,True
43920,0.49,1,False
63993,0.49,1,True
43938,0.49,1,False
60714,0.49,1,True
50978,0.49,1,True
63961,0.49,1,True
63943,0.49,1,False
43959,0.49,1,True
85802,0.49,1,False
43968,0.49,1,True
43979,0.49,1,True
44232,0.49,1,True
35940,0.49,1,False
62046,0.49,1,True
53312,0.49,1,False
90134,0.49,1,True
75618,0.49,1,False
30957,0.49,1,False
73123,0.49,1,True
56813,0.49,1,True
73102,0.49,1,True
81896,0.49,1,True
72993,0.49,1,True
75666,0.49,1,False
90848,0.49,1,True
56841,0.49,1,False
75714,0.49,1,False
82682,0.49,1,False
72938,0.49,1,False
31546,0.49,1,True
53959,0.49,1,False
75760,0.49,1,False
82666,0.49,1,False
75588,0.49,1,False
73325,0.49,1,True
30851,0.49,1,False
29872,0.49,1,False
56706,0.49,1,True
29916,0.49,1,True
29977,0.49,1,True
54641,0.49,1,False
29982,0.49,1,False
90597,0.49,1,True
73477,0.49,1,True
81944,0.49,1,False
56750,0.49,1,False
73427,0.49,1,True
30574,0.49,1,True
75547,0.49,1,False
30751,0.49,1,True
81936,0.49,1,True
53948,0.49,1,False
31583,0.49,1,False
75776,0.49,1,True
72713,0.49,1,False
72710,0.49,1,True
32656,0.49,1,True
72700,0.49,1,False
32664,0.49,1,False
32685,0.49,1,False
32736,0.49,1,False
89535,0.49,1,True
57321,0.49,1,True
32810,0.49,1,True
32813,0.49,1,False
53795,0.49,1,False
89398,0.49,1,True
32841,0.49,1,True
32852,0.49,1,False
72687,0.49,1,False
32642,0.49,1,False
82793,0.49,1,False
72838,0.49,1,False
53800,0.49,1,True
82710,0.49,1,False
31943,0.49,1,False
31945,0.49,1,False
31981,0.49,1,True
31982,0.49,1,False
31987,0.49,1,False
89912,0.49,1,False
53849,0.49,1,True
35919,0.49,1,False
32192,0.49,1,True
72780,0.49,1,False
72773,0.49,1,False
56981,0.49,1,False
82772,0.49,1,False
32487,0.49,1,False
81959,0.49,1,False
54842,0.49,1,True
82805,0.49,1,False
27719,0.49,1,False
92111,0.49,1,True
27548,0.49,1,False
27591,0.49,1,True
74525,0.49,1,False
27693,0.49,1,False
74975,0.49,1,False
73978,0.49,1,False
73974,0.49,1,False
73536,0.49,1,False
27767,0.49,1,False
73965,0.49,1,True
74984,0.49,1,False
91972,0.49,1,True
27842,0.49,1,False
27851,0.49,1,False
55440,0.49,1,True
82156,0.49,1,True
27441,0.49,1,True
27367,0.49,1,True
27260,0.49,1,False
55903,0.49,1,False
74908,0.49,1,False
26910,0.49,1,False
55840,0.49,1,False
82408,0.49,1,False
74893,0.49,1,False
55836,0.49,1,True
74946,0.49,1,False
92316,0.49,1,True
82430,0.49,1,True
74951,0.49,1,False
55777,0.49,1,False
55939,0.49,1,False
82176,0.49,1,False
82458,0.49,1,False
27856,0.49,1,False
82074,0.49,1,False
73939,0.49,1,True
75281,0.49,1,True
54917,0.49,1,False
73671,0.49,1,False
54911,0.49,1,False
73664,0.49,1,False
29034,0.49,1,True
73600,0.49,1,False
29303,0.49,1,True
29325,0.49,1,True
29445,0.49,1,True
73599,0.49,1,False
29551,0.49,1,True
90975,0.49,1,True
56377,0.49,1,False
90972,0.49,1,False
29660,0.49,1,False
73699,0.49,1,False
28914,0.49,1,False
27877,0.49,1,True
54944,0.49,1,False
74993,0.49,1,False
55942,0.49,1,False
73918,0.49,1,True
27986,0.49,1,False
55989,0.49,1,False
73892,0.49,1,False
73864,0.49,1,False
28409,0.49,1,True
73797,0.49,1,False
28574,0.49,1,True
82525,0.49,1,False
28763,0.49,1,False
73786,0.49,1,False
28901,0.49,1,False
73781,0.49,1,True
89200,0.49,1,True
72790,0.49,1,False
70955,0.49,1,False
69713,0.49,1,True
53590,0.49,1,False
71577,0.49,1,True
71634,0.49,1,True
57825,0.49,1,False
80777,0.49,1,True
57812,0.49,1,False
33726,0.49,1,False
71729,0.49,1,True
80977,0.49,1,True
33705,0.49,1,True
57753,0.49,1,False
87943,0.49,1,False
33690,0.49,1,False
69523,0.49,1,True
33668,0.49,1,False
80988,0.49,1,True
33661,0.49,1,False
57715,0.49,1,False
69507,0.49,1,True
57979,0.49,1,False
88681,0.49,1,False
76528,0.49,1,False
33619,0.49,1,False
80991,0.49,1,False
33616,0.49,1,False
53405,0.49,1,False
53382,0.49,1,False
58398,0.49,1,True
58592,0.49,1,True
71547,0.49,1,False
69789,0.49,1,True
35647,0.49,1,False
57968,0.49,1,False
69943,0.49,1,True
69927,0.49,1,True
76512,0.49,1,False
69917,0.49,1,True
82981,0.49,1,False
34252,0.49,1,True
69984,0.49,1,False
70192,0.49,1,True
33935,0.49,1,True
53509,0.49,1,False
33925,0.49,1,False
88199,0.49,1,True
80921,0.49,1,True
33906,0.49,1,False
33896,0.49,1,False
33895,0.49,1,False
82963,0.49,1,False
57909,0.49,1,False
33836,0.49,1,True
34502,0.49,1,False
34583,0.49,1,False
80956,0.49,1,True
70920,0.49,1,True
83040,0.49,1,True
57419,0.49,1,True
33796,0.49,1,True
33765,0.49,1,False
80846,0.49,1,False
34811,0.49,1,False
33493,0.49,1,True
58225,0.49,1,True
33490,0.49,1,False
75972,0.49,1,False
72311,0.49,1,True
53654,0.49,1,False
32996,0.49,1,True
32991,0.49,1,True
75966,0.49,1,False
82906,0.49,1,False
69147,0.49,1,True
72349,0.49,1,True
32956,0.49,1,True
68999,0.49,1,True
35871,0.49,1,False
72412,0.49,1,False
53686,0.49,1,False
32933,0.49,1,False
53689,0.49,1,True
32919,0.49,1,True
35894,0.49,1,False
72442,0.49,1,False
72450,0.49,1,False
68918,0.49,1,True
75926,0.49,1,False
72540,0.49,1,True
53785,0.49,1,False
87864,0.49,1,False
75908,0.49,1,False
33186,0.49,1,True
32989,0.49,1,True
33985,0.49,1,True
88795,0.49,1,False
35710,0.49,1,False
35696,0.49,1,True
33300,0.49,1,False
75984,0.49,1,False
76713,0.49,1,False
69285,0.49,1,True
33322,0.49,1,False
53644,0.49,1,False
87904,0.49,1,False
72242,0.49,1,True
71981,0.49,1,True
57679,0.49,1,False
72264,0.49,1,False
33469,0.49,1,False
72243,0.49,1,True
7743,0.48,1,False
55950,0.48,1,False
96798,0.48,1,False
55909,0.48,1,False
82262,0.48,1,False
81990,0.48,1,False
12433,0.48,1,False
61982,0.48,1,False
80867,0.48,1,False
58693,0.48,1,False
12440,0.48,1,False
61257,0.48,1,True
79669,0.48,1,True
61196,0.48,1,True
97470,0.48,1,False
96968,0.48,1,False
7808,0.48,1,False
79520,0.48,1,True
79537,0.48,1,True
7939,0.48,1,False
9939,0.48,1,True
79615,0.48,1,True
79417,0.48,1,True
61981,0.48,1,False
80634,0.48,1,True
8177,0.48,1,True
58637,0.48,1,True
82158,0.48,1,False
7836,0.48,1,False
7998,0.48,1,True
79570,0.48,1,True
61528,0.48,1,True
10830,0.48,1,True
9916,0.48,1,True
58800,0.48,1,False
8256,0.48,1,False
97513,0.48,1,False
80552,0.48,1,False
58883,0.48,1,False
82211,0.48,1,False
10899,0.48,1,True
59818,0.48,1,False
80871,0.48,1,True
57652,0.48,1,False
9395,0.48,1,True
81732,0.48,1,True
56909,0.48,1,False
8933,0.48,1,True
11910,0.48,1,False
79840,0.48,1,True
56899,0.48,1,False
96894,0.48,1,False
8885,0.48,1,True
56852,0.48,1,False
9468,0.48,1,True
59994,0.48,1,True
59236,0.48,1,True
59232,0.48,1,True
57688,0.48,1,False
8895,0.48,1,True
57600,0.48,1,False
11900,0.48,1,True
81690,0.48,1,True
56966,0.48,1,False
11726,0.48,1,False
79902,0.48,1,True
57453,0.48,1,True
79875,0.48,1,False
11329,0.48,1,True
79906,0.48,1,True
59902,0.48,1,False
57278,0.48,1,False
57133,0.48,1,True
59752,0.48,1,False
57592,0.48,1,True
57599,0.48,1,True
81623,0.48,1,True
11812,0.48,1,True
59987,0.48,1,False
80993,0.48,1,True
59181,0.48,1,True
79688,0.48,1,True
8805,0.48,1,True
56391,0.48,1,False
10942,0.48,1,False
60920,0.48,1,False
57881,0.48,1,False
12317,0.48,1,False
9787,0.48,1,False
8828,0.48,1,True
81988,0.48,1,True
11957,0.48,1,False
97335,0.48,1,True
8781,0.48,1,False
60974,0.48,1,True
58901,0.48,1,True
8767,0.48,1,False
80898,0.48,1,True
56260,0.48,1,True
56500,0.48,1,True
12298,0.48,1,False
81980,0.48,1,False
60911,0.48,1,True
81930,0.48,1,True
96843,0.48,1,False
56792,0.48,1,False
59037,0.48,1,True
59999,0.48,1,True
60793,0.48,1,True
60818,0.48,1,True
60897,0.48,1,False
79773,0.48,1,False
12029,0.48,1,True
12160,0.48,1,True
79991,0.48,1,True
57867,0.48,1,False
9653,0.48,1,False
56586,0.48,1,False
26876,0.48,1,False
77623,0.48,1,False
7693,0.48,1,False
71943,0.48,1,True
72347,0.48,1,False
72342,0.48,1,False
75970,0.48,1,False
75986,0.48,1,True
2898,0.48,1,False
2920,0.48,1,True
71937,0.48,1,False
71695,0.48,1,True
71936,0.48,1,True
71837,0.48,1,True
71832,0.48,1,True
71822,0.48,1,True
71753,0.48,1,True
71734,0.48,1,False
75948,0.48,1,False
98986,0.48,1,False
75945,0.48,1,False
2827,0.48,1,True
72431,0.48,1,False
75939,0.48,1,False
72569,0.48,1,False
72635,0.48,1,False
75906,0.48,1,False
75902,0.48,1,False
72691,0.48,1,False
75879,0.48,1,False
75870,0.48,1,False
2737,0.48,1,False
2712,0.48,1,False
72720,0.48,1,False
72722,0.48,1,False
2985,0.48,1,False
71571,0.48,1,True
68102,0.48,1,True
69262,0.48,1,True
3495,0.48,1,True
69467,0.48,1,True
3557,0.48,1,True
98816,0.48,1,False
69420,0.48,1,False
69300,0.48,1,True
69260,0.48,1,True
76328,0.48,1,False
98772,0.48,1,True
76752,0.48,1,False
76808,0.48,1,False
3656,0.48,1,False
3699,0.48,1,False
3701,0.48,1,False
69698,0.48,1,False
98859,0.48,1,False
76617,0.48,1,False
69848,0.48,1,False
69863,0.48,1,True
69877,0.48,1,False
69898,0.48,1,False
3401,0.48,1,False
69951,0.48,1,True
3357,0.48,1,True
70231,0.48,1,True
70314,0.48,1,False
70347,0.48,1,False
70370,0.48,1,True
98918,0.48,1,False
70513,0.48,1,True
3279,0.48,1,True
72726,0.48,1,False
72731,0.48,1,False
75850,0.48,1,False
73795,0.48,1,False
73945,0.48,1,False
73926,0.48,1,False
73903,0.48,1,False
1831,0.48,1,True
73900,0.48,1,False
73829,0.48,1,True
73793,0.48,1,False
99312,0.48,1,True
73721,0.48,1,False
73679,0.48,1,False
1976,0.48,1,True
1981,0.48,1,True
73582,0.48,1,False
73563,0.48,1,False
1526,0.48,1,True
971,0.48,1,True
99952,0.48,1,False
74558,0.48,1,False
74619,0.48,1,False
952,0.48,1,False
74818,0.48,1,True
74819,0.48,1,False
74865,0.48,1,False
74872,0.48,1,True
74880,0.48,1,False
74886,0.48,1,False
484,0.48,1,False
74907,0.48,1,False
411,0.48,1,True
99992,0.48,1,True
362,0.48,1,True
73553,0.48,1,False
2233,0.48,1,True
2238,0.48,1,False
99608,0.48,1,True
72787,0.48,1,True
72798,0.48,1,False
72800,0.48,1,False
72805,0.48,1,True
72832,0.48,1,True
2670,0.48,1,True
99476,0.48,1,True
72872,0.48,1,False
72894,0.48,1,False
72905,0.48,1,False
72920,0.48,1,False
72962,0.48,1,True
72973,0.48,1,False
72994,0.48,1,True
99623,0.48,1,True
99814,0.48,1,False
73237,0.48,1,False
73264,0.48,1,True
2465,0.48,1,True
73326,0.48,1,False
73383,0.48,1,False
2392,0.48,1,False
2390,0.48,1,False
2370,0.48,1,False
99779,0.48,1,False
73488,0.48,1,False
73502,0.48,1,False
2295,0.48,1,False
73506,0.48,1,False
75497,0.48,1,False
68242,0.48,1,True
68049,0.48,1,True
79400,0.48,1,True
63476,0.48,1,True
63787,0.48,1,False
63773,0.48,1,True
63720,0.48,1,False
5969,0.48,1,False
63646,0.48,1,False
63608,0.48,1,False
97807,0.48,1,False
63237,0.48,1,False
63446,0.48,1,False
97797,0.48,1,False
97796,0.48,1,False
63405,0.48,1,False
6557,0.48,1,False
63296,0.48,1,False
97843,0.48,1,False
63920,0.48,1,False
5904,0.48,1,False
63924,0.48,1,True
63973,0.48,1,False
63975,0.48,1,False
77887,0.48,1,False
77872,0.48,1,False
5830,0.48,1,False
64541,0.48,1,False
5810,0.48,1,True
64571,0.48,1,False
5767,0.48,1,True
5763,0.48,1,False
64587,0.48,1,False
64611,0.48,1,True
64673,0.48,1,False
6609,0.48,1,True
6667,0.48,1,False
67978,0.48,1,False
62439,0.48,1,False
7343,0.48,1,False
62734,0.48,1,False
62677,0.48,1,False
62574,0.48,1,False
7428,0.48,1,False
62484,0.48,1,False
79131,0.48,1,True
6699,0.48,1,False
7545,0.48,1,True
79238,0.48,1,True
62276,0.48,1,False
7662,0.48,1,False
7664,0.48,1,False
62160,0.48,1,True
7180,0.48,1,False
62764,0.48,1,False
62774,0.48,1,False
6975,0.48,1,True
62795,0.48,1,False
62801,0.48,1,True
62845,0.48,1,False
6950,0.48,1,False
62904,0.48,1,False
6876,0.48,1,False
6846,0.48,1,False
6843,0.48,1,False
6835,0.48,1,False
62932,0.48,1,False
6788,0.48,1,False
62944,0.48,1,False
6729,0.48,1,False
64780,0.48,1,False
64879,0.48,1,False
97935,0.48,1,False
98170,0.48,1,True
66932,0.48,1,False
66910,0.48,1,False
98262,0.48,1,True
66869,0.48,1,False
66864,0.48,1,False
66816,0.48,1,False
66799,0.48,1,False
4979,0.48,1,False
98124,0.48,1,True
66797,0.48,1,False
66773,0.48,1,False
66707,0.48,1,False
3998,0.48,1,True
4042,0.48,1,False
67158,0.48,1,True
67257,0.48,1,False
67413,0.48,1,False
67466,0.48,1,False
98418,0.48,1,True
76941,0.48,1,False
67641,0.48,1,False
98425,0.48,1,True
67711,0.48,1,False
3843,0.48,1,True
98484,0.48,1,True
67800,0.48,1,False
67844,0.48,1,False
67919,0.48,1,True
67931,0.48,1,True
3769,0.48,1,False
67963,0.48,1,False
66563,0.48,1,False
77227,0.48,1,True
66141,0.48,1,False
65809,0.48,1,False
77719,0.48,1,False
97942,0.48,1,False
64955,0.48,1,False
4965,0.48,1,False
77695,0.48,1,False
4943,0.48,1,False
65310,0.48,1,True
82325,0.48,1,False
65627,0.48,1,False
4907,0.48,1,False
4888,0.48,1,True
65693,0.48,1,False
77542,0.48,1,False
4865,0.48,1,True
4842,0.48,1,False
77339,0.48,1,False
65810,0.48,1,False
4831,0.48,1,False
65816,0.48,1,False
4821,0.48,1,False
4809,0.48,1,False
65840,0.48,1,False
65842,0.48,1,False
4739,0.48,1,False
65869,0.48,1,False
77466,0.48,1,False
65904,0.48,1,False
97980,0.48,1,False
65989,0.48,1,False
65993,0.48,1,False
82307,0.48,1,False
83599,0.48,1,False
82347,0.48,1,True
34960,0.48,1,False
87743,0.48,1,False
36471,0.48,1,False
93770,0.48,1,True
36230,0.48,1,True
22968,0.48,1,True
35938,0.48,1,False
22975,0.48,1,True
35910,0.48,1,True
35862,0.48,1,False
35852,0.48,1,True
22995,0.48,1,True
35811,0.48,1,False
23076,0.48,1,True
35766,0.48,1,True
23230,0.48,1,False
35446,0.48,1,False
35395,0.48,1,False
36762,0.48,1,False
93813,0.48,1,False
36804,0.48,1,False
37286,0.48,1,True
93900,0.48,1,False
22867,0.48,1,True
37617,0.48,1,False
22876,0.48,1,False
22894,0.48,1,False
37591,0.48,1,False
87620,0.48,1,False
36939,0.48,1,False
93827,0.48,1,True
36844,0.48,1,False
93852,0.48,1,False
93849,0.48,1,False
36823,0.48,1,True
36807,0.48,1,False
93840,0.48,1,False
22925,0.48,1,True
35252,0.48,1,False
23299,0.48,1,True
20851,0.48,1,True
34931,0.48,1,False
33929,0.48,1,True
88221,0.48,1,True
33879,0.48,1,True
33839,0.48,1,False
33822,0.48,1,False
23705,0.48,1,False
93542,0.48,1,False
33814,0.48,1,False
23721,0.48,1,False
93508,0.48,1,False
33740,0.48,1,True
33728,0.48,1,False
93499,0.48,1,True
23774,0.48,1,False
23778,0.48,1,True
93484,0.48,1,True
88533,0.48,1,True
33936,0.48,1,False
33957,0.48,1,True
87998,0.48,1,False
34748,0.48,1,False
34916,0.48,1,False
87955,0.48,1,False
23469,0.48,1,True
23472,0.48,1,False
34815,0.48,1,False
34795,0.48,1,False
23512,0.48,1,False
34510,0.48,1,False
33975,0.48,1,False
34294,0.48,1,True
93623,0.48,1,False
33993,0.48,1,True
33992,0.48,1,False
93611,0.48,1,False
23566,0.48,1,True
33984,0.48,1,True
74919,0.48,1,False
87521,0.48,1,False
37791,0.48,1,False
37823,0.48,1,False
42132,0.48,1,True
21912,0.48,1,False
41962,0.48,1,False
94545,0.48,1,False
41916,0.48,1,False
86815,0.48,1,False
41329,0.48,1,True
21959,0.48,1,True
21964,0.48,1,True
86844,0.48,1,False
86845,0.48,1,False
22009,0.48,1,False
22030,0.48,1,True
40861,0.48,1,True
40750,0.48,1,True
40325,0.48,1,True
40164,0.48,1,False
21810,0.48,1,True
21785,0.48,1,True
42536,0.48,1,True
42837,0.48,1,False
94737,0.48,1,True
42943,0.48,1,False
42926,0.48,1,False
20953,0.48,1,True
42906,0.48,1,True
86288,0.48,1,True
42887,0.48,1,True
42824,0.48,1,False
42543,0.48,1,False
42815,0.48,1,False
20988,0.48,1,True
42780,0.48,1,False
42737,0.48,1,False
42692,0.48,1,False
42656,0.48,1,False
42558,0.48,1,True
39959,0.48,1,False
39942,0.48,1,False
22346,0.48,1,False
38311,0.48,1,True
38650,0.48,1,True
22700,0.48,1,True
38541,0.48,1,True
38468,0.48,1,True
93985,0.48,1,False
38314,0.48,1,True
93979,0.48,1,True
22769,0.48,1,True
38703,0.48,1,False
93958,0.48,1,True
93954,0.48,1,False
37926,0.48,1,False
37896,0.48,1,False
93933,0.48,1,False
93931,0.48,1,False
37834,0.48,1,False
22693,0.48,1,False
87137,0.48,1,True
22364,0.48,1,False
39109,0.48,1,True
39766,0.48,1,True
86963,0.48,1,False
39311,0.48,1,True
22510,0.48,1,False
39244,0.48,1,True
39201,0.48,1,True
86973,0.48,1,True
38969,0.48,1,False
38755,0.48,1,True
22585,0.48,1,False
22595,0.48,1,True
38909,0.48,1,False
38897,0.48,1,False
22635,0.48,1,False
22638,0.48,1,True
38779,0.48,1,False
88548,0.48,1,True
33701,0.48,1,True
23808,0.48,1,True
92746,0.48,1,True
25541,0.48,1,False
29600,0.48,1,True
90973,0.48,1,True
92656,0.48,1,False
29473,0.48,1,True
25794,0.48,1,False
25853,0.48,1,False
28992,0.48,1,True
92626,0.48,1,False
92622,0.48,1,True
28958,0.48,1,False
91334,0.48,1,True
28922,0.48,1,True
92608,0.48,1,True
91405,0.48,1,True
28866,0.48,1,False
28592,0.48,1,True
90964,0.48,1,True
25464,0.48,1,True
29748,0.48,1,True
24960,0.48,1,False
30920,0.48,1,True
30888,0.48,1,False
30877,0.48,1,False
30854,0.48,1,True
30817,0.48,1,True
30670,0.48,1,True
30442,0.48,1,True
30166,0.48,1,True
29808,0.48,1,True
29990,0.48,1,False
24975,0.48,1,False
90670,0.48,1,True
90673,0.48,1,False
29882,0.48,1,False
29847,0.48,1,True
92688,0.48,1,True
25921,0.48,1,False
28562,0.48,1,True
28548,0.48,1,True
26705,0.48,1,False
27216,0.48,1,True
27090,0.48,1,True
27084,0.48,1,True
26678,0.48,1,True
92434,0.48,1,True
26696,0.48,1,False
92420,0.48,1,True
26962,0.48,1,False
27267,0.48,1,False
92341,0.48,1,True
92342,0.48,1,False
92345,0.48,1,False
26780,0.48,1,False
26938,0.48,1,False
26884,0.48,1,False
26880,0.48,1,False
26645,0.48,1,False
26429,0.48,1,True
28248,0.48,1,True
27864,0.48,1,False
28200,0.48,1,True
25934,0.48,1,False
25948,0.48,1,False
91927,0.48,1,True
27959,0.48,1,False
27897,0.48,1,False
92557,0.48,1,True
92536,0.48,1,False
27582,0.48,1,False
92526,0.48,1,False
27789,0.48,1,False
27786,0.48,1,False
26156,0.48,1,True
27710,0.48,1,False
27701,0.48,1,False
27638,0.48,1,False
90243,0.48,1,True
30945,0.48,1,False
33640,0.48,1,False
30946,0.48,1,True
32952,0.48,1,True
93036,0.48,1,True
32946,0.48,1,False
32932,0.48,1,False
92993,0.48,1,False
92989,0.48,1,True
23977,0.48,1,False
32885,0.48,1,False
23984,0.48,1,False
89076,0.48,1,True
92979,0.48,1,False
92977,0.48,1,False
32879,0.48,1,False
92974,0.48,1,False
32874,0.48,1,False
24260,0.48,1,False
89400,0.48,1,True
88971,0.48,1,False
32962,0.48,1,False
32970,0.48,1,True
23848,0.48,1,False
33617,0.48,1,False
88717,0.48,1,False
33540,0.48,1,True
93384,0.48,1,False
33439,0.48,1,False
88805,0.48,1,False
23847,0.48,1,False
23864,0.48,1,True
88942,0.48,1,False
93313,0.48,1,False
33272,0.48,1,True
33250,0.48,1,False
33214,0.48,1,True
88885,0.48,1,True
23904,0.48,1,False
33128,0.48,1,True
92939,0.48,1,True
24641,0.48,1,False
92927,0.48,1,True
89996,0.48,1,True
24860,0.48,1,False
89977,0.48,1,True
92807,0.48,1,False
24892,0.48,1,False
89989,0.48,1,True
92804,0.48,1,False
31219,0.48,1,True
31179,0.48,1,True
31614,0.48,1,False
92782,0.48,1,False
30988,0.48,1,True
90187,0.48,1,False
24919,0.48,1,False
30962,0.48,1,True
24930,0.48,1,False
24931,0.48,1,False
31609,0.48,1,True
31697,0.48,1,True
92922,0.48,1,True
32398,0.48,1,False
32651,0.48,1,False
92910,0.48,1,False
92909,0.48,1,False
32624,0.48,1,False
32582,0.48,1,True
89765,0.48,1,True
89830,0.48,1,True
32293,0.48,1,True
89964,0.48,1,True
89871,0.48,1,True
32262,0.48,1,False
32215,0.48,1,True
92851,0.48,1,False
32133,0.48,1,False
24817,0.48,1,False
92837,0.48,1,False
20934,0.48,1,True
20697,0.48,1,False
55886,0.48,1,False
52609,0.48,1,False
52942,0.48,1,False
13822,0.48,1,True
52931,0.48,1,False
83444,0.48,1,False
83488,0.48,1,False
13873,0.48,1,False
52813,0.48,1,False
95954,0.48,1,False
83584,0.48,1,False
83589,0.48,1,False
52740,0.48,1,False
92362,0.48,1,False
83625,0.48,1,False
52698,0.48,1,False
83633,0.48,1,True
83634,0.48,1,False
52688,0.48,1,False
52971,0.48,1,False
52979,0.48,1,False
83318,0.48,1,False
53344,0.48,1,True
82998,0.48,1,True
13682,0.48,1,False
96061,0.48,1,True
95999,0.48,1,True
13687,0.48,1,False
13689,0.48,1,False
83055,0.48,1,True
95992,0.48,1,True
83291,0.48,1,True
13715,0.48,1,False
53327,0.48,1,False
13723,0.48,1,False
53263,0.48,1,True
83200,0.48,1,True
13740,0.48,1,False
52996,0.48,1,True
83664,0.48,1,True
13989,0.48,1,True
42953,0.48,1,True
13995,0.48,1,False
50982,0.48,1,False
14913,0.48,1,False
50981,0.48,1,False
83956,0.48,1,False
14928,0.48,1,False
50965,0.48,1,False
14943,0.48,1,False
14952,0.48,1,False
50628,0.48,1,False
50361,0.48,1,True
49988,0.48,1,False
49961,0.48,1,True
95812,0.48,1,False
49918,0.48,1,True
49917,0.48,1,False
49900,0.48,1,True
49862,0.48,1,True
83923,0.48,1,False
51617,0.48,1,False
51830,0.48,1,True
52317,0.48,1,False
52538,0.48,1,False
83730,0.48,1,True
95914,0.48,1,False
52494,0.48,1,False
52468,0.48,1,False
52377,0.48,1,False
14562,0.48,1,False
95898,0.48,1,False
14883,0.48,1,False
51985,0.48,1,False
83827,0.48,1,True
51979,0.48,1,True
14816,0.48,1,False
83861,0.48,1,False
95882,0.48,1,False
95880,0.48,1,False
53470,0.48,1,False
82986,0.48,1,True
82985,0.48,1,True
82977,0.48,1,True
82565,0.48,1,False
54878,0.48,1,True
96644,0.48,1,False
12823,0.48,1,True
82581,0.48,1,False
82583,0.48,1,False
82608,0.48,1,False
12842,0.48,1,False
54683,0.48,1,False
54552,0.48,1,False
54542,0.48,1,True
54156,0.48,1,False
12858,0.48,1,False
53999,0.48,1,True
53991,0.48,1,False
82661,0.48,1,False
82675,0.48,1,False
82560,0.48,1,False
54889,0.48,1,False
54912,0.48,1,False
82466,0.48,1,True
55876,0.48,1,False
82381,0.48,1,True
82389,0.48,1,False
82418,0.48,1,False
12644,0.48,1,False
55772,0.48,1,False
55758,0.48,1,False
55542,0.48,1,False
82526,0.48,1,False
12679,0.48,1,False
55287,0.48,1,False
82489,0.48,1,False
55206,0.48,1,True
12714,0.48,1,False
54968,0.48,1,False
54954,0.48,1,False
53978,0.48,1,False
53973,0.48,1,True
53964,0.48,1,False
13406,0.48,1,True
96307,0.48,1,False
82916,0.48,1,False
82925,0.48,1,True
53637,0.48,1,True
82933,0.48,1,False
13387,0.48,1,False
13402,0.48,1,False
13412,0.48,1,False
96336,0.48,1,True
82940,0.48,1,True
53622,0.48,1,False
13558,0.48,1,False
82949,0.48,1,True
53568,0.48,1,True
13577,0.48,1,False
82961,0.48,1,True
53645,0.48,1,False
82874,0.48,1,True
53923,0.48,1,False
82751,0.48,1,False
53904,0.48,1,False
12935,0.48,1,False
82720,0.48,1,True
96501,0.48,1,False
82739,0.48,1,False
53841,0.48,1,False
82743,0.48,1,True
12983,0.48,1,False
53680,0.48,1,False
12998,0.48,1,True
13063,0.48,1,True
13088,0.48,1,False
53787,0.48,1,False
13219,0.48,1,False
53730,0.48,1,False
53718,0.48,1,False
15239,0.48,1,True
49635,0.48,1,True
95772,0.48,1,False
17675,0.48,1,False
18197,0.48,1,True
44805,0.48,1,False
18353,0.48,1,True
85694,0.48,1,False
44676,0.48,1,True
44621,0.48,1,False
44566,0.48,1,False
44302,0.48,1,False
44258,0.48,1,True
44088,0.48,1,False
85804,0.48,1,False
43953,0.48,1,False
43951,0.48,1,False
43941,0.48,1,False
43939,0.48,1,False
94907,0.48,1,False
94903,0.48,1,False
85649,0.48,1,False
44840,0.48,1,False
94952,0.48,1,True
45435,0.48,1,False
17687,0.48,1,False
45712,0.48,1,False
17733,0.48,1,False
45522,0.48,1,False
17793,0.48,1,False
17848,0.48,1,False
45485,0.48,1,True
44957,0.48,1,False
44897,0.48,1,False
17965,0.48,1,False
85491,0.48,1,False
85496,0.48,1,False
85515,0.48,1,False
44923,0.48,1,False
94958,0.48,1,False
85556,0.48,1,True
43930,0.48,1,False
43915,0.48,1,False
18903,0.48,1,True
43354,0.48,1,False
19910,0.48,1,True
19925,0.48,1,True
85953,0.48,1,False
19958,0.48,1,True
19984,0.48,1,False
43416,0.48,1,False
43389,0.48,1,False
19991,0.48,1,True
94836,0.48,1,False
43279,0.48,1,False
43274,0.48,1,False
42993,0.48,1,True
42974,0.48,1,False
94767,0.48,1,False
42960,0.48,1,False
94761,0.48,1,False
85938,0.48,1,False
19841,0.48,1,False
18934,0.48,1,False
43746,0.48,1,False
18938,0.48,1,False
43888,0.48,1,True
43816,0.48,1,False
85896,0.48,1,False
19293,0.48,1,True
43801,0.48,1,False
85904,0.48,1,False
43706,0.48,1,False
19824,0.48,1,True
19629,0.48,1,True
43670,0.48,1,False
85926,0.48,1,False
43656,0.48,1,False
43633,0.48,1,False
43592,0.48,1,True
43574,0.48,1,True
45839,0.48,1,False
45853,0.48,1,False
49543,0.48,1,True
45920,0.48,1,False
15884,0.48,1,False
47999,0.48,1,True
47965,0.48,1,False
47946,0.48,1,False
15906,0.48,1,False
47942,0.48,1,False
15931,0.48,1,False
47854,0.48,1,False
15935,0.48,1,False
47801,0.48,1,False
84812,0.48,1,False
15953,0.48,1,False
47612,0.48,1,False
47577,0.48,1,False
84837,0.48,1,False
84841,0.48,1,False
15993,0.48,1,False
48327,0.48,1,True
15862,0.48,1,False
48640,0.48,1,True
95735,0.48,1,False
15609,0.48,1,False
15698,0.48,1,False
15716,0.48,1,False
48978,0.48,1,True
48961,0.48,1,False
15749,0.48,1,False
48863,0.48,1,True
95734,0.48,1,False
95669,0.48,1,False
15763,0.48,1,True
48843,0.48,1,False
48827,0.48,1,True
15784,0.48,1,True
48824,0.48,1,False
84662,0.48,1,True
48744,0.48,1,True
15994,0.48,1,True
47528,0.48,1,True
47467,0.48,1,False
46495,0.48,1,True
84947,0.48,1,False
84951,0.48,1,False
84957,0.48,1,False
84959,0.48,1,False
16971,0.48,1,False
17030,0.48,1,True
46595,0.48,1,False
46137,0.48,1,False
16860,0.48,1,False
45984,0.48,1,True
17352,0.48,1,False
45957,0.48,1,False
45956,0.48,1,False
45955,0.48,1,False
45943,0.48,1,False
45929,0.48,1,False
84944,0.48,1,False
46722,0.48,1,False
47438,0.48,1,False
16709,0.48,1,False
47327,0.48,1,True
16418,0.48,1,True
47175,0.48,1,True
16530,0.48,1,False
46962,0.48,1,False
84893,0.48,1,False
16673,0.48,1,False
84904,0.48,1,False
16823,0.48,1,True
16754,0.48,1,False
46876,0.48,1,False
46829,0.48,1,False
84929,0.48,1,False
46778,0.48,1,False
46727,0.48,1,True
95258,0.48,1,True
37644,0.48,1,True
